-- MySQL dump 10.13  Distrib 5.5.46, for debian-linux-gnu (i686)
--
-- Host: localhost    Database: floriationtest
-- ------------------------------------------------------
-- Server version	5.5.46-0ubuntu0.14.04.2-log

/*!40101 SET @OLD_CHARACTER_SET_CLIENT=@@CHARACTER_SET_CLIENT */;
/*!40101 SET @OLD_CHARACTER_SET_RESULTS=@@CHARACTER_SET_RESULTS */;
/*!40101 SET @OLD_COLLATION_CONNECTION=@@COLLATION_CONNECTION */;
/*!40101 SET NAMES utf8 */;
/*!40103 SET @OLD_TIME_ZONE=@@TIME_ZONE */;
/*!40103 SET TIME_ZONE='+00:00' */;
/*!40014 SET @OLD_UNIQUE_CHECKS=@@UNIQUE_CHECKS, UNIQUE_CHECKS=0 */;
/*!40014 SET @OLD_FOREIGN_KEY_CHECKS=@@FOREIGN_KEY_CHECKS, FOREIGN_KEY_CHECKS=0 */;
/*!40101 SET @OLD_SQL_MODE=@@SQL_MODE, SQL_MODE='NO_AUTO_VALUE_ON_ZERO' */;
/*!40111 SET @OLD_SQL_NOTES=@@SQL_NOTES, SQL_NOTES=0 */;

--
-- Table structure for table `address`
--

DROP TABLE IF EXISTS `address`;
/*!40101 SET @saved_cs_client     = @@character_set_client */;
/*!40101 SET character_set_client = utf8 */;
CREATE TABLE `address` (
  `id` int(11) unsigned NOT NULL AUTO_INCREMENT,
  `user_id` int(11) unsigned NOT NULL,
  `name` varchar(20) NOT NULL,
  `province_id` int(11) unsigned DEFAULT '0',
  `city_id` int(11) unsigned DEFAULT '0',
  `area_id` int(11) unsigned DEFAULT '0',
  `address` varchar(100) NOT NULL,
  `mobile_phone` varchar(11) NOT NULL,
  `phone` varchar(12) NOT NULL,
  `post_code` varchar(6) DEFAULT NULL,
  `create_time` datetime DEFAULT NULL,
  `default_address` bit(1) DEFAULT b'0',
  `deleted` bit(1) DEFAULT b'0',
  `nickname` varchar(20) DEFAULT NULL,
  PRIMARY KEY (`id`),
  KEY `fk_au_user_id_idx` (`user_id`),
  KEY `fk_ap_province_id_idx` (`province_id`),
  KEY `fk_ac_city_id_idx` (`city_id`),
  KEY `fk_aa_area_id_idx` (`area_id`),
  CONSTRAINT `fk_au_user_id` FOREIGN KEY (`user_id`) REFERENCES `user` (`id`) ON DELETE CASCADE ON UPDATE NO ACTION
) ENGINE=InnoDB AUTO_INCREMENT=74 DEFAULT CHARSET=utf8;
/*!40101 SET character_set_client = @saved_cs_client */;

--
-- Dumping data for table `address`
--

LOCK TABLES `address` WRITE;
/*!40000 ALTER TABLE `address` DISABLE KEYS */;
INSERT INTO `address` VALUES (52,38,'jake',3,7,0,'非无关无关无关','18616810989','','','2016-01-18 19:10:36','','\0',NULL),(53,40,'reacher',2,4,7,'klaslfksdf','15609201835','','','2016-01-20 19:16:08','\0','\0',NULL),(54,39,'harbor',3,7,0,'岁的风口浪尖卢卡斯的法兰克i','18792914455','','718000','2016-02-01 17:17:50','\0','\0',NULL),(55,35,'李浩',3,7,0,'2222','18209185800','18209185800','714000','2016-02-19 10:00:11','\0','',NULL),(56,35,'Kiro2',2,5,10,'ttww223','18209185800','18209185800','714000','2016-02-19 10:00:48','\0','',NULL),(57,38,'各位顾问',2,4,7,'俄国无关无关无关','18616810989','','','2016-02-19 14:29:17','\0','\0',NULL),(58,38,'111',3,7,0,'2222222222','18616810989','','','2016-02-19 14:29:58','\0','\0',NULL),(59,46,'大爷你好',2,4,8,'1231','18616810989','','789099','2016-02-23 11:50:53','\0','\0',NULL),(60,47,'reacher1',2,4,7,'啊是的的说法','15609208135','','','2016-02-25 17:08:39','\0','\0',NULL),(61,47,'reacher1',2,5,9,'阿斯顿飞','15609208135','','','2016-02-25 17:09:04','\0','\0',NULL),(62,50,'雒婷华',2,4,8,'西电科大社区32号楼','18700186031','','','2016-02-29 18:43:45','\0','\0',NULL),(63,50,'111',2,4,8,'1111','18700186031','','','2016-02-29 18:52:21','\0','',NULL),(64,50,'111',2,4,7,'1111','18700186031','','','2016-02-29 18:53:20','\0','\0',NULL),(65,35,'kiroli',2,4,7,'213123','18209185800','18209185800','714000','2016-03-01 10:31:05','\0','\0',NULL),(66,50,'111',2,4,7,'1111111','18700186031','','','2016-03-01 18:22:21','','\0',NULL),(67,37,'111',2,4,8,'11111','18700186031','','','2016-03-02 10:12:36','','',NULL),(68,37,'111',2,4,8,'11111','18700186031','','','2016-03-02 10:13:33','\0','',NULL),(69,37,'111',2,4,8,'11111','18700186031','','','2016-03-02 10:14:06','\0','',NULL),(70,37,'111',2,4,8,'11111','18700186031','','','2016-03-02 10:15:59','\0','\0',NULL),(71,37,'111',2,4,8,'11111','18700186031','','','2016-03-02 10:27:24','\0','\0',NULL),(72,37,'111',2,4,8,'11111','18700186032','','','2016-03-02 10:29:10','\0','',NULL),(73,50,'1111111111111',4,0,0,'00000000000','18700186031','','721400','2016-03-07 11:45:02','\0','\0',NULL);
/*!40000 ALTER TABLE `address` ENABLE KEYS */;
UNLOCK TABLES;

--
-- Table structure for table `append_comment`
--

DROP TABLE IF EXISTS `append_comment`;
/*!40101 SET @saved_cs_client     = @@character_set_client */;
/*!40101 SET character_set_client = utf8 */;
CREATE TABLE `append_comment` (
  `id` int(11) unsigned NOT NULL AUTO_INCREMENT,
  `comment_id` int(11) unsigned NOT NULL,
  `content` text COMMENT '文字内容',
  `imges_ids` varchar(100) DEFAULT NULL COMMENT '图片内容',
  `create_time` datetime DEFAULT NULL,
  `reply` text,
  `deleted` bit(1) DEFAULT b'0',
  `user_id` int(11) unsigned DEFAULT '0',
  `ignored` bit(1) DEFAULT b'0',
  PRIMARY KEY (`id`),
  KEY `fk_ac_comment_id_idx` (`comment_id`),
  CONSTRAINT `fk_ac_comment_id` FOREIGN KEY (`comment_id`) REFERENCES `comment` (`id`)
) ENGINE=InnoDB AUTO_INCREMENT=10 DEFAULT CHARSET=utf8;
/*!40101 SET character_set_client = @saved_cs_client */;

--
-- Dumping data for table `append_comment`
--

LOCK TABLES `append_comment` WRITE;
/*!40000 ALTER TABLE `append_comment` DISABLE KEYS */;
INSERT INTO `append_comment` VALUES (1,1,'前前任前任前任',NULL,'2016-02-02 09:39:22',NULL,'\0',38,'\0'),(2,1,'231214124',NULL,'2016-02-02 09:39:32',NULL,'\0',38,'\0'),(3,2,'风格奇怪！＃@¥％¥％＃@！',NULL,'2016-02-02 09:39:38',NULL,'',38,'\0'),(4,13,'好吧达瓦啊啊',NULL,'2016-02-23 11:45:40',NULL,'\0',46,'\0'),(5,12,'123451',NULL,'2016-02-23 11:46:43',NULL,'',46,'\0'),(8,16,'66666666',NULL,'2016-03-07 15:55:50',NULL,'',50,'\0'),(9,16,'666666666666',NULL,'2016-03-07 15:57:00',NULL,'\0',50,'\0');
/*!40000 ALTER TABLE `append_comment` ENABLE KEYS */;
UNLOCK TABLES;

--
-- Table structure for table `area`
--

DROP TABLE IF EXISTS `area`;
/*!40101 SET @saved_cs_client     = @@character_set_client */;
/*!40101 SET character_set_client = utf8 */;
CREATE TABLE `area` (
  `id` int(11) unsigned NOT NULL AUTO_INCREMENT,
  `name` varchar(20) NOT NULL,
  `city_id` int(11) unsigned NOT NULL,
  `deleted` bit(1) DEFAULT b'0',
  PRIMARY KEY (`id`),
  KEY `city_id` (`city_id`),
  CONSTRAINT `city_ibfk_1` FOREIGN KEY (`city_id`) REFERENCES `city` (`id`)
) ENGINE=InnoDB AUTO_INCREMENT=12 DEFAULT CHARSET=utf8;
/*!40101 SET character_set_client = @saved_cs_client */;

--
-- Dumping data for table `area`
--

LOCK TABLES `area` WRITE;
/*!40000 ALTER TABLE `area` DISABLE KEYS */;
INSERT INTO `area` VALUES (7,'新城区',4,'\0'),(8,'碑林区',4,'\0'),(9,'临渭',5,'\0'),(10,'华县',5,'\0'),(11,'华县41241',6,'');
/*!40000 ALTER TABLE `area` ENABLE KEYS */;
UNLOCK TABLES;

--
-- Table structure for table `art_flower`
--

DROP TABLE IF EXISTS `art_flower`;
/*!40101 SET @saved_cs_client     = @@character_set_client */;
/*!40101 SET character_set_client = utf8 */;
CREATE TABLE `art_flower` (
  `id` int(11) unsigned NOT NULL AUTO_INCREMENT,
  `user_id` int(11) unsigned NOT NULL COMMENT '用户ID',
  `name` varchar(255) NOT NULL,
  `intro` text NOT NULL COMMENT '创作灵感',
  `price` decimal(10,2) DEFAULT '0.00' COMMENT '大于0收费',
  `steps` text NOT NULL COMMENT '制作步骤 json [{img:12,content:"内容,内容,内容,"},{img:110,content:"内内容容内内容容,内内容容内内容容"}]',
  `image_ids` varchar(50) NOT NULL COMMENT '效果图如 1,2,3',
  `is_public` bit(1) NOT NULL COMMENT '是否公开',
  `statistics` text COMMENT '点赞ids,分数.{ids:"1,2",counts:2}',
  `shop_ids` text COMMENT '采用当前作品的商家{ids:"1,2,3"}',
  `scan_count` int(11) DEFAULT '0' COMMENT '浏览次数',
  `address` varchar(45) DEFAULT NULL COMMENT '用于搜索如 陕西西安高新 ',
  `senior` bit(1) DEFAULT b'0' COMMENT '是否进入公共图库',
  `create_time` datetime DEFAULT NULL,
  `update_time` datetime DEFAULT NULL,
  `art_type` tinyint(4) unsigned NOT NULL COMMENT '如: 玫瑰,百合',
  `deleted` bit(1) DEFAULT b'0',
  `florist_id` int(11) unsigned NOT NULL COMMENT '花艺师ID',
  PRIMARY KEY (`id`)
) ENGINE=InnoDB AUTO_INCREMENT=13 DEFAULT CHARSET=utf8 COMMENT='花艺设计';
/*!40101 SET character_set_client = @saved_cs_client */;

--
-- Dumping data for table `art_flower`
--

LOCK TABLES `art_flower` WRITE;
/*!40000 ALTER TABLE `art_flower` DISABLE KEYS */;
INSERT INTO `art_flower` VALUES (1,39,'artFlower1','天上飘着一朵白云，底下站着个人',0.00,'[{\"img\":\"475\",\"content\":\"接啊哈啊哈哈·，第一步\"},{\"img\":\"476\",\"content\":\"哈哈哈哈，笑一笑，十年少\"}]','474','\0','{ids:\"\",counts:0}',NULL,17,NULL,'\0','2016-01-22 18:36:23','2016-01-22 18:36:23',1,'',0),(2,39,'第二个','还有谁》？？？？',0.00,'[{\"img\":\"478\",\"content\":\"啊啊啊啊啊啊啊啊\"}]','477','\0','{\"ids\":\"39\",\"counts\":1}',NULL,27,NULL,'\0','2016-01-22 18:37:13','2016-02-02 09:52:22',1,'',0),(3,39,'333333','撒旦发射撒旦法',0.00,'[{\"img\":\"480\",\"content\":\"阿萨德发送三翻四复的\"},{\"img\":\"481\",\"content\":\"范德萨as范德萨啊啊啊啊啊啊啊\"}]','479','\0','{ids:\"\",counts:0}',NULL,17,NULL,'\0','2016-01-22 18:37:48','2016-02-01 19:13:54',1,'',0),(4,42,'123213321',' 123132123213132',11.00,'[{\"img\":\"495\",\"content\":\"123213213213213213213231\"}]','494','','{\"ids\":\"39,50,38\",\"counts\":9}',NULL,20,NULL,'\0','2016-02-01 18:24:01','2016-03-01 09:37:46',2,'\0',3),(5,38,'我是测试拘束111','  帅到不要不要！！！',9.00,'[{\"img\":\"499\",\"content\":\"发过去我国曲棍球\"},{\"img\":\"500\",\"content\":\"服务器分起飞\"},{\"img\":\"524\",\"content\":\"夫妻感情过去过去\"}]','498,521','','{\"ids\":\"38\",\"counts\":3}',NULL,25,NULL,'\0','2016-02-02 09:37:18','2016-02-19 14:54:54',0,'\0',5),(6,39,'asdffsa','   124123123123312',1.00,'[{\"img\":\"502\",\"content\":\"123333333333333333333333333\"}]','501','','{\"ids\":\"38\",\"counts\":3}',NULL,42,NULL,'\0','2016-02-02 09:55:05','2016-03-07 15:47:39',0,'\0',4),(7,39,'weqrreqwre',' 123312123',1.00,'[{\"img\":\"504\",\"content\":\"123312213\"}]','503','','{\"ids\":\"\",\"counts\":0}',NULL,29,NULL,'\0','2016-02-02 09:55:51','2016-02-03 16:09:38',3,'',4),(8,43,'114\'sart',' fsdaafsdsadfsdafdfasdfassa',0.00,'[{\"img\":\"513\",\"content\":\"sadfafdsdfsafdassdaf\"}]','512','','{\"ids\":\"50,38\",\"counts\":6}',NULL,12,NULL,'\0','2016-02-16 10:47:58','2016-03-01 09:37:42',2,'\0',6),(9,38,'我是康奈一',' 胡歌是我的最爱，那么你呢？？',0.00,'[{\"img\":\"528\",\"content\":\" 胡歌是我的最爱，那么你呢？？ 胡歌是我的最爱，那么你呢？？ 胡歌是我的最爱，那么你呢？？ 胡歌是我的最爱，那么你呢？？ 胡歌是我的最爱，那么你呢？？ 胡歌是我的最爱，那么你呢？？ 胡歌是我的最爱，那么你呢？？ 胡歌是我的最爱，那么你呢？？ 胡歌是我的最爱，那么你呢？？ 胡歌是我的最爱，那么你呢？？ 胡歌是我的最爱，那么你呢？？ 胡歌是我的最爱，那么你呢？？ 胡歌是我的最爱，那么你呢？？ 胡歌是我的最爱，那么你呢？？ 胡歌是我的最爱，那么你呢？？ 胡歌是我的最爱，那么你呢？？ 胡歌是我的最爱，那么你呢？？ 胡歌是我的最爱，那么你呢？？ 胡歌是我的最爱，那么你呢？？ 胡歌是我的最爱，那么你呢？？ 胡歌是我的最爱，那么你呢？？ 胡歌是我的最爱，那么你呢？？ 胡歌是我的最爱，那么你呢？？ 胡歌是我的最爱，那么你呢？？ 胡歌是我的最爱，那么你呢？？ 胡歌是我的最爱，那么你呢？？ 胡歌是我的最爱，那么你呢？？ 胡歌是我的最爱，那么你呢？？ 胡歌是我的最爱，那么你呢？？ 胡歌是我的最爱，那么你呢？？ 胡歌是我的最爱，那么你呢？？ 胡歌是我的最爱，那么你呢？？ 胡歌是我的最爱，那么你呢？？ 胡歌是我的最爱，那么你呢？？ 胡歌是我的最爱，那么你呢？？ 胡歌是我的最爱，那么你呢？？ 胡歌是我的最爱，那么你呢？？ 胡歌是我的最爱，那么你呢？？ 胡歌是我的最爱，那么你呢？？ 胡歌是我的最爱，那么你呢？？ 胡歌是我的最爱，那么你呢？？ 胡歌是我的最爱，那么你呢？？ 胡歌是我的最爱，那么你呢？？ 胡歌是我的最爱，那么你呢？？ 胡歌是我的最爱，那么你呢？？ 胡歌是我的最爱，那么你呢？？ 胡歌是我的最爱，那么你呢？？ 胡歌是我的最爱，那么你呢？？ 胡歌是我的最爱，那么你呢？？ 胡歌是我的最爱，那么你呢？？ 胡歌是我的最爱，那么你呢？？ 胡歌是我的最爱，那么你呢？？ 胡歌是我的最爱，那么你呢？？ 胡歌是我的最爱，那么你呢？？ 胡歌是我的最爱，那么你呢？？ 胡歌是我的最爱，那么你呢？？ 胡歌是我的最爱，那么你呢？？ 胡歌是我的最爱，那么你呢？？ 胡歌是我的最爱，那么你呢？？ 胡歌是我的最爱，那么你呢？？ 胡歌是我的最爱，那么你呢？？ 胡歌是我的最爱，那么你呢？？ 胡歌是我的最爱，那么你呢？？ 胡歌是我的最爱，那么你呢？？ 胡歌是我的最爱，那么你呢？？ 胡歌是我的最爱，那么你呢？？ 胡歌是我的最爱，那么你呢？？ 胡歌是我的最爱，那么你呢？？ 胡歌是我的最爱，那么你呢？？ 胡歌是我的最爱，那么你呢？？ 胡歌是我的最爱，那么你呢？？ 胡歌是我的最爱，那么你呢？？ 胡歌是我的最爱，那么你呢？？ 胡歌是我的最爱，那么你呢？？ 胡歌是我的最爱，那么你呢？？ 胡歌是我的最爱，那么你呢？？ 胡歌是我的最爱，那么你呢？？ 胡歌是我的最爱，那么你呢？？ 胡歌是我的最爱，那么你呢？？ 胡歌是我的最爱，那么你呢？？ 胡歌是我的最爱，那么你呢？？ 胡歌是我的最爱，那么你呢？？ 胡歌是我的最爱，那么你呢？？ 胡歌是我的最爱，那么你呢？？\"}]','527','','{\"ids\":\"50\",\"counts\":3}',NULL,3,NULL,'\0','2016-02-19 15:17:48','2016-03-01 09:37:40',3,'\0',5),(10,46,'爱你到永远玫瑰','  就是帅，你说呢？？？ 就是帅，你说呢？？？ 就是帅，你说呢？？？ 就是帅，你说呢？？？ 就是帅，你说呢？？？ 就是帅，你说呢？？？ 就是帅，你说呢？？？ 就是帅，你说呢？？？ 就是帅，你说呢？？？ 就是帅，你说呢？？？ 就是帅，你说呢？？？ 就是帅，你说呢？？？ 就是帅，你说呢？？？ 就是帅，你说呢？？？ 就是帅，你说呢？？？ 就是帅，你说呢？？？ 就是帅，你说呢？？？ 就是帅，你说呢？？？ 就是帅，你说呢？？？ 就是帅，你说呢？？？\n！@#￥%……&*（*&……%￥#@',3.00,'[{\"img\":\"537\",\"content\":\"拿出帅照，拿出画布，开始了。拿出帅照，拿出画布，开始了。拿出帅照，拿出画布，开始了。拿出帅照，拿出画布，开始了。拿出帅照，拿出画布，开始了。\"}]','535,536','','{\"ids\":\"46,39,50,38\",\"counts\":12}',NULL,12,NULL,'\0','2016-02-23 11:44:17','2016-03-07 15:48:32',0,'\0',7),(11,50,'1111','     111111111',5.00,'[{\"img\":\"619\",\"content\":\"111111111111111\"}]','616','','{ids:\"\",counts:0}',NULL,6,NULL,'\0','2016-03-02 10:57:26','2016-03-07 14:52:39',2,'\0',9),(12,50,'1111111',' 111111111111111',0.00,'[{\"img\":\"621\",\"content\":\"11111111\"},{\"img\":\"622\",\"content\":\"2222222222\"}]','620','','{\"ids\":\"50\",\"counts\":3}',NULL,14,NULL,'\0','2016-03-02 11:09:20','2016-03-07 15:53:52',1,'\0',9);
/*!40000 ALTER TABLE `art_flower` ENABLE KEYS */;
UNLOCK TABLES;

--
-- Table structure for table `article`
--

DROP TABLE IF EXISTS `article`;
/*!40101 SET @saved_cs_client     = @@character_set_client */;
/*!40101 SET character_set_client = utf8 */;
CREATE TABLE `article` (
  `id` int(11) unsigned NOT NULL AUTO_INCREMENT COMMENT '表的主键ID',
  `title` varchar(255) DEFAULT NULL COMMENT '文章名称',
  `content` text COMMENT '文章内容',
  `type` text COMMENT '文章类型',
  `user_id` int(11) unsigned NOT NULL COMMENT '用户ID，设置为外键',
  `create_time` datetime NOT NULL COMMENT '创建时间',
  `update_time` datetime DEFAULT NULL,
  `deleted` bit(1) DEFAULT b'0',
  PRIMARY KEY (`id`),
  KEY `user_id` (`user_id`),
  CONSTRAINT `article_ibfk_1` FOREIGN KEY (`user_id`) REFERENCES `user` (`id`)
) ENGINE=InnoDB AUTO_INCREMENT=7 DEFAULT CHARSET=utf8;
/*!40101 SET character_set_client = @saved_cs_client */;

--
-- Dumping data for table `article`
--

LOCK TABLES `article` WRITE;
/*!40000 ALTER TABLE `article` DISABLE KEYS */;
INSERT INTO `article` VALUES (1,'测试公告数据','<p><img src=\"http://121.41.22.252:8080/file/download?view.id=611\" _src=\"http://121.41.22.252:8080/file/download?view.id=611\"/>测试公告数据111111</p>','0',37,'2016-02-22 14:59:00','2016-03-01 19:13:00','\0'),(2,'B2B的春天正在到来','<p style=\"margin-top: 0px; margin-bottom: 0px; padding: 0px; color: rgb(51, 51, 51); font-family: Arial, 微软雅黑; line-height: 36px; white-space: normal; widows: 1;\">1月12日，由阿里巴巴B2B事业群主办的全球B2B生态峰会在杭州云栖小镇拉开序幕。阿里巴巴集团CEO张勇在峰会上表示，在互联网和商业全面融合、供给侧全面升级的大背景下，B2B的春天正在到来。</p><p style=\"margin-top: 0px; margin-bottom: 0px; padding: 0px; color: rgb(51, 51, 51); font-family: Arial, 微软雅黑; line-height: 36px; white-space: normal; widows: 1;\">&nbsp; &nbsp; &nbsp;阿里巴巴B2B事业群作为行业领军，在B类电商发展领域做出大量具有前瞻性的探索和尝试：包括通过大数据打造全球中小企业信用体系；整合供应链、物流、金融、软件等众多领域。</p><p style=\"margin-top: 0px; margin-bottom: 0px; padding: 0px; color: rgb(51, 51, 51); font-family: Arial, 微软雅黑; line-height: 36px; white-space: normal; widows: 1;\">&nbsp; &nbsp; &nbsp;张勇称，最近几年，阿里巴巴B2B业务发生了一些本质的变化。这反映了整个中国互联网在全面拥抱传统商业中，思考不断变化的过程。在这个过程中，阿里巴巴不断赋能合作伙伴，为其提供独特的客户价值。阿里巴巴利用16年来沉淀的数据，通过整合供应链、物流、金融、软件应用等众多服务商，共同打造“互联网+”的新生态圈，重新建构产业规则。</p><p style=\"margin-top: 0px; margin-bottom: 0px; padding: 0px; color: rgb(51, 51, 51); font-family: Arial, 微软雅黑; line-height: 36px; white-space: normal; widows: 1;\">&nbsp; &nbsp; &nbsp;“对阿里巴巴来讲，无论是B2B外贸还是内贸，生态都非常重要。阿里巴巴的使命是，让天下没有难做的生意。”张勇如是说。</p><p style=\"margin-top: 0px; margin-bottom: 0px; padding: 0px; color: rgb(51, 51, 51); font-family: Arial, 微软雅黑; line-height: 36px; white-space: normal; widows: 1;\">&nbsp; &nbsp; &nbsp;在“互联网+”时代，面对中国制造业资金缺乏、利润微薄、品质偏低等“短板”问题，B2B迎来了爆发式的发展契机。在张勇看来，目前零售行业虽然面临着很多经济的压力，面临着整个消费的压力，但随着整个互联网拥抱供给侧全面的发展，“其实B2B的春天正在到来”。</p><p style=\"margin-top: 0px; margin-bottom: 0px; padding: 0px; color: rgb(51, 51, 51); font-family: Arial, 微软雅黑; line-height: 36px; white-space: normal; widows: 1;\">&nbsp; &nbsp; &nbsp;张勇表示，“非常认同国家最近提的供给侧改革。今天整个经济的发展，今天互联网对商业的影响，正在大步的走向用互联网更好的带来销售，用互联网去覆盖更多的人群，更多的商业机会，用互联网去管理更多的机会，走向整个生产供应链全面的改造，整个供给侧全面的升级，这是我们可以看到整个互联网对商业的影响，应该说是全面的融合。”</p><p style=\"margin-top: 0px; margin-bottom: 0px; padding: 0px; color: rgb(51, 51, 51); font-family: Arial, 微软雅黑; line-height: 36px; white-space: normal; widows: 1;\">&nbsp; &nbsp; &nbsp;阿里巴巴集团资深副总裁、B2B事业群总裁吴敏芝，香港交易及结算所有限公司（香港交易所）首席中国经济学家巴曙松，UBM全球首席执行官Tim Cobbold，贝恩咨询全球合伙人韩微文，蓝湖资本管理合伙人胡博予等众多业内高管及专家出席了峰会，探讨B2B行业的趋势和机遇。</p><p style=\"margin-top: 0px; margin-bottom: 0px; padding: 0px; color: rgb(51, 51, 51); font-family: Arial, 微软雅黑; line-height: 36px; white-space: normal; widows: 1;\">&nbsp; &nbsp; &nbsp;全球B2B生态峰会今天起开幕，持续至1月14日，主题为“融合、共生、演变”。近千位B2B生态圈中各个领域的领军人物将与全球中小企业探讨分享B类电商领域的新商机、新技术和新观点。</p><p align=\"center\" style=\"margin-top: 0px; margin-bottom: 0px; padding: 0px; color: rgb(51, 51, 51); font-family: Arial, 微软雅黑; line-height: 36px; white-space: normal; widows: 1;\">——完——</p><p style=\"margin-top: 0px; margin-bottom: 0px; padding: 0px; color: rgb(51, 51, 51); font-family: Arial, 微软雅黑; line-height: 36px; white-space: normal; widows: 1;\">&nbsp;</p><p style=\"margin-top: 0px; margin-bottom: 0px; padding: 0px; color: rgb(51, 51, 51); font-family: Arial, 微软雅黑; line-height: 36px; white-space: normal; widows: 1;\">&nbsp;</p><p style=\"margin-top: 0px; margin-bottom: 0px; padding: 0px; color: rgb(51, 51, 51); font-family: Arial, 微软雅黑; line-height: 36px; white-space: normal; widows: 1;\"><strong>关于阿里巴巴集团</strong></p><p style=\"margin-top: 0px; margin-bottom: 0px; padding: 0px; color: rgb(51, 51, 51); font-family: Arial, 微软雅黑; line-height: 36px; white-space: normal; widows: 1;\">阿里巴巴集团的使命是“让天下没有难做的生意”。集团创立于1999年，以商品交易额（GMV）计算，目前是全球最大的网上及移动商务公司。阿里巴巴集团为企业提供根本的互联网基础设施以及营销平台，让其可借助互联网的力量，建立网上业务并与数以亿计的消费者和其他企业进行商贸活动。</p><p style=\"margin-top: 0px; margin-bottom: 0px; padding: 0px; color: rgb(51, 51, 51); font-family: Arial, 微软雅黑; line-height: 36px; white-space: normal; widows: 1;\">&nbsp;</p><p style=\"margin-top: 0px; margin-bottom: 0px; padding: 0px; color: rgb(51, 51, 51); font-family: Arial, 微软雅黑; line-height: 36px; white-space: normal; widows: 1;\">阿里巴巴集团的主要业务包括：</p><p align=\"left\" style=\"margin-top: 0px; margin-bottom: 0px; padding: 0px; color: rgb(51, 51, 51); font-family: Arial, 微软雅黑; line-height: 36px; white-space: normal; widows: 1;\">·&nbsp;&nbsp;&nbsp;&nbsp; 中国最大的网上购物平台淘宝网（<a href=\"http://www.taobao.com/\" target=\"_blank\" style=\"color: rgb(51, 51, 51);\">www.taobao.com</a>）</p><p align=\"left\" style=\"margin-top: 0px; margin-bottom: 0px; padding: 0px; color: rgb(51, 51, 51); font-family: Arial, 微软雅黑; line-height: 36px; white-space: normal; widows: 1;\">·&nbsp;&nbsp;&nbsp;&nbsp; 中国最大的为品牌及零售商而设的第三方平台天猫（<a href=\"http://www.tmall.com/\" target=\"_blank\" style=\"color: rgb(51, 51, 51);\">www.tmall.com</a>）</p><p align=\"left\" style=\"margin-top: 0px; margin-bottom: 0px; padding: 0px; color: rgb(51, 51, 51); font-family: Arial, 微软雅黑; line-height: 36px; white-space: normal; widows: 1;\">·&nbsp;&nbsp;&nbsp;&nbsp; 中国最受欢迎的团购网站聚划算（<a href=\"http://www.juhuasuan.com/\" target=\"_blank\" style=\"color: rgb(51, 51, 51);\">www.juhuasuan.com</a>）</p><p align=\"left\" style=\"margin-top: 0px; margin-bottom: 0px; padding: 0px; color: rgb(51, 51, 51); font-family: Arial, 微软雅黑; line-height: 36px; white-space: normal; widows: 1;\">·&nbsp;&nbsp;&nbsp;&nbsp; 领先的网上旅游服务预订平台去啊（<a href=\"http://www.alitrip.com/\" target=\"_blank\" style=\"color: rgb(51, 51, 51);\">www.alitrip.com</a>）</p><p align=\"left\" style=\"margin-top: 0px; margin-bottom: 0px; padding: 0px; color: rgb(51, 51, 51); font-family: Arial, 微软雅黑; line-height: 36px; white-space: normal; widows: 1;\">·&nbsp;&nbsp;&nbsp;&nbsp; 让全球消费者直接购买中国产品的网上零售市场全球速卖通（<a href=\"http://www.aliexpress.com/\" target=\"_blank\" style=\"color: rgb(51, 51, 51);\">www.aliexpress.com</a>）</p><p align=\"left\" style=\"margin-top: 0px; margin-bottom: 0px; padding: 0px; color: rgb(51, 51, 51); font-family: Arial, 微软雅黑; line-height: 36px; white-space: normal; widows: 1;\">·&nbsp;&nbsp;&nbsp;&nbsp; 中国最大的小企业全球网上批发平台阿里巴巴国际交易市场（<a href=\"http://www.alibaba.com/\" target=\"_blank\" style=\"color: rgb(51, 51, 51);\">www.alibaba.com</a>）</p><p align=\"left\" style=\"margin-top: 0px; margin-bottom: 0px; padding: 0px; color: rgb(51, 51, 51); font-family: Arial, 微软雅黑; line-height: 36px; white-space: normal; widows: 1;\">·&nbsp;&nbsp;&nbsp;&nbsp; 中国领先的网上批发市场1688（<a href=\"https://www.1688.com/\" target=\"_blank\" style=\"color: rgb(51, 51, 51);\">www.1688.com</a>）</p><p style=\"margin-top: 0px; margin-bottom: 0px; padding: 0px; color: rgb(51, 51, 51); font-family: Arial, 微软雅黑; line-height: 36px; white-space: normal; widows: 1;\">·&nbsp;&nbsp;&nbsp;&nbsp; 中国最大的云计算服务平台阿里云（<a href=\"http://www.aliyun.com/\" target=\"_blank\" style=\"color: rgb(51, 51, 51);\">www.aliyun.com</a>）</p><p style=\"margin-top: 0px; margin-bottom: 0px; padding: 0px; color: rgb(51, 51, 51); font-family: Arial, 微软雅黑; line-height: 36px; white-space: normal; widows: 1;\">&nbsp;</p><p style=\"margin-top: 0px; margin-bottom: 0px; padding: 0px; color: rgb(51, 51, 51); font-family: Arial, 微软雅黑; line-height: 36px; white-space: normal; widows: 1;\"><img src=\"https://cbu01.alicdn.com/img/ibank/2016/278/074/2723470872_1247313150.jpg?__r__=1452568009468\" alt=\"undefined\" width=\"580\" height=\"386\" style=\"border-style: none; max-width: 670px; display: block; margin-left: auto; margin-right: auto;\"/></p><p><br/></p>','4',37,'2016-02-24 10:44:08',NULL,'\0'),(3,'年终阿里数据你总结了吗？','<p style=\"margin-top: 0px; margin-bottom: 0px; padding: 0px; color: rgb(51, 51, 51); font-family: Arial, 微软雅黑; line-height: 36px; white-space: normal; widows: 1;\"><strong>我们大家辛辛苦苦运营管理阿里旺铺一年又一年，我们不停的播种也换取了不少的收获。我们欣喜、我们高兴、我们期盼年终奖的收获、我们渴望来年的更好佳绩。话说回来，我们都对自己一年一年的阿里数据进行了统计嘛？我是第一年做阿里，记得刚刚开始的时候就对生意参谋的每天数据都统计清楚，后来就是每天研究生意参谋，记录每日的展现、浏览、访客数，以及成交比例。最初只是想看看一路走来每个月阿里店铺的变化情况，后来觉得记录这样的数据不仅是看出店铺数据好坏的东西更是看出自己每个月做了什么怎么做得到了什么的一个最好的数据体现。如今，年底之际，我们也都不是特别忙，我想大家都该抽出一点点时间，给自己来年一个好的规划，给自己今年一个好好的告别。不管结果是好是坏，你至少自己你是否真的为之努力过。</strong></p><p style=\"margin-top: 0px; margin-bottom: 0px; padding: 0px; color: rgb(51, 51, 51); font-family: Arial, 微软雅黑; line-height: 36px; white-space: normal; widows: 1;\"><strong><img src=\"https://cbu01.alicdn.com/img/ibank/2016/290/129/2746921092_815380157.jpg?__r__=1453856485083\" alt=\"undefined\" style=\"border-style: none; max-width: 670px; line-height: 23.8px;\"/></strong></p><p style=\"margin-top: 0px; margin-bottom: 0px; padding: 0px; color: rgb(51, 51, 51); font-family: Arial, 微软雅黑; line-height: 36px; white-space: normal; widows: 1;\"><strong><img src=\"https://cbu01.alicdn.com/img/ibank/2016/683/609/2746906386_815380157.jpg?__r__=1453856485083\" alt=\"undefined\" style=\"border-style: none; max-width: 670px; line-height: 23.8px;\"/><img src=\"https://cbu01.alicdn.com/img/ibank/2016/892/219/2746912298_815380157.jpg?__r__=1453856485083\" alt=\"undefined\" style=\"border-style: none; max-width: 670px;\"/></strong></p><p style=\"margin-top: 0px; margin-bottom: 0px; padding: 0px; color: rgb(51, 51, 51); font-family: Arial, 微软雅黑; line-height: 36px; white-space: normal; widows: 1;\"><strong><img src=\"https://cbu01.alicdn.com/img/ibank/2016/013/548/2748845310_815380157.jpg?__r__=1453856485083\" alt=\"undefined\" style=\"border-style: none; max-width: 670px;\"/></strong><br/><strong><img src=\"https://cbu01.alicdn.com/img/ibank/2016/505/476/2749674505_815380157.jpg?__r__=1453856485083\" alt=\"undefined\" style=\"border-style: none; max-width: 670px;\"/></strong><br/><br/><strong><img src=\"https://cbu01.alicdn.com/img/ibank/2016/874/309/2746903478_815380157.jpg?__r__=1453856485083\" alt=\"undefined\" style=\"border-style: none; max-width: 670px;\"/></strong><br/><br/></p><p style=\"margin-top: 0px; margin-bottom: 0px; padding: 0px; color: rgb(51, 51, 51); font-family: Arial, 微软雅黑; line-height: 36px; white-space: normal; widows: 1;\"><strong>&nbsp; &nbsp; 大家可以根据这样的一个思路，再从公司行业性的情况进行数据表的填充，之前虽然说我也是做了表格的，但是我认为这样的图形制表更容易让自己看清楚自己行业的情况以及公司客户来源和客户分配以及成交的情况，希望大家不要偷懒可以为自己的2015做一个成绩单出来。希望大家生意棒棒！！</strong></p><p style=\"margin-top: 0px; margin-bottom: 0px; padding: 0px; color: rgb(51, 51, 51); font-family: Arial, 微软雅黑; line-height: 36px; white-space: normal; widows: 1;\">&nbsp;</p><p style=\"margin-top: 0px; margin-bottom: 0px; padding: 0px; color: rgb(51, 51, 51); font-family: Arial, 微软雅黑; white-space: normal; widows: 1; line-height: 23.8px;\"><strong>通过大家的评论，看到很多人说不会做，又问我哪里导出来的。我这里有一个帖子就是教你们怎么做的，很简单的，只要自己平时用点心：</strong></p><div><strong><br/></strong></div><p><br/></p>','2',37,'2016-02-24 10:45:04',NULL,'\0'),(4,'阿里巴巴运营多个店铺好还是专注一个店铺好','<div class=\"thread-body\" style=\"line-height: 36px; padding-top: 11px; word-wrap: break-word; word-break: break-all;\"><p style=\"margin-top: 0px; margin-bottom: 0px; padding: 0px;\">我们作为传统中小企业，对于电子商务也是这两年才开始重视起来，通过这两年的努力，慢慢也见到了成效，感受到了在线交易的好处：没有欠款，<span style=\"line-height: 23.8px;\">操作简单，</span><span style=\"line-height: 1.7;\">便于跟踪，节省了人力物力，轻轻松松在家都能做生意！所以作为老板，也开始对这个交易模式产生了浓厚的兴趣，打算再招聘几个业务员来推广网络销售！但是问题来了，目前我们只有一个营业执照，所以只开通了一个阿里巴巴旺铺.如果真的再找几个业务员的，势必造成僧多粥少的情况！这个怎么办才好，老板想到了他朋友的公司，招了很多业务员，而且每人人手一个诚信通！于是让我也问问阿里巴巴的工作人员看。我按照他的吩咐去咨询了，但是根据阿里小二的讲述，根据目前阿里巴巴的排名规则和认证体系来说，一个营业执照只能开通一个旺铺，就算可以开通多个的话，也没有太多用处，反而会影响整体的排名效果！这下我犯难了。因为在我们老板的心目中，他朋友公司确实有很多旺铺，也就一个营业执照，他们都弄的不错，为什么到我们这就不行了！我给他分析了一下情况，因为之前阿里巴巴有搞过一个多店铺的活动，一个营业执照可以开设多个诚信通店铺！而目前这个已经取消，而且排名规则去年也开始改变了！除非用多个营业执照去办理诚信通才不会有大的冲突！老板似懂非懂，但是一直没有断了这个念想！</span></p><p style=\"margin-top: 0px; margin-bottom: 0px; padding: 0px;\">&nbsp;</p><p style=\"margin-top: 0px; margin-bottom: 0px; padding: 0px;\"><span style=\"line-height: 1.7;\">&nbsp; &nbsp; &nbsp; &nbsp;前两天又和我提起这个事情，问我该怎么操作。因为今年线下生意不太好，网上生意增长比较快！他是有意向网络这块发展的！所以让我再想想办法！我也不知道如何是好。</span></p><p style=\"margin-top: 0px; margin-bottom: 0px; padding: 0px;\">&nbsp;</p><p style=\"margin-top: 0px; margin-bottom: 0px; padding: 0px;\"><span style=\"line-height: 1.7;\">&nbsp; &nbsp; &nbsp; 如果不开通其他诚信通，就目前一个店铺来说，虽然可以多个人操作，只要设置子账号便可，但是问题就是肯定会造成分配不均。像淘宝客服这种倒没事，反正是死工资，但是作为业务员来说，分配不均势必造成业务员之间的隔阂！业务员都是靠提成吃饭的，谁会愿意自己少分配点资源呢对吧！排除这个情况的，那只有去再办理一个诚信通，那么又要去办理营业执照，势必造成资源的浪费！而且后续涉及开发票这些情况，又是麻烦事情一大堆了。不办理执照的话势必没办法实地认证，那样开设了效果估计也是甚微的。如果开设了多家店铺，那么公司有限的资源分配下来，每个店铺得到的就会变少，这样，推广肯定受限，感觉得不偿失。现在真的是两难了！</span></p><p style=\"margin-top: 0px; margin-bottom: 0px; padding: 0px;\">&nbsp;</p><p style=\"margin-top: 0px; margin-bottom: 0px; padding: 0px;\"><span style=\"line-height: 1.7;\">&nbsp; &nbsp; &nbsp; 公司有意向电子商务进军，想要拓展网络销售这一块，但是目前遇到的问题还真的是不少，小杨我是没了主意，大家帮帮忙，给点意见吧！</span></p><p style=\"margin-top: 0px; margin-bottom: 0px; padding: 0px;\"><span style=\"line-height: 1.7;\">&nbsp; &nbsp; &nbsp;<img src=\"https://cbu01.alicdn.com/img/ibank/2016/293/548/2748845392_1233877545.jpg?__r__=1453856544129\" alt=\"undefined\" width=\"430\" height=\"325\" style=\"border-style: none; max-width: 670px; display: block; margin-left: auto; margin-right: auto;\"/><br/><br/></span></p></div><div class=\"thread-footer\" style=\"margin-top: 100px; font-size: 14px;\"><span class=\"fd-left\" style=\"float: left; color: rgb(51, 51, 51); font-family: Arial, 微软雅黑; line-height: 21px; white-space: normal; widows: 1;\">文章标签：</span><div class=\"thread-tags fd-left\" style=\"float: left; width: 300px; color: rgb(51, 51, 51); font-family: Arial, 微软雅黑; line-height: 21px; white-space: normal; widows: 1;\"></div><div class=\"share\" style=\"float: right; position: relative; color: rgb(51, 51, 51); font-family: Arial, 微软雅黑; line-height: 21px; white-space: normal; widows: 1;\"><div class=\"bdsharebuttonbox fd-left\" data-tag=\"share_1\" style=\"float: left;\"></div></div></div><p><br/></p>','5',37,'2016-02-24 10:46:34',NULL,'\0'),(5,'1111','<p>11111111111</p>','6',37,'2016-03-01 19:08:06',NULL,''),(6,'1111111111','<p><img src=\"http://121.41.22.252:8080/file/download?view.id=612\" _src=\"http://121.41.22.252:8080/file/download?view.id=612\"/></p>','6',37,'2016-03-01 19:15:21',NULL,'\0');
/*!40000 ALTER TABLE `article` ENABLE KEYS */;
UNLOCK TABLES;

--
-- Table structure for table `auditing`
--

DROP TABLE IF EXISTS `auditing`;
/*!40101 SET @saved_cs_client     = @@character_set_client */;
/*!40101 SET character_set_client = utf8 */;
CREATE TABLE `auditing` (
  `id` int(11) unsigned NOT NULL AUTO_INCREMENT,
  `target_id` int(11) unsigned NOT NULL,
  `target_type` tinyint(2) NOT NULL,
  `status` tinyint(4) DEFAULT '1',
  `message` varchar(200) DEFAULT NULL,
  `create_time` datetime DEFAULT NULL,
  `process_time` datetime DEFAULT NULL,
  `deleted` tinyint(4) NOT NULL DEFAULT '0',
  PRIMARY KEY (`id`),
  UNIQUE KEY `target_id_type_UNIQUE` (`target_id`,`target_type`)
) ENGINE=InnoDB AUTO_INCREMENT=136 DEFAULT CHARSET=utf8;
/*!40101 SET character_set_client = @saved_cs_client */;

--
-- Dumping data for table `auditing`
--

LOCK TABLES `auditing` WRITE;
/*!40000 ALTER TABLE `auditing` DISABLE KEYS */;
INSERT INTO `auditing` VALUES (98,50,0,2,NULL,'2016-01-19 10:47:09','2016-01-19 11:08:21',0),(99,51,0,2,NULL,'2016-01-19 10:58:40','2016-01-19 11:08:58',0),(100,52,0,2,NULL,'2016-01-19 11:01:12','2016-01-19 11:08:28',0),(101,53,0,2,NULL,'2016-01-20 09:31:11','2016-01-20 09:46:21',0),(102,54,0,2,NULL,'2016-01-20 09:42:03','2016-01-20 09:46:25',0),(103,55,0,2,NULL,'2016-01-20 09:45:46','2016-01-20 09:46:52',0),(104,66,1,2,NULL,'2016-01-22 11:46:56','2016-02-26 09:37:56',0),(105,67,1,2,NULL,'2016-01-22 11:54:57','2016-02-25 17:46:53',0),(106,56,0,2,NULL,'2016-01-22 15:36:16','2016-01-22 15:44:39',0),(107,57,0,2,NULL,'2016-01-22 16:13:13','2016-02-25 17:46:35',0),(108,68,1,2,NULL,'2016-01-22 17:03:18','2016-02-26 18:11:59',0),(109,69,1,2,NULL,'2016-01-22 17:03:54','2016-02-26 16:35:14',0),(110,58,0,2,NULL,'2016-01-22 18:01:53','2016-02-26 18:30:07',0),(111,70,1,2,NULL,'2016-02-26 16:36:08','2016-02-26 16:37:21',0),(112,59,0,2,NULL,'2016-02-26 17:38:03','2016-02-26 17:38:15',0),(113,71,1,2,NULL,'2016-02-26 18:10:04','2016-02-26 18:12:09',0),(114,72,1,2,NULL,'2016-02-26 18:24:33','2016-02-26 18:24:40',0),(115,73,1,2,NULL,'2016-02-26 18:31:50','2016-02-26 18:32:15',0),(116,74,1,2,NULL,'2016-02-26 19:43:13','2016-02-26 19:43:50',0),(117,60,0,2,NULL,'2016-03-01 17:55:01','2016-03-01 19:24:24',0),(118,61,0,2,NULL,'2016-03-01 18:28:46','2016-03-01 19:18:06',0),(119,62,0,2,NULL,'2016-03-01 18:29:28','2016-03-01 18:54:43',0),(120,63,0,2,NULL,'2016-03-02 17:50:42','2016-03-02 17:51:36',0),(121,64,0,3,'111111','2016-03-02 17:57:59','2016-03-02 18:08:09',1),(122,65,0,3,'图片数量太多','2016-03-02 18:15:55','2016-03-02 18:16:37',1),(123,66,0,2,NULL,'2016-03-04 11:43:42','2016-03-04 11:44:10',0),(124,67,0,2,NULL,'2016-03-04 12:05:20','2016-03-04 12:05:40',0),(125,68,0,2,NULL,'2016-03-04 13:32:28','2016-03-04 14:40:33',0),(126,69,0,2,NULL,'2016-03-04 13:33:06','2016-03-04 14:35:58',0),(127,70,0,2,NULL,'2016-03-04 13:34:04','2016-03-04 13:37:50',0),(128,71,0,2,NULL,'2016-03-04 13:36:52','2016-03-04 13:37:27',0),(129,72,0,2,NULL,'2016-03-04 13:39:11','2016-03-04 14:41:05',0),(130,73,0,2,NULL,'2016-03-04 13:40:39','2016-03-04 14:39:37',0),(131,74,0,2,NULL,'2016-03-04 14:52:10','2016-03-04 14:57:00',0),(132,75,0,2,NULL,'2016-03-04 14:52:52','2016-03-04 14:56:51',0),(133,76,0,2,NULL,'2016-03-04 14:53:45','2016-03-04 14:56:39',0),(134,77,0,2,NULL,'2016-03-04 14:54:14','2016-03-04 14:56:22',0),(135,75,1,1,NULL,'2016-03-07 14:25:36',NULL,0);
/*!40000 ALTER TABLE `auditing` ENABLE KEYS */;
UNLOCK TABLES;

--
-- Table structure for table `banner`
--

DROP TABLE IF EXISTS `banner`;
/*!40101 SET @saved_cs_client     = @@character_set_client */;
/*!40101 SET character_set_client = utf8 */;
CREATE TABLE `banner` (
  `id` int(11) unsigned NOT NULL AUTO_INCREMENT,
  `name` varchar(50) DEFAULT NULL,
  `url` varchar(200) DEFAULT NULL,
  `image_id` int(11) DEFAULT NULL,
  `server_type` bit(2) DEFAULT NULL,
  `deleted` bit(1) DEFAULT b'0',
  PRIMARY KEY (`id`)
) ENGINE=InnoDB AUTO_INCREMENT=15 DEFAULT CHARSET=utf8;
/*!40101 SET character_set_client = @saved_cs_client */;

--
-- Dumping data for table `banner`
--

LOCK TABLES `banner` WRITE;
/*!40000 ALTER TABLE `banner` DISABLE KEYS */;
INSERT INTO `banner` VALUES (11,'爱她就要保护她','http://www.baidu.com',429,'','\0'),(12,'遇见','http://jiupinhua.com',431,'','\0'),(13,'我测试数据','http://www.1688.com',541,'','\0'),(14,'爱情玫瑰','http://www.1688.com',542,'','\0');
/*!40000 ALTER TABLE `banner` ENABLE KEYS */;
UNLOCK TABLES;

--
-- Table structure for table `basket_provider`
--

DROP TABLE IF EXISTS `basket_provider`;
/*!40101 SET @saved_cs_client     = @@character_set_client */;
/*!40101 SET character_set_client = utf8 */;
CREATE TABLE `basket_provider` (
  `id` int(11) unsigned NOT NULL AUTO_INCREMENT,
  `user_id` int(11) unsigned NOT NULL,
  `provider_goods_id` int(11) unsigned NOT NULL,
  `info` text,
  `create_time` datetime DEFAULT NULL,
  `deleted` bit(1) DEFAULT b'0',
  PRIMARY KEY (`id`),
  KEY `b_provider_goods_id_idx` (`provider_goods_id`),
  CONSTRAINT `b_provider_goods_id` FOREIGN KEY (`provider_goods_id`) REFERENCES `provider_goods` (`id`)
) ENGINE=InnoDB DEFAULT CHARSET=utf8;
/*!40101 SET character_set_client = @saved_cs_client */;

--
-- Dumping data for table `basket_provider`
--

LOCK TABLES `basket_provider` WRITE;
/*!40000 ALTER TABLE `basket_provider` DISABLE KEYS */;
/*!40000 ALTER TABLE `basket_provider` ENABLE KEYS */;
UNLOCK TABLES;

--
-- Table structure for table `basket_shop`
--

DROP TABLE IF EXISTS `basket_shop`;
/*!40101 SET @saved_cs_client     = @@character_set_client */;
/*!40101 SET character_set_client = utf8 */;
CREATE TABLE `basket_shop` (
  `id` int(11) unsigned NOT NULL AUTO_INCREMENT,
  `user_id` int(11) unsigned NOT NULL,
  `goods_id` int(11) unsigned DEFAULT NULL,
  `goods_amount` int(11) unsigned DEFAULT NULL,
  `create_time` datetime DEFAULT NULL,
  `deleted` bit(1) DEFAULT b'0',
  `basket_type` bit(1) DEFAULT NULL,
  `infor` text,
  PRIMARY KEY (`id`),
  KEY `b_goods_id_idx` (`goods_id`),
  CONSTRAINT `b_goods_id` FOREIGN KEY (`goods_id`) REFERENCES `goods` (`id`)
) ENGINE=InnoDB AUTO_INCREMENT=93 DEFAULT CHARSET=utf8;
/*!40101 SET character_set_client = @saved_cs_client */;

--
-- Dumping data for table `basket_shop`
--

LOCK TABLES `basket_shop` WRITE;
/*!40000 ALTER TABLE `basket_shop` DISABLE KEYS */;
INSERT INTO `basket_shop` VALUES (68,38,51,1,'2016-01-19 11:14:32','',NULL,NULL),(69,38,50,1,'2016-01-20 19:12:35','',NULL,NULL),(70,38,52,1,'2016-01-22 16:23:22','',NULL,NULL),(71,38,56,6,'2016-02-03 15:22:15','\0',NULL,NULL),(72,38,51,1,'2016-02-03 15:22:37','\0',NULL,NULL),(73,38,50,1,'2016-02-03 15:28:45','',NULL,NULL),(74,38,52,1,'2016-02-03 15:29:00','\0',NULL,NULL),(75,35,53,1,'2016-02-21 10:42:09','\0',NULL,NULL),(76,35,55,1,'2016-02-21 10:42:51','\0',NULL,NULL),(77,40,50,1,'2016-02-25 16:36:30','\0',NULL,NULL),(78,50,56,1,'2016-02-29 18:51:03','',NULL,NULL),(79,35,50,2,'2016-03-01 09:44:40','\0',NULL,NULL),(80,35,56,1,'2016-03-01 09:44:46','\0',NULL,NULL),(81,50,56,1,'2016-03-02 16:35:41','',NULL,NULL),(82,50,62,1,'2016-03-02 16:59:02','',NULL,NULL),(83,50,60,2,'2016-03-02 17:00:14','\0',NULL,NULL),(84,50,50,1,'2016-03-02 17:16:51','',NULL,NULL),(85,50,55,1,'2016-03-02 17:45:23','',NULL,NULL),(86,50,63,2,'2016-03-04 11:21:45','',NULL,NULL),(87,37,63,2,'2016-03-04 11:25:52','\0',NULL,NULL),(88,50,66,2,'2016-03-04 11:44:40','\0',NULL,NULL),(89,37,66,1,'2016-03-04 11:45:20','\0',NULL,NULL),(90,50,71,1,'2016-03-04 14:00:43','\0',NULL,NULL),(91,50,50,3,'2016-03-07 16:58:09','',NULL,NULL),(92,50,50,11,'2016-03-07 17:03:32','\0',NULL,NULL);
/*!40000 ALTER TABLE `basket_shop` ENABLE KEYS */;
UNLOCK TABLES;

--
-- Table structure for table `bid`
--

DROP TABLE IF EXISTS `bid`;
/*!40101 SET @saved_cs_client     = @@character_set_client */;
/*!40101 SET character_set_client = utf8 */;
CREATE TABLE `bid` (
  `id` int(11) unsigned NOT NULL AUTO_INCREMENT,
  `provider_id` int(11) unsigned NOT NULL,
  `purchase_id` int(11) unsigned NOT NULL,
  `quote` varchar(500) NOT NULL COMMENT '报价',
  `freight` bit(1) NOT NULL COMMENT '运费',
  `payment_method` varchar(11) NOT NULL COMMENT '付款方式',
  `offer_validity` date NOT NULL COMMENT '报价有效期',
  `stocking_period` int(4) NOT NULL COMMENT '生产/备货周期',
  `images_ids` varchar(100) DEFAULT NULL,
  `description` text NOT NULL,
  `deleted` tinyint(4) NOT NULL DEFAULT '0',
  `create_time` datetime DEFAULT NULL,
  PRIMARY KEY (`id`),
  KEY `fk_bid_pro_id` (`provider_id`),
  KEY `fk_bid_pur_id` (`purchase_id`),
  CONSTRAINT `fk_bid_pro_id` FOREIGN KEY (`provider_id`) REFERENCES `provider` (`id`),
  CONSTRAINT `fk_bid_pur_id` FOREIGN KEY (`purchase_id`) REFERENCES `purchase` (`id`)
) ENGINE=InnoDB AUTO_INCREMENT=5 DEFAULT CHARSET=utf8;
/*!40101 SET character_set_client = @saved_cs_client */;

--
-- Dumping data for table `bid`
--

LOCK TABLES `bid` WRITE;
/*!40000 ALTER TABLE `bid` DISABLE KEYS */;
INSERT INTO `bid` VALUES (1,7,2,'{\"total\":11,\"goods\":[{\"purchaseGoodsId\":\"3\",\"count\":\"01\",\"subtotal\":11},{\"purchaseGoodsId\":\"2\",\"count\":\"0\",\"subtotal\":0}]}','\0','全部付款','2016-01-22',11,'470','gsg222',0,'2016-01-22 18:25:05'),(2,7,2,'{\"total\":11,\"goods\":[{\"purchaseGoodsId\":\"3\",\"count\":\"01\",\"subtotal\":11},{\"purchaseGoodsId\":\"2\",\"count\":\"0\",\"subtotal\":0}]}','\0','gerg','2016-01-22',111,'471','gsewgwg',0,'2016-01-22 18:26:09'),(3,11,6,'{\"total\":100,\"goods\":[{\"purchaseGoodsId\":\"7\",\"count\":\"10\",\"subtotal\":100}]}','\0','全部付款','2016-03-04',1,'698','111111',0,'2016-03-04 14:54:16'),(4,11,7,'{\"total\":500,\"goods\":[{\"purchaseGoodsId\":\"8\",\"count\":\"50\",\"subtotal\":500}]}','','全部付款','2016-03-07',10,'721,723,724,725','111111',0,'2016-03-07 16:15:56');
/*!40000 ALTER TABLE `bid` ENABLE KEYS */;
UNLOCK TABLES;

--
-- Table structure for table `category_config`
--

DROP TABLE IF EXISTS `category_config`;
/*!40101 SET @saved_cs_client     = @@character_set_client */;
/*!40101 SET character_set_client = utf8 */;
CREATE TABLE `category_config` (
  `id` int(11) unsigned NOT NULL AUTO_INCREMENT,
  `data` text,
  `deleted` bit(1) DEFAULT b'0',
  PRIMARY KEY (`id`)
) ENGINE=InnoDB AUTO_INCREMENT=84 DEFAULT CHARSET=utf8;
/*!40101 SET character_set_client = @saved_cs_client */;

--
-- Dumping data for table `category_config`
--

LOCK TABLES `category_config` WRITE;
/*!40000 ALTER TABLE `category_config` DISABLE KEYS */;
INSERT INTO `category_config` VALUES (1,'[{\"id\":101},{\"id\":109},{\"id\":113},{\"id\":114}]','\0'),(2,'[{\"id\":22},{\"id\":25}]','\0'),(68,'[{\"id\":98},{\"id\":99},{\"id\":100},{\"id\":108}]','\0'),(69,'[{\"id\":102},{\"id\":103},{\"id\":104},{\"id\":105},{\"id\":107}]','\0'),(70,NULL,'\0'),(71,'[{\"id\":23}]','\0'),(72,NULL,'\0'),(81,'[{\"id\":24}]','\0'),(82,'[{\"id\":116},{\"id\":117},{\"id\":118},{\"id\":119},{\"id\":120}]','\0'),(83,'[{\"id\":26,\"children\":[{\"id\":27}]},{\"id\":30}]','\0');
/*!40000 ALTER TABLE `category_config` ENABLE KEYS */;
UNLOCK TABLES;

--
-- Table structure for table `category_config_provider`
--

DROP TABLE IF EXISTS `category_config_provider`;
/*!40101 SET @saved_cs_client     = @@character_set_client */;
/*!40101 SET character_set_client = utf8 */;
CREATE TABLE `category_config_provider` (
  `id` int(11) unsigned NOT NULL AUTO_INCREMENT,
  `category_config_id` int(11) unsigned NOT NULL,
  `provider_id` int(11) DEFAULT NULL,
  PRIMARY KEY (`id`)
) ENGINE=InnoDB AUTO_INCREMENT=14 DEFAULT CHARSET=utf8;
/*!40101 SET character_set_client = @saved_cs_client */;

--
-- Dumping data for table `category_config_provider`
--

LOCK TABLES `category_config_provider` WRITE;
/*!40000 ALTER TABLE `category_config_provider` DISABLE KEYS */;
INSERT INTO `category_config_provider` VALUES (1,2,0),(2,71,8),(3,72,10),(12,81,7),(13,83,11);
/*!40000 ALTER TABLE `category_config_provider` ENABLE KEYS */;
UNLOCK TABLES;

--
-- Table structure for table `category_config_shop`
--

DROP TABLE IF EXISTS `category_config_shop`;
/*!40101 SET @saved_cs_client     = @@character_set_client */;
/*!40101 SET character_set_client = utf8 */;
CREATE TABLE `category_config_shop` (
  `id` int(11) unsigned NOT NULL AUTO_INCREMENT,
  `category_config_id` int(11) unsigned NOT NULL,
  `shop_id` int(11) unsigned NOT NULL,
  PRIMARY KEY (`id`)
) ENGINE=InnoDB AUTO_INCREMENT=20 DEFAULT CHARSET=utf8;
/*!40101 SET character_set_client = @saved_cs_client */;

--
-- Dumping data for table `category_config_shop`
--

LOCK TABLES `category_config_shop` WRITE;
/*!40000 ALTER TABLE `category_config_shop` DISABLE KEYS */;
INSERT INTO `category_config_shop` VALUES (1,1,0),(16,68,43),(17,69,44),(18,70,45),(19,82,46);
/*!40000 ALTER TABLE `category_config_shop` ENABLE KEYS */;
UNLOCK TABLES;

--
-- Table structure for table `city`
--

DROP TABLE IF EXISTS `city`;
/*!40101 SET @saved_cs_client     = @@character_set_client */;
/*!40101 SET character_set_client = utf8 */;
CREATE TABLE `city` (
  `id` int(11) unsigned NOT NULL AUTO_INCREMENT,
  `name` varchar(20) NOT NULL,
  `province_id` int(11) unsigned NOT NULL,
  `deleted` bit(1) DEFAULT b'0',
  PRIMARY KEY (`id`),
  KEY `province_id` (`province_id`),
  CONSTRAINT `province_ibfk_1` FOREIGN KEY (`province_id`) REFERENCES `province` (`id`)
) ENGINE=InnoDB AUTO_INCREMENT=10 DEFAULT CHARSET=utf8;
/*!40101 SET character_set_client = @saved_cs_client */;

--
-- Dumping data for table `city`
--

LOCK TABLES `city` WRITE;
/*!40000 ALTER TABLE `city` DISABLE KEYS */;
INSERT INTO `city` VALUES (4,'西安市',2,'\0'),(5,'渭南市',2,'\0'),(6,'咸阳市',2,'\0'),(7,'成都市',3,'\0'),(8,'西安 市',2,''),(9,'汉中市',2,'\0');
/*!40000 ALTER TABLE `city` ENABLE KEYS */;
UNLOCK TABLES;

--
-- Table structure for table `comment`
--

DROP TABLE IF EXISTS `comment`;
/*!40101 SET @saved_cs_client     = @@character_set_client */;
/*!40101 SET character_set_client = utf8 */;
CREATE TABLE `comment` (
  `id` int(11) unsigned NOT NULL AUTO_INCREMENT,
  `user_id` int(11) unsigned NOT NULL,
  `order_id` int(11) unsigned NOT NULL,
  `target_id` int(11) unsigned NOT NULL,
  `content` text COMMENT '文字内容',
  `imges_ids` varchar(100) DEFAULT NULL COMMENT '图片内容',
  `create_time` datetime DEFAULT NULL,
  `grade` int(11) NOT NULL DEFAULT '0',
  `reply` text,
  `hide_name` bit(1) DEFAULT b'0',
  `deleted` bit(1) DEFAULT b'0',
  `target_type` int(3) unsigned NOT NULL DEFAULT '0',
  `ignored` bit(1) DEFAULT b'0',
  PRIMARY KEY (`id`),
  KEY `fk_c_order_id_idx` (`order_id`),
  KEY `fk_c_goods_id_idx` (`target_id`)
) ENGINE=InnoDB AUTO_INCREMENT=17 DEFAULT CHARSET=utf8;
/*!40101 SET character_set_client = @saved_cs_client */;

--
-- Dumping data for table `comment`
--

LOCK TABLES `comment` WRITE;
/*!40000 ALTER TABLE `comment` DISABLE KEYS */;
INSERT INTO `comment` VALUES (1,38,0,5,'氢气球氢气球',NULL,'2016-02-02 09:39:08',0,NULL,'\0','\0',2,'\0'),(2,38,0,5,'确认前前前任',NULL,'2016-02-02 09:39:14',0,NULL,'\0','\0',2,'\0'),(3,39,0,7,'hahha',NULL,'2016-02-03 16:08:59',0,NULL,'\0','\0',2,'\0'),(4,39,0,7,'sdsdffsd',NULL,'2016-02-03 16:09:14',0,NULL,'\0','\0',2,'\0'),(5,38,0,4,'hkjhkjjjhkj',NULL,'2016-02-16 09:27:24',0,NULL,'\0','\0',2,'\0'),(6,38,0,4,'kjhkhkhkfghkjjkhkjhkj',NULL,'2016-02-16 09:27:35',0,NULL,'\0','\0',2,'\0'),(7,43,0,8,'asfdasfdfsaafsdasdf',NULL,'2016-02-16 10:56:36',0,NULL,'\0','\0',2,'\0'),(8,43,0,8,'sdggsdfgsg',NULL,'2016-02-16 10:57:40',0,NULL,'\0','\0',2,'\0'),(9,43,0,8,'sdsfsfdsfdsdf',NULL,'2016-02-16 11:18:23',0,NULL,'\0','\0',2,'\0'),(10,43,0,8,'sadasdasdsadsdads',NULL,'2016-02-16 11:18:34',0,NULL,'\0','\0',2,'\0'),(11,38,0,5,'kkkkkkkkkkkkkkkkkkkkkkkkkkkkk',NULL,'2016-02-17 15:19:48',0,NULL,'\0','\0',2,'\0'),(12,46,0,10,'我是来测试的',NULL,'2016-02-23 11:45:03',0,NULL,'\0','\0',2,'\0'),(13,46,0,10,'看我！@￥！@￥！@￥！￥！%',NULL,'2016-02-23 11:45:19',0,NULL,'\0','\0',2,'\0'),(14,40,73,51,'阿萨德的说法阿斯顿发生阿斯蒂芬阿斯蒂芬阿斯蒂芬给发发生地方','578','2016-02-26 17:45:15',0,NULL,'\0','\0',0,'\0'),(15,50,0,4,'11111111111111',NULL,'2016-03-01 09:39:23',0,NULL,'\0','\0',2,'\0'),(16,50,0,12,'好看的鲜花11111',NULL,'2016-03-07 15:55:19',0,NULL,'\0','\0',2,'\0');
/*!40000 ALTER TABLE `comment` ENABLE KEYS */;
UNLOCK TABLES;

--
-- Table structure for table `document_file`
--

DROP TABLE IF EXISTS `document_file`;
/*!40101 SET @saved_cs_client     = @@character_set_client */;
/*!40101 SET character_set_client = utf8 */;
CREATE TABLE `document_file` (
  `id` int(11) unsigned NOT NULL AUTO_INCREMENT,
  `name` varchar(100) NOT NULL,
  `checksum` varchar(32) NOT NULL,
  `mime_type` varchar(100) NOT NULL,
  `size` int(10) unsigned DEFAULT NULL,
  `datestamp` datetime NOT NULL,
  `deleted` bit(1) DEFAULT b'0',
  PRIMARY KEY (`id`)
) ENGINE=InnoDB AUTO_INCREMENT=726 DEFAULT CHARSET=utf8;
/*!40101 SET character_set_client = @saved_cs_client */;

--
-- Dumping data for table `document_file`
--

LOCK TABLES `document_file` WRITE;
/*!40000 ALTER TABLE `document_file` DISABLE KEYS */;
INSERT INTO `document_file` VALUES (341,'matthew.png','046e91f77483a277a434bac9ae4885e2','image/png',223499,'2016-01-18 18:13:10',''),(342,'kebo.jpg','94caa073f1b02ff957345ca1f2d7e76c','image/jpeg',127279,'2016-01-18 19:07:31','\0'),(343,'kebo.jpg','94caa073f1b02ff957345ca1f2d7e76c','image/jpeg',127279,'2016-01-18 19:07:34','\0'),(344,'kebo.jpg','94caa073f1b02ff957345ca1f2d7e76c','image/jpeg',127279,'2016-01-18 19:07:39','\0'),(345,'kebo.jpg','94caa073f1b02ff957345ca1f2d7e76c','image/jpeg',127279,'2016-01-18 19:07:45','\0'),(346,'kebo.jpg','94caa073f1b02ff957345ca1f2d7e76c','image/jpeg',127279,'2016-01-18 19:08:01','\0'),(347,'kebo.jpg','94caa073f1b02ff957345ca1f2d7e76c','image/jpeg',127279,'2016-01-18 19:08:06','\0'),(348,'kebo.jpg','94caa073f1b02ff957345ca1f2d7e76c','image/jpeg',127279,'2016-01-18 19:08:12','\0'),(349,'kebo.jpg','94caa073f1b02ff957345ca1f2d7e76c','image/jpeg',127279,'2016-01-18 19:08:17','\0'),(350,'kebo.jpg','94caa073f1b02ff957345ca1f2d7e76c','image/jpeg',127279,'2016-01-18 19:08:35',''),(351,'1.jpg','8449771ddc53b20834637f5c3ae8c0e4','image/jpeg',388436,'2016-01-19 09:48:03',''),(352,'1.png','c98cc725391fb0f4cb7ba5aa311608c2','image/png',75197,'2016-01-19 09:54:48','\0'),(353,'1.png','c98cc725391fb0f4cb7ba5aa311608c2','image/png',75197,'2016-01-19 09:55:38',''),(354,'1.png','c98cc725391fb0f4cb7ba5aa311608c2','image/png',75197,'2016-01-19 10:08:25','\0'),(355,'1.png','c98cc725391fb0f4cb7ba5aa311608c2','image/png',75197,'2016-01-19 10:43:43',''),(356,'3.png','6f6d175e9f58b52e5ecaf5608decfc51','image/png',62795,'2016-01-19 10:43:59',''),(357,'3.png','6f6d175e9f58b52e5ecaf5608decfc51','image/png',62795,'2016-01-19 10:44:21',''),(358,'1.png','c98cc725391fb0f4cb7ba5aa311608c2','image/png',75197,'2016-01-19 10:45:55','\0'),(359,'1.png','c98cc725391fb0f4cb7ba5aa311608c2','image/png',75197,'2016-01-19 10:47:07',''),(360,'3.png','6f6d175e9f58b52e5ecaf5608decfc51','image/png',62795,'2016-01-19 10:57:50',''),(361,'blob.png','fab24ddc0f240222bfe072db68886583','image/png',405423,'2016-01-19 10:57:57','\0'),(362,'blob.png','fab24ddc0f240222bfe072db68886583','image/png',405423,'2016-01-19 10:57:58','\0'),(363,'blob.png','fab24ddc0f240222bfe072db68886583','image/png',405423,'2016-01-19 10:58:03','\0'),(364,'blob.png','fab24ddc0f240222bfe072db68886583','image/png',405423,'2016-01-19 10:58:03','\0'),(365,'blob.png','fab24ddc0f240222bfe072db68886583','image/png',405423,'2016-01-19 10:58:03','\0'),(366,'公共.jpg','26c9c7708283d54b6263a1b6b449a8e3','image/jpeg',414273,'2016-01-19 10:59:16',''),(367,'1.png','c98cc725391fb0f4cb7ba5aa311608c2','image/png',75197,'2016-01-19 11:00:22',''),(368,'kebo.jpg','94caa073f1b02ff957345ca1f2d7e76c','image/jpeg',127279,'2016-01-19 11:01:06','\0'),(369,'kebo.jpg','94caa073f1b02ff957345ca1f2d7e76c','image/jpeg',127279,'2016-01-19 11:03:04','\0'),(370,'kebo.jpg','94caa073f1b02ff957345ca1f2d7e76c','image/jpeg',127279,'2016-01-19 11:04:29',''),(371,'zxing-temp.png','ee229b87cd3e93574a2f54fa515524f7','image/png',1524,'2016-01-19 11:21:19','\0'),(372,'kristy.png','3ac267b2778ccaaf0425ef1b0c4aade6','image/png',90861,'2016-01-20 09:23:53','\0'),(373,'kristy.png','3ac267b2778ccaaf0425ef1b0c4aade6','image/png',90861,'2016-01-20 09:23:57','\0'),(374,'kristy.png','3ac267b2778ccaaf0425ef1b0c4aade6','image/png',90861,'2016-01-20 09:24:00','\0'),(375,'kristy.png','3ac267b2778ccaaf0425ef1b0c4aade6','image/png',90861,'2016-01-20 09:24:05','\0'),(376,'matthew.png','046e91f77483a277a434bac9ae4885e2','image/png',223499,'2016-01-20 09:24:05','\0'),(377,'kristy.png','3ac267b2778ccaaf0425ef1b0c4aade6','image/png',90861,'2016-01-20 09:27:26','\0'),(378,'724A3731-0592-4BAF-A098-4BD5DB3BD5D1.png','d2fc68f14d89b8311b13541b85ea9170','image/png',1457478,'2016-01-20 09:30:24',''),(379,'blob.png','705e1326e67618c53bf5383aca79eb4b','image/png',461003,'2016-01-20 09:30:27','\0'),(380,'blob.png','705e1326e67618c53bf5383aca79eb4b','image/png',461003,'2016-01-20 09:30:29','\0'),(381,'8FA069ED-46FC-46C0-8C4F-D3D12AA20992.png','07acbae09042c78fb01e2f531ecc32c4','image/png',155840,'2016-01-20 09:41:48',''),(382,'8AED0CE7-3AE3-4446-90EA-722258F64D8B.png','abb2dd7131401b3d54b5aa0a0b28c80f','image/png',106212,'2016-01-20 09:45:24',''),(383,'blob.png','09812849ff607cdd112cc2dc42b4196c','image/png',32980,'2016-01-20 09:45:27','\0'),(384,'kristy.png','3ac267b2778ccaaf0425ef1b0c4aade6','image/png',90861,'2016-01-20 09:47:38','\0'),(385,'matthew.png','046e91f77483a277a434bac9ae4885e2','image/png',223499,'2016-01-20 09:47:45',''),(386,'kristy.png','3ac267b2778ccaaf0425ef1b0c4aade6','image/png',90861,'2016-01-20 18:50:23','\0'),(387,'zxing-temp.png','905cc985efc5dc7919c2cbb4858d3cbb','image/png',1505,'2016-01-20 19:14:02','\0'),(388,'zxing-temp.png','fdf30eb1d95b96ffbbea26bd29d56534','image/png',1513,'2016-01-20 19:14:41','\0'),(389,'zxing-temp.png','ea00bc73cd355f362671def6e05077f3','image/png',1519,'2016-01-20 19:16:18','\0'),(390,'zxing-temp.png','4384d8df9adf54950b8e75c2f37adb4a','image/png',1518,'2016-01-20 19:17:19','\0'),(391,'zxing-temp.png','e45c08ad7a38a6efc43815010e29eaf2','image/png',1516,'2016-01-20 19:19:19','\0'),(392,'zxing-temp.png','7e17c02a9a022797d13c2f331a6949d2','image/png',1508,'2016-01-20 19:22:09','\0'),(393,'zxing-temp.png','47f449b3f5f4cd187b54839072870b3f','image/png',1526,'2016-01-20 19:22:58','\0'),(394,'zxing-temp.png','502174fe00fbb9d5d4af3794a3eb09f1','image/png',1532,'2016-01-20 19:28:46','\0'),(395,'zxing-temp.png','be1afacac81f4e53cd97ec50fa5b1656','image/png',1520,'2016-01-20 19:40:15','\0'),(396,'zxing-temp.png','f29cd7ee281f24508f5f58d5a0566808','image/png',1516,'2016-01-20 20:09:20','\0'),(397,'u=2503343138,909917090&fm=21&gp=0.jpg','97df660c708453c9abfe980df25ebe9a','image/jpeg',6203,'2016-01-21 10:13:52','\0'),(398,'u=26860202,3660286535&fm=21&gp=0 (1).jpg','3127cf13c6651350c870c11cc1d81996','image/jpeg',6847,'2016-01-21 10:13:56','\0'),(399,'u=432442053,2672110698&fm=21&gp=0.jpg','bb77ac35fe05f9e5ba461fc986652314','image/jpeg',10145,'2016-01-21 10:14:04','\0'),(400,'u=26860202,3660286535&fm=21&gp=0 (1).jpg','3127cf13c6651350c870c11cc1d81996','image/jpeg',6847,'2016-01-21 10:14:13','\0'),(401,'u=2503343138,909917090&fm=21&gp=0.jpg','97df660c708453c9abfe980df25ebe9a','image/jpeg',6203,'2016-01-21 10:14:18','\0'),(402,'u=432442053,2672110698&fm=21&gp=0.jpg','bb77ac35fe05f9e5ba461fc986652314','image/jpeg',10145,'2016-01-21 10:14:22','\0'),(403,'logo.jpg','64b804b0816bd82c2835908853b12936','image/jpeg',78562,'2016-01-21 12:20:45','\0'),(404,'3.png','6f6d175e9f58b52e5ecaf5608decfc51','image/png',62795,'2016-01-21 14:08:46','\0'),(405,'blob.png','69240ee30d615afb55e3c7f61ef2f142','image/png',165553,'2016-01-21 14:09:59','\0'),(406,'blob.png','69240ee30d615afb55e3c7f61ef2f142','image/png',165553,'2016-01-21 14:09:59','\0'),(407,'2XKSV)A2R{GT21N)PNEUN32.jpg','32fade613bd784293438ce5b8100250f','image/jpeg',107032,'2016-01-21 14:10:13','\0'),(408,'3.png','6f6d175e9f58b52e5ecaf5608decfc51','image/png',62795,'2016-01-21 14:10:26','\0'),(409,'3.png','6f6d175e9f58b52e5ecaf5608decfc51','image/png',62795,'2016-01-21 14:16:47','\0'),(410,'3.png','6f6d175e9f58b52e5ecaf5608decfc51','image/png',62795,'2016-01-21 17:06:38','\0'),(411,'kristy.png','3ac267b2778ccaaf0425ef1b0c4aade6','image/png',90861,'2016-01-22 11:16:15','\0'),(412,'8AED0CE7-3AE3-4446-90EA-722258F64D8B.png','abb2dd7131401b3d54b5aa0a0b28c80f','image/png',106212,'2016-01-22 11:16:55','\0'),(413,'8FA069ED-46FC-46C0-8C4F-D3D12AA20992.png','07acbae09042c78fb01e2f531ecc32c4','image/png',155840,'2016-01-22 11:17:23','\0'),(414,'kristy.png','3ac267b2778ccaaf0425ef1b0c4aade6','image/png',90861,'2016-01-22 11:17:45','\0'),(415,'u=26860202,3660286535&fm=21&gp=0 (1).jpg','3127cf13c6651350c870c11cc1d81996','image/jpeg',6847,'2016-01-22 11:18:08','\0'),(416,'matthew.png','046e91f77483a277a434bac9ae4885e2','image/png',223499,'2016-01-22 11:19:33','\0'),(417,'matthew.png','046e91f77483a277a434bac9ae4885e2','image/png',223499,'2016-01-22 11:23:25','\0'),(418,'matthew.png','046e91f77483a277a434bac9ae4885e2','image/png',223499,'2016-01-22 11:23:30','\0'),(419,'matthew.png','046e91f77483a277a434bac9ae4885e2','image/png',223499,'2016-01-22 11:23:33','\0'),(420,'matthew.png','046e91f77483a277a434bac9ae4885e2','image/png',223499,'2016-01-22 11:23:37','\0'),(421,'u=26860202,3660286535&fm=21&gp=0 (1).jpg','3127cf13c6651350c870c11cc1d81996','image/jpeg',6847,'2016-01-22 11:24:09','\0'),(422,'kristy.png','3ac267b2778ccaaf0425ef1b0c4aade6','image/png',90861,'2016-01-22 11:25:24',''),(423,'724A3731-0592-4BAF-A098-4BD5DB3BD5D1.png','d2fc68f14d89b8311b13541b85ea9170','image/png',1457478,'2016-01-22 11:25:31','\0'),(424,'kristy.png','3ac267b2778ccaaf0425ef1b0c4aade6','image/png',90861,'2016-01-22 11:25:42','\0'),(425,'D86F2558-1428-47A1-B623-CC927ADE7F9D.png','892578d2010334d4f1282284760c1b0f','image/png',1692326,'2016-01-22 11:30:14',''),(426,'D86F2558-1428-47A1-B623-CC927ADE7F9D.png','892578d2010334d4f1282284760c1b0f','image/png',1692326,'2016-01-22 11:30:35',''),(427,'12D9F232-62A7-42A1-85F1-8D4CF950CB19.png','58be398a7b64d5dcd58b77f05aba42ed','image/png',1519072,'2016-01-22 11:31:50',''),(428,'u=2503343138,909917090&fm=21&gp=0.jpg','97df660c708453c9abfe980df25ebe9a','image/jpeg',6203,'2016-01-22 11:32:22','\0'),(429,'main.png','23d83152d3a17d11100186b54636b882','image/png',352476,'2016-01-22 11:35:41','\0'),(430,'matthew.png','046e91f77483a277a434bac9ae4885e2','image/png',223499,'2016-01-22 11:36:43',''),(431,'main.png','23d83152d3a17d11100186b54636b882','image/png',352476,'2016-01-22 11:37:48','\0'),(432,'main.png','23d83152d3a17d11100186b54636b882','image/png',352476,'2016-01-22 11:42:12',''),(433,'kristy.png','3ac267b2778ccaaf0425ef1b0c4aade6','image/png',90861,'2016-01-22 11:42:18','\0'),(434,'8AED0CE7-3AE3-4446-90EA-722258F64D8B.png','abb2dd7131401b3d54b5aa0a0b28c80f','image/png',106212,'2016-01-22 11:45:21','\0'),(435,'8AED0CE7-3AE3-4446-90EA-722258F64D8B.png','abb2dd7131401b3d54b5aa0a0b28c80f','image/png',106212,'2016-01-22 11:46:32','\0'),(436,'u=383879439,2875142712&fm=21&gp=0.jpg','13ea4dba3e8610f393c326a1d4e2c989','image/jpeg',6269,'2016-01-22 11:54:00','\0'),(437,'u=432442053,2672110698&fm=21&gp=0.jpg','bb77ac35fe05f9e5ba461fc986652314','image/jpeg',10145,'2016-01-22 11:54:56','\0'),(438,'1.jpg','a0f7f8806462c46021157b214157de1b','image/jpeg',70489,'2016-01-22 12:09:49','\0'),(439,'2.jpg','7c35e2a48d8288e8c685980c8b4c5bf6','image/jpeg',37766,'2016-01-22 12:10:01','\0'),(440,'3.jpg','0f4fb41d83a8ed14b8334e5256d3a838','image/jpeg',46206,'2016-01-22 12:10:12','\0'),(441,'4.jpg','3c568671d8d1e5e339483cc45fc83722','image/jpeg',72313,'2016-01-22 12:10:22','\0'),(442,'6.jpg','071d11bc4033aab815150d6ec8a4a79a','image/jpeg',47040,'2016-01-22 12:11:15','\0'),(443,'7.jpg','eebe6e47d9d474f0eb8d7d16b8415ccd','image/jpeg',76147,'2016-01-22 12:11:16','\0'),(444,'8.jpg','336e6a993ea6d0995b26f363e5685b68','image/jpeg',73459,'2016-01-22 12:11:16','\0'),(445,'8.jpg','336e6a993ea6d0995b26f363e5685b68','image/jpeg',73459,'2016-01-22 12:11:24','\0'),(446,'logo.jpg','64b804b0816bd82c2835908853b12936','image/jpeg',78562,'2016-01-22 12:11:53',''),(447,'logo.jpg','64b804b0816bd82c2835908853b12936','image/jpeg',78562,'2016-01-22 12:12:05','\0'),(448,'3.png','6f6d175e9f58b52e5ecaf5608decfc51','image/png',62795,'2016-01-22 15:35:27','\0'),(449,'3.png','6f6d175e9f58b52e5ecaf5608decfc51','image/png',62795,'2016-01-22 15:36:25','\0'),(450,'3.png','6f6d175e9f58b52e5ecaf5608decfc51','image/png',62795,'2016-01-22 15:36:57','\0'),(451,'}5GMH~GBM%$2ED[RWXLX@NF.jpg','1cb14648351918f1ced8f049bfb73771','image/jpeg',217180,'2016-01-22 16:10:55','\0'),(452,'3.png','6f6d175e9f58b52e5ecaf5608decfc51','image/png',62795,'2016-01-22 16:11:53','\0'),(453,'1.png','c98cc725391fb0f4cb7ba5aa311608c2','image/png',75197,'2016-01-22 16:12:08','\0'),(454,'3.png','6f6d175e9f58b52e5ecaf5608decfc51','image/png',62795,'2016-01-22 16:13:05','\0'),(455,'}5GMH~GBM%$2ED[RWXLX@NF.jpg','1cb14648351918f1ced8f049bfb73771','image/jpeg',217180,'2016-01-22 16:13:43','\0'),(456,'zxing-temp.png','6b6ae995df4a8d1bf25dcaa92d8914bb','image/png',1507,'2016-01-22 16:25:02','\0'),(457,'zxing-temp.png','6b9d5cb9b64217a13734de7108fac7b5','image/png',1507,'2016-01-22 16:30:42','\0'),(458,'zxing-temp.png','db92908f7a970e0bb6a1c22054e2d0fa','image/png',1516,'2016-01-22 16:35:53','\0'),(459,'zxing-temp.png','259fa8166d417bde9c6d06c9cbd5864b','image/png',1500,'2016-01-22 16:44:55','\0'),(460,'3.png','6f6d175e9f58b52e5ecaf5608decfc51','image/png',62795,'2016-01-22 17:00:58',''),(461,'3.png','6f6d175e9f58b52e5ecaf5608decfc51','image/png',62795,'2016-01-22 17:02:37','\0'),(462,'matthew.png','046e91f77483a277a434bac9ae4885e2','image/png',223499,'2016-01-22 17:03:16','\0'),(463,'3.png','6f6d175e9f58b52e5ecaf5608decfc51','image/png',62795,'2016-01-22 17:16:23','\0'),(464,'matthew.png','046e91f77483a277a434bac9ae4885e2','image/png',223499,'2016-01-22 18:00:34',''),(465,'kristy.png','3ac267b2778ccaaf0425ef1b0c4aade6','image/png',90861,'2016-01-22 18:00:43',''),(466,'kristy.png','3ac267b2778ccaaf0425ef1b0c4aade6','image/png',90861,'2016-01-22 18:01:08','\0'),(467,'u=26860202,3660286535&fm=21&gp=0 (1).jpg','3127cf13c6651350c870c11cc1d81996','image/jpeg',6847,'2016-01-22 18:01:47','\0'),(468,'u=26860202,3660286535&fm=21&gp=0 (1).jpg','3127cf13c6651350c870c11cc1d81996','image/jpeg',6847,'2016-01-22 18:02:03','\0'),(469,'3.png','6f6d175e9f58b52e5ecaf5608decfc51','image/png',62795,'2016-01-22 18:23:05','\0'),(470,'3.png','6f6d175e9f58b52e5ecaf5608decfc51','image/png',62795,'2016-01-22 18:25:03','\0'),(471,'3.png','6f6d175e9f58b52e5ecaf5608decfc51','image/png',62795,'2016-01-22 18:25:51','\0'),(472,'1.png','c98cc725391fb0f4cb7ba5aa311608c2','image/png',75197,'2016-01-22 18:30:26','\0'),(473,'1.png','c98cc725391fb0f4cb7ba5aa311608c2','image/png',75197,'2016-01-22 18:30:49','\0'),(474,'1.png','c98cc725391fb0f4cb7ba5aa311608c2','image/png',75197,'2016-01-22 18:34:48','\0'),(475,'u=2503343138,909917090&fm=21&gp=0.jpg','97df660c708453c9abfe980df25ebe9a','image/jpeg',6203,'2016-01-22 18:35:27','\0'),(476,'u=26860202,3660286535&fm=21&gp=0 (1).jpg','3127cf13c6651350c870c11cc1d81996','image/jpeg',6847,'2016-01-22 18:35:47','\0'),(477,'u=2503343138,909917090&fm=21&gp=0.jpg','97df660c708453c9abfe980df25ebe9a','image/jpeg',6203,'2016-01-22 18:36:43','\0'),(478,'1.png','c98cc725391fb0f4cb7ba5aa311608c2','image/png',75197,'2016-01-22 18:37:04','\0'),(479,'u=26860202,3660286535&fm=21&gp=0 (1).jpg','3127cf13c6651350c870c11cc1d81996','image/jpeg',6847,'2016-01-22 18:37:26','\0'),(480,'1.png','c98cc725391fb0f4cb7ba5aa311608c2','image/png',75197,'2016-01-22 18:37:33','\0'),(481,'u=2503343138,909917090&fm=21&gp=0.jpg','97df660c708453c9abfe980df25ebe9a','image/jpeg',6203,'2016-01-22 18:37:43','\0'),(482,'zxing-temp.png','3701713c3eec3a291977a3e2bcea509f','image/png',1515,'2016-01-27 10:28:50','\0'),(483,'kristy.png','3ac267b2778ccaaf0425ef1b0c4aade6','image/png',90861,'2016-02-01 10:14:11','\0'),(484,'matthew.png','046e91f77483a277a434bac9ae4885e2','image/png',223499,'2016-02-01 10:14:23','\0'),(485,'O5IK9CUY$][X`2EWD(MGMYQ.jpg','08633b870352aa32e8deb83bf3ec36c3','image/jpeg',179003,'2016-02-01 10:14:46','\0'),(486,'zxing-temp.png','c34aa5902839ab0caf661638d197e53d','image/png',1513,'2016-02-01 10:18:09','\0'),(487,'zxing-temp.png','8766dffe157bc96c2af805e63fa99061','image/png',1517,'2016-02-01 16:53:52','\0'),(488,'kebo.jpg','94caa073f1b02ff957345ca1f2d7e76c','image/jpeg',127279,'2016-02-01 17:12:31','\0'),(489,'kristy.png','3ac267b2778ccaaf0425ef1b0c4aade6','image/png',90861,'2016-02-01 17:15:39','\0'),(490,'kristy.png','3ac267b2778ccaaf0425ef1b0c4aade6','image/png',90861,'2016-02-01 17:16:30','\0'),(491,'kebo.jpg','94caa073f1b02ff957345ca1f2d7e76c','image/jpeg',127279,'2016-02-01 17:16:44','\0'),(492,'zxing-temp.png','040f21c01103e762fc342c6cbe1acb7c','image/png',1511,'2016-02-01 17:24:04','\0'),(493,'1.png','c98cc725391fb0f4cb7ba5aa311608c2','image/png',75197,'2016-02-01 17:32:17','\0'),(494,'1.png','c98cc725391fb0f4cb7ba5aa311608c2','image/png',75197,'2016-02-01 18:23:46','\0'),(495,'u=2503343138,909917090&fm=21&gp=0.jpg','97df660c708453c9abfe980df25ebe9a','image/jpeg',6203,'2016-02-01 18:23:55','\0'),(496,'u=26860202,3660286535&fm=21&gp=0 (1).jpg','3127cf13c6651350c870c11cc1d81996','image/jpeg',6847,'2016-02-01 19:13:11','\0'),(497,'u=26860202,3660286535&fm=21&gp=0 (1).jpg','3127cf13c6651350c870c11cc1d81996','image/jpeg',6847,'2016-02-01 19:20:00','\0'),(498,'1.jpg','ace85be539c5da9567b0188a36a3a24e','image/jpeg',438883,'2016-02-02 09:36:38','\0'),(499,'1.png','c98cc725391fb0f4cb7ba5aa311608c2','image/png',75197,'2016-02-02 09:37:09','\0'),(500,'3.png','6f6d175e9f58b52e5ecaf5608decfc51','image/png',62795,'2016-02-02 09:38:04','\0'),(501,'u=2168910883,2846657799&fm=21&gp=0.jpg','6d8cab56b6da91065be0cc577ff683e8','image/jpeg',7964,'2016-02-02 09:54:45','\0'),(502,'u=432442053,2672110698&fm=21&gp=0.jpg','bb77ac35fe05f9e5ba461fc986652314','image/jpeg',10145,'2016-02-02 09:54:59','\0'),(503,'1.png','c98cc725391fb0f4cb7ba5aa311608c2','image/png',75197,'2016-02-02 09:55:40','\0'),(504,'u=3407845889,82527841&fm=21&gp=0.jpg','a30e99eb768b3b3783c948c7dff23728','image/jpeg',4662,'2016-02-02 09:55:49','\0'),(505,'zxing-temp.png','912ffd34f2e8a79c8bb7fa1e0267b2b8','image/png',1513,'2016-02-03 15:22:46','\0'),(506,'1.png','c98cc725391fb0f4cb7ba5aa311608c2','image/png',75197,'2016-02-04 10:00:28',''),(507,'u=383879439,2875142712&fm=21&gp=0.jpg','13ea4dba3e8610f393c326a1d4e2c989','image/jpeg',6269,'2016-02-04 10:01:15','\0'),(508,'1.png','c98cc725391fb0f4cb7ba5aa311608c2','image/png',75197,'2016-02-04 14:30:54','\0'),(509,'1.jpg','a0f7f8806462c46021157b214157de1b','image/jpeg',70489,'2016-02-16 09:31:30',''),(510,'2.jpg','7c35e2a48d8288e8c685980c8b4c5bf6','image/jpeg',37766,'2016-02-16 09:31:54','\0'),(511,'8.jpg','336e6a993ea6d0995b26f363e5685b68','image/jpeg',73459,'2016-02-16 09:32:17','\0'),(512,'u=26860202,3660286535&fm=21&gp=0 (1).jpg','3127cf13c6651350c870c11cc1d81996','image/jpeg',6847,'2016-02-16 10:47:33','\0'),(513,'u=383879439,2875142712&fm=21&gp=0.jpg','13ea4dba3e8610f393c326a1d4e2c989','image/jpeg',6269,'2016-02-16 10:47:54','\0'),(514,'2.gif','376dce91209b68cff3812443a438b8de','image/gif',123675,'2016-02-16 10:48:18','\0'),(515,'u=2865855348,4065932389&fm=21&gp=0.jpg','bc21039246c778ab844eb528ad411ee3','image/jpeg',9388,'2016-02-16 10:58:31',''),(516,'u=26860202,3660286535&fm=21&gp=0 (1).jpg','3127cf13c6651350c870c11cc1d81996','image/jpeg',6847,'2016-02-16 10:59:10','\0'),(517,'u=432442053,2672110698&fm=21&gp=0.jpg','bb77ac35fe05f9e5ba461fc986652314','image/jpeg',10145,'2016-02-16 10:59:21','\0'),(518,'u=2503343138,909917090&fm=21&gp=0.jpg','97df660c708453c9abfe980df25ebe9a','image/jpeg',6203,'2016-02-17 09:32:41',''),(519,'zxing-temp.png','01e7babd869971e3951d7b1b0eef40a1','image/png',1517,'2016-02-18 16:28:25','\0'),(520,'3.png','6f6d175e9f58b52e5ecaf5608decfc51','image/png',62795,'2016-02-18 16:47:39','\0'),(521,'3.png','6f6d175e9f58b52e5ecaf5608decfc51','image/png',62795,'2016-02-19 14:53:26','\0'),(522,'12.png','f6668f68afb4b00bd97a89156037eef0','image/png',57625,'2016-02-19 14:53:40','\0'),(523,'12.png','f6668f68afb4b00bd97a89156037eef0','image/png',57625,'2016-02-19 14:54:00','\0'),(524,'3.png','6f6d175e9f58b52e5ecaf5608decfc51','image/png',62795,'2016-02-19 14:54:12','\0'),(525,'zxing-temp.png','eade7bb9ab566ec348c18d8ac7b9c478','image/png',1516,'2016-02-19 14:57:03','\0'),(526,'zxing-temp.png','603131a0caf403a8cb167c16529cf09e','image/png',1515,'2016-02-19 14:57:09','\0'),(527,'1.jpg','ace85be539c5da9567b0188a36a3a24e','image/jpeg',438883,'2016-02-19 15:16:47','\0'),(528,'3.png','6f6d175e9f58b52e5ecaf5608decfc51','image/png',62795,'2016-02-19 15:17:24','\0'),(529,'zxing-temp.png','9b219781d57d26252a69550e560abdfb','image/png',1533,'2016-02-19 15:23:01','\0'),(530,'zxing-temp.png','2f550eebb554abccbd3beb65e65021f1','image/png',1510,'2016-02-19 17:46:38','\0'),(531,'美女走路.gif','7ce83ef1607afc9286e1ac9c7fa5fe3b','image/gif',761060,'2016-02-23 11:40:18','\0'),(532,'kebi.jpg','2d767786609e232b78b5a99fc1b65de7','image/jpeg',8155,'2016-02-23 11:40:29','\0'),(533,'kobo.jpg','3a5134a6d7de4d809fe898f78ab64356','image/jpeg',39246,'2016-02-23 11:41:29','\0'),(534,'ISMXJDQM530LRV_2~KUJ854.jpg','527babf5be66837e5d0bc1cc5d7e031e','image/jpeg',77450,'2016-02-23 11:41:44','\0'),(535,'kebi.jpg','2d767786609e232b78b5a99fc1b65de7','image/jpeg',8155,'2016-02-23 11:42:58','\0'),(536,'kobo.jpg','3a5134a6d7de4d809fe898f78ab64356','image/jpeg',39246,'2016-02-23 11:43:06','\0'),(537,'kobo.jpg','3a5134a6d7de4d809fe898f78ab64356','image/jpeg',39246,'2016-02-23 11:43:54','\0'),(538,'7e912c63.jpg','2e5ab58f7c157425d345d2464ca57234','image/jpeg',50403,'2016-02-23 11:48:52','\0'),(539,'zxing-temp.png','4405319d489bed70a299a340a43f81f7','image/png',1509,'2016-02-23 11:52:07','\0'),(540,'kebi.jpg','2d767786609e232b78b5a99fc1b65de7','image/jpeg',8155,'2016-02-23 15:20:03','\0'),(541,'1.jpg','ace85be539c5da9567b0188a36a3a24e','image/jpeg',438883,'2016-02-24 10:48:43','\0'),(542,'3.png','6f6d175e9f58b52e5ecaf5608decfc51','image/png',62795,'2016-02-24 10:49:40','\0'),(543,'1.jpg','ace85be539c5da9567b0188a36a3a24e','image/jpeg',438883,'2016-02-24 10:59:36','\0'),(544,'1.png','c98cc725391fb0f4cb7ba5aa311608c2','image/png',75197,'2016-02-24 11:04:40','\0'),(545,'zxing-temp.png','7982d2dd476a0e5b030a7a9a1a517e9c','image/png',1516,'2016-02-24 16:22:51','\0'),(546,'kebi.jpg','2d767786609e232b78b5a99fc1b65de7','image/jpeg',8155,'2016-02-25 09:22:09','\0'),(547,'E___0103GD00SIGT.gif','b97dea86d90f03fe0aac8a68d0a57514','image/gif',12253,'2016-02-25 16:42:43','\0'),(548,'TB1cKSOLFXXXXbiXVXXXXXXXXXX-170-280.jpg','a282ad489080691ff4e21aeb9af191dd','image/jpeg',34427,'2016-02-25 16:42:49','\0'),(549,'E___0103GD00SIGT.gif','b97dea86d90f03fe0aac8a68d0a57514','image/gif',12253,'2016-02-25 16:42:53','\0'),(550,'TB1cKSOLFXXXXbiXVXXXXXXXXXX-170-280.jpg','a282ad489080691ff4e21aeb9af191dd','image/jpeg',34427,'2016-02-25 17:48:33','\0'),(551,'詹姆斯.gif','33ac59bc634c613dea90a65771ea3b69','image/gif',2678401,'2016-02-25 18:05:00','\0'),(552,'詹姆斯.gif','33ac59bc634c613dea90a65771ea3b69','image/gif',2678401,'2016-02-25 18:06:22','\0'),(553,'7e912c63.jpg','2e5ab58f7c157425d345d2464ca57234','image/jpeg',50403,'2016-02-25 18:06:38','\0'),(554,'webwxgetmsgimg.jpeg','4bead87c01948fc59dc264f44e6e0b85','image/jpeg',71569,'2016-02-25 18:07:23','\0'),(555,'kebi.jpg','2d767786609e232b78b5a99fc1b65de7','image/jpeg',8155,'2016-02-25 18:09:21','\0'),(556,'TB1cKSOLFXXXXbiXVXXXXXXXXXX-170-280.jpg','a282ad489080691ff4e21aeb9af191dd','image/jpeg',34427,'2016-02-25 18:11:05','\0'),(557,'TB1cKSOLFXXXXbiXVXXXXXXXXXX-170-280.jpg','a282ad489080691ff4e21aeb9af191dd','image/jpeg',34427,'2016-02-25 18:11:25','\0'),(558,'kebi.jpg','2d767786609e232b78b5a99fc1b65de7','image/jpeg',8155,'2016-02-25 18:11:45','\0'),(559,'E___0103GD00SIGT.gif','b97dea86d90f03fe0aac8a68d0a57514','image/gif',12253,'2016-02-25 18:12:24','\0'),(560,'kebi.jpg','2d767786609e232b78b5a99fc1b65de7','image/jpeg',8155,'2016-02-25 18:13:03','\0'),(561,'TB1cKSOLFXXXXbiXVXXXXXXXXXX-170-280.jpg','a282ad489080691ff4e21aeb9af191dd','image/jpeg',34427,'2016-02-25 18:14:03','\0'),(562,'TB1cKSOLFXXXXbiXVXXXXXXXXXX-170-280.jpg','a282ad489080691ff4e21aeb9af191dd','image/jpeg',34427,'2016-02-25 18:14:33','\0'),(563,'935683D6-1FAC-4E2C-A1A0-1142E0D14351.png','e350cafc73dceb2b9acbab18537120b2','image/png',468380,'2016-02-25 18:14:59','\0'),(564,'kebi.jpg','2d767786609e232b78b5a99fc1b65de7','image/jpeg',8155,'2016-02-25 18:15:03','\0'),(565,'3.png','6f6d175e9f58b52e5ecaf5608decfc51','image/png',62795,'2016-02-25 18:16:05','\0'),(566,'12.png','f6668f68afb4b00bd97a89156037eef0','image/png',57625,'2016-02-25 18:16:55','\0'),(567,'kobo.jpg','3a5134a6d7de4d809fe898f78ab64356','image/jpeg',39246,'2016-02-25 18:18:26','\0'),(568,'1541890447.jpg','7d353f0d95169cab7397f7f59aed4245','image/jpeg',54849,'2016-02-25 18:19:17','\0'),(569,'kobo.jpg','3a5134a6d7de4d809fe898f78ab64356','image/jpeg',39246,'2016-02-25 18:19:34','\0'),(570,'kobo.jpg','3a5134a6d7de4d809fe898f78ab64356','image/jpeg',39246,'2016-02-25 18:20:03','\0'),(571,'QHRL33Y4WU0%T(X2JPMKFWG.jpg','4a66a7c0433044878306a33235ced279','image/jpeg',48012,'2016-02-25 18:20:20','\0'),(572,'詹姆斯.gif','33ac59bc634c613dea90a65771ea3b69','image/gif',2678401,'2016-02-25 18:24:04','\0'),(573,'kobo.jpg','3a5134a6d7de4d809fe898f78ab64356','image/jpeg',39246,'2016-02-26 10:28:51','\0'),(574,'DFF820C1-F8CC-423D-8075-ACF75AD50B87.png','28c52ba4660706998a02abb3445b00c8','image/png',24750,'2016-02-26 16:34:39','\0'),(575,'DFF820C1-F8CC-423D-8075-ACF75AD50B87.png','28c52ba4660706998a02abb3445b00c8','image/png',24750,'2016-02-26 16:35:04','\0'),(576,'TB1cKSOLFXXXXbiXVXXXXXXXXXX-170-280.jpg','a282ad489080691ff4e21aeb9af191dd','image/jpeg',34427,'2016-02-26 16:45:13','\0'),(577,'DFF820C1-F8CC-423D-8075-ACF75AD50B87.png','28c52ba4660706998a02abb3445b00c8','image/png',24750,'2016-02-26 17:37:56','\0'),(578,'19300001111193130951024714435.jpg','940c3f0a6c43cb6c11aee45cfd00a07a','image/jpeg',49535,'2016-02-26 17:45:11','\0'),(579,'cehtJTApxpGik.jpg','7e0ed046fdf9245f31c5754d183a34b9','image/jpeg',54781,'2016-02-26 17:45:56','\0'),(580,'zxing-temp.png','81aa7cbdf3ad96b30b77412297977af0','image/png',1511,'2016-02-26 17:47:43','\0'),(581,'zxing-temp.png','8894f10a1b1a738f258255845ecd3b9d','image/png',1516,'2016-02-26 17:49:17','\0'),(582,'3.png','6f6d175e9f58b52e5ecaf5608decfc51','image/png',62795,'2016-02-26 18:10:04','\0'),(583,'zxing-temp.png','9068e1a85b37f564975630c0dab6b97b','image/png',1509,'2016-02-26 18:10:33','\0'),(584,'DFF820C1-F8CC-423D-8075-ACF75AD50B87.png','28c52ba4660706998a02abb3445b00c8','image/png',24750,'2016-02-26 18:24:31','\0'),(585,'zxing-temp.png','d2c6ca4dc002129695254d7c182e2347','image/png',1530,'2016-02-26 18:25:40','\0'),(586,'TB1cKSOLFXXXXbiXVXXXXXXXXXX-170-280.jpg','a282ad489080691ff4e21aeb9af191dd','image/jpeg',34427,'2016-02-26 18:31:40','\0'),(587,'TB1cKSOLFXXXXbiXVXXXXXXXXXX-170-280.jpg','a282ad489080691ff4e21aeb9af191dd','image/jpeg',34427,'2016-02-26 19:43:12','\0'),(588,'zxing-temp.png','aeb75a49946163ada72d04c26da1462b','image/png',1507,'2016-02-26 20:08:49','\0'),(589,'3ad4e0f43498a85a.jpg','e680dc3d2b9091300dac46c33b6735b8','image/jpeg',415711,'2016-02-29 18:55:49',''),(590,'3ad4e0f43498a85a.jpg','e680dc3d2b9091300dac46c33b6735b8','image/jpeg',415711,'2016-03-01 09:12:49','\0'),(591,'3ad4e0f43498a85a.jpg','e680dc3d2b9091300dac46c33b6735b8','image/jpeg',415711,'2016-03-01 09:12:53','\0'),(592,'3ad4e0f43498a85a.jpg','e680dc3d2b9091300dac46c33b6735b8','image/jpeg',415711,'2016-03-01 09:12:57','\0'),(593,'3ad4e0f43498a85a.jpg','e680dc3d2b9091300dac46c33b6735b8','image/jpeg',415711,'2016-03-01 09:25:44','\0'),(594,'3ad4e0f43498a85a.jpg','e680dc3d2b9091300dac46c33b6735b8','image/jpeg',415711,'2016-03-01 09:49:06','\0'),(595,'QQ图片20160112121115.png','3cdd31a86112254de9f0bae254661e44','image/png',23748,'2016-03-01 09:49:22','\0'),(596,'3ad4e0f43498a85a.jpg','e680dc3d2b9091300dac46c33b6735b8','image/jpeg',415711,'2016-03-01 17:24:04','\0'),(597,'3ad4e0f43498a85a.jpg','e680dc3d2b9091300dac46c33b6735b8','image/jpeg',415711,'2016-03-01 17:24:07','\0'),(598,'3ad4e0f43498a85a.jpg','e680dc3d2b9091300dac46c33b6735b8','image/jpeg',415711,'2016-03-01 17:24:09','\0'),(599,'3ad4e0f43498a85a.jpg','e680dc3d2b9091300dac46c33b6735b8','image/jpeg',415711,'2016-03-01 17:24:14','\0'),(600,'3ad4e0f43498a85a.jpg','e680dc3d2b9091300dac46c33b6735b8','image/jpeg',415711,'2016-03-01 17:34:48','\0'),(601,'3ad4e0f43498a85a.jpg','e680dc3d2b9091300dac46c33b6735b8','image/jpeg',415711,'2016-03-01 17:36:30','\0'),(602,'3ad4e0f43498a85a.jpg','e680dc3d2b9091300dac46c33b6735b8','image/jpeg',415711,'2016-03-01 17:39:25',''),(603,'T1ImdZXEBfXXXXXXXX_!!0-item_pic.jpg','6c61b1e0c9a21d6adfca95d7cbb3afc4','image/jpeg',483567,'2016-03-01 17:46:28','\0'),(604,'3ad4e0f43498a85a.jpg','e680dc3d2b9091300dac46c33b6735b8','image/jpeg',415711,'2016-03-01 17:51:41',''),(605,'T1ImdZXEBfXXXXXXXX_!!0-item_pic.jpg','6c61b1e0c9a21d6adfca95d7cbb3afc4','image/jpeg',483567,'2016-03-01 17:51:51','\0'),(606,'214607q148xkkq6cwq65s0.gif','7a7a25b5ff41a2af479fecd95c340120','image/gif',855308,'2016-03-01 18:28:23','\0'),(607,'214607q148xkkq6cwq65s0.gif','7a7a25b5ff41a2af479fecd95c340120','image/gif',855308,'2016-03-01 18:29:19','\0'),(608,'T1ImdZXEBfXXXXXXXX_!!0-item_pic.jpg','6c61b1e0c9a21d6adfca95d7cbb3afc4','image/jpeg',483567,'2016-03-01 18:34:20','\0'),(609,'214607q148xkkq6cwq65s0.gif','7a7a25b5ff41a2af479fecd95c340120','image/gif',855308,'2016-03-01 18:34:37','\0'),(610,'214607q148xkkq6cwq65s0.gif','7a7a25b5ff41a2af479fecd95c340120','image/gif',855308,'2016-03-01 19:12:22','\0'),(611,'3ad4e0f43498a85a.jpg','e680dc3d2b9091300dac46c33b6735b8','image/jpeg',415711,'2016-03-01 19:12:39','\0'),(612,'214607q148xkkq6cwq65s0.gif','7a7a25b5ff41a2af479fecd95c340120','image/gif',855308,'2016-03-01 19:15:05','\0'),(613,'3ad4e0f43498a85a.jpg','e680dc3d2b9091300dac46c33b6735b8','image/jpeg',415711,'2016-03-01 19:29:17','\0'),(614,'214607q148xkkq6cwq65s0.gif','7a7a25b5ff41a2af479fecd95c340120','image/gif',855308,'2016-03-02 10:08:17',''),(615,'3ad4e0f43498a85a.jpg','e680dc3d2b9091300dac46c33b6735b8','image/jpeg',415711,'2016-03-02 10:08:33','\0'),(616,'T1ImdZXEBfXXXXXXXX_!!0-item_pic.jpg','6c61b1e0c9a21d6adfca95d7cbb3afc4','image/jpeg',483567,'2016-03-02 10:53:20','\0'),(617,'T1ImdZXEBfXXXXXXXX_!!0-item_pic.jpg','6c61b1e0c9a21d6adfca95d7cbb3afc4','image/jpeg',483567,'2016-03-02 10:53:29',''),(618,'T1ImdZXEBfXXXXXXXX_!!0-item_pic.jpg','6c61b1e0c9a21d6adfca95d7cbb3afc4','image/jpeg',483567,'2016-03-02 10:54:04','\0'),(619,'214607q148xkkq6cwq65s0.gif','7a7a25b5ff41a2af479fecd95c340120','image/gif',855308,'2016-03-02 10:57:20','\0'),(620,'T1ImdZXEBfXXXXXXXX_!!0-item_pic.jpg','6c61b1e0c9a21d6adfca95d7cbb3afc4','image/jpeg',483567,'2016-03-02 10:58:44','\0'),(621,'T1ImdZXEBfXXXXXXXX_!!0-item_pic.jpg','6c61b1e0c9a21d6adfca95d7cbb3afc4','image/jpeg',483567,'2016-03-02 11:06:52','\0'),(622,'3ad4e0f43498a85a.jpg','e680dc3d2b9091300dac46c33b6735b8','image/jpeg',415711,'2016-03-02 11:09:03','\0'),(623,'3ad4e0f43498a85a.jpg','e680dc3d2b9091300dac46c33b6735b8','image/jpeg',415711,'2016-03-02 11:35:52','\0'),(624,'zxing-temp.png','5f7d71f69f80d94afc5006e2a4e0711e','image/png',1531,'2016-03-02 16:36:21','\0'),(625,'zxing-temp.png','f01d3cfef97c074e27c108b663ea29d4','image/png',1515,'2016-03-02 16:38:08','\0'),(626,'zxing-temp.png','8c5cf0124f0f2b9401f39e89167df229','image/png',1522,'2016-03-02 16:42:13','\0'),(627,'zxing-temp.png','214e7e3cd1364ffe1bd8a72b771cc425','image/png',1512,'2016-03-02 16:59:58','\0'),(628,'b07e6324-8bfa-40ac-a9d1-64dee434aaf8.jpg','fc05c372fb1459d45113688b41993990','image/jpeg',126942,'2016-03-02 17:46:57',''),(629,'b07e6324-8bfa-40ac-a9d1-64dee434aaf8.jpg','fc05c372fb1459d45113688b41993990','image/jpeg',126942,'2016-03-02 17:47:13',''),(630,'T1BWtFXg4wXXbuTuDX_084728.jpg','a65937e292d35575e7adc2b24f1a35a5','image/jpeg',130645,'2016-03-02 17:52:32','\0'),(631,'T1BWtFXg4wXXbuTuDX_084728.jpg','a65937e292d35575e7adc2b24f1a35a5','image/jpeg',130645,'2016-03-02 17:52:45','\0'),(632,'T1BWtFXg4wXXbuTuDX_084728.jpg','a65937e292d35575e7adc2b24f1a35a5','image/jpeg',130645,'2016-03-02 17:57:24','\0'),(633,'28582_195300971000_2.jpg','a83b3529337703f166d6c21f915e0fa7','image/jpeg',114018,'2016-03-02 17:57:31','\0'),(634,'b07e6324-8bfa-40ac-a9d1-64dee434aaf8.jpg','fc05c372fb1459d45113688b41993990','image/jpeg',126942,'2016-03-02 17:57:36','\0'),(635,'3ad4e0f43498a85a.jpg','e680dc3d2b9091300dac46c33b6735b8','image/jpeg',415711,'2016-03-02 18:11:13',''),(636,'28582_195300971000_2 (1).jpg','a83b3529337703f166d6c21f915e0fa7','image/jpeg',114018,'2016-03-02 18:11:15','\0'),(637,'3ad4e0f43498a85a.jpg','e680dc3d2b9091300dac46c33b6735b8','image/jpeg',415711,'2016-03-02 18:11:22','\0'),(638,'28582_195300971000_2 (1).jpg','a83b3529337703f166d6c21f915e0fa7','image/jpeg',114018,'2016-03-02 18:11:26','\0'),(639,'28582_195300971000_2 (1).jpg','a83b3529337703f166d6c21f915e0fa7','image/jpeg',114018,'2016-03-02 18:11:35','\0'),(640,'b07e6324-8bfa-40ac-a9d1-64dee434aaf8.jpg','fc05c372fb1459d45113688b41993990','image/jpeg',126942,'2016-03-02 18:11:38','\0'),(641,'T1BWtFXg4wXXbuTuDX_084728.jpg','a65937e292d35575e7adc2b24f1a35a5','image/jpeg',130645,'2016-03-02 18:11:40','\0'),(642,'b07e6324-8bfa-40ac-a9d1-64dee434aaf8.jpg','fc05c372fb1459d45113688b41993990','image/jpeg',126942,'2016-03-02 18:13:39','\0'),(643,'T1BWtFXg4wXXbuTuDX_084728.jpg','a65937e292d35575e7adc2b24f1a35a5','image/jpeg',130645,'2016-03-02 18:13:41','\0'),(644,'T1BWtFXg4wXXbuTuDX_084728.jpg','a65937e292d35575e7adc2b24f1a35a5','image/jpeg',130645,'2016-03-02 18:13:44','\0'),(645,'b07e6324-8bfa-40ac-a9d1-64dee434aaf8.jpg','fc05c372fb1459d45113688b41993990','image/jpeg',126942,'2016-03-02 18:13:46','\0'),(646,'b07e6324-8bfa-40ac-a9d1-64dee434aaf8.jpg','fc05c372fb1459d45113688b41993990','image/jpeg',126942,'2016-03-02 18:13:51','\0'),(647,'28582_195300971000_2.jpg','a83b3529337703f166d6c21f915e0fa7','image/jpeg',114018,'2016-03-02 18:13:53','\0'),(648,'28582_195300971000_2.jpg','a83b3529337703f166d6c21f915e0fa7','image/jpeg',114018,'2016-03-02 18:13:56','\0'),(649,'T1BWtFXg4wXXbuTuDX_084728.jpg','a65937e292d35575e7adc2b24f1a35a5','image/jpeg',130645,'2016-03-02 18:13:58','\0'),(650,'b07e6324-8bfa-40ac-a9d1-64dee434aaf8.jpg','fc05c372fb1459d45113688b41993990','image/jpeg',126942,'2016-03-02 18:14:00','\0'),(651,'28582_195300971000_2.jpg','a83b3529337703f166d6c21f915e0fa7','image/jpeg',114018,'2016-03-02 18:14:02','\0'),(652,'b07e6324-8bfa-40ac-a9d1-64dee434aaf8.jpg','fc05c372fb1459d45113688b41993990','image/jpeg',126942,'2016-03-02 18:14:05','\0'),(653,'T1BWtFXg4wXXbuTuDX_084728.jpg','a65937e292d35575e7adc2b24f1a35a5','image/jpeg',130645,'2016-03-02 18:14:11','\0'),(654,'b07e6324-8bfa-40ac-a9d1-64dee434aaf8.jpg','fc05c372fb1459d45113688b41993990','image/jpeg',126942,'2016-03-02 18:14:13','\0'),(655,'28582_195300971000_2.jpg','a83b3529337703f166d6c21f915e0fa7','image/jpeg',114018,'2016-03-02 18:14:23','\0'),(656,'zxing-temp.png','8b4214bba4dec15f4daf98c1024ecb43','image/png',1523,'2016-03-02 18:31:13','\0'),(657,'zxing-temp.png','fe0eae337348ed296e8fc2976ccf6651','image/png',1514,'2016-03-03 09:04:03','\0'),(658,'zxing-temp.png','f1f94d00a69f739e7ac3ac647508c137','image/png',1520,'2016-03-03 11:05:29','\0'),(659,'zxing-temp.png','5a162fe35dc4a4227729e62a289efb99','image/png',1511,'2016-03-04 10:40:30','\0'),(660,'T1BWtFXg4wXXbuTuDX_084728.jpg','a65937e292d35575e7adc2b24f1a35a5','image/jpeg',130645,'2016-03-04 11:15:50','\0'),(661,'T1BWtFXg4wXXbuTuDX_084728.jpg','a65937e292d35575e7adc2b24f1a35a5','image/jpeg',130645,'2016-03-04 11:16:26','\0'),(662,'28582_195300971000_2.jpg','a83b3529337703f166d6c21f915e0fa7','image/jpeg',114018,'2016-03-04 11:43:28','\0'),(663,'28582_195300971000_2.jpg','a83b3529337703f166d6c21f915e0fa7','image/jpeg',114018,'2016-03-04 11:43:40','\0'),(664,'b07e6324-8bfa-40ac-a9d1-64dee434aaf8.jpg','fc05c372fb1459d45113688b41993990','image/jpeg',126942,'2016-03-04 12:01:17','\0'),(665,'28582_195300971000_2 (1).jpg','a83b3529337703f166d6c21f915e0fa7','image/jpeg',114018,'2016-03-04 12:02:53','\0'),(666,'28582_195300971000_2.jpg','a83b3529337703f166d6c21f915e0fa7','image/jpeg',114018,'2016-03-04 12:02:55','\0'),(667,'b07e6324-8bfa-40ac-a9d1-64dee434aaf8.jpg','fc05c372fb1459d45113688b41993990','image/jpeg',126942,'2016-03-04 12:02:57','\0'),(668,'T1BWtFXg4wXXbuTuDX_084728.jpg','a65937e292d35575e7adc2b24f1a35a5','image/jpeg',130645,'2016-03-04 12:02:59','\0'),(669,'28582_195300971000_2 (1).jpg','a83b3529337703f166d6c21f915e0fa7','image/jpeg',114018,'2016-03-04 12:03:02','\0'),(670,'b07e6324-8bfa-40ac-a9d1-64dee434aaf8.jpg','fc05c372fb1459d45113688b41993990','image/jpeg',126942,'2016-03-04 12:03:05','\0'),(671,'T1BWtFXg4wXXbuTuDX_084728.jpg','a65937e292d35575e7adc2b24f1a35a5','image/jpeg',130645,'2016-03-04 12:03:07','\0'),(672,'b07e6324-8bfa-40ac-a9d1-64dee434aaf8.jpg','fc05c372fb1459d45113688b41993990','image/jpeg',126942,'2016-03-04 12:03:10','\0'),(673,'28582_195300971000_2.jpg','a83b3529337703f166d6c21f915e0fa7','image/jpeg',114018,'2016-03-04 12:03:13','\0'),(674,'28582_195300971000_2 (1).jpg','a83b3529337703f166d6c21f915e0fa7','image/jpeg',114018,'2016-03-04 12:03:16','\0'),(675,'T1BWtFXg4wXXbuTuDX_084728.jpg','a65937e292d35575e7adc2b24f1a35a5','image/jpeg',130645,'2016-03-04 12:03:18','\0'),(676,'28582_195300971000_2.jpg','a83b3529337703f166d6c21f915e0fa7','image/jpeg',114018,'2016-03-04 12:03:20','\0'),(677,'28582_195300971000_2.jpg','a83b3529337703f166d6c21f915e0fa7','image/jpeg',114018,'2016-03-04 12:03:22','\0'),(678,'28582_195300971000_2 (1).jpg','a83b3529337703f166d6c21f915e0fa7','image/jpeg',114018,'2016-03-04 12:03:24','\0'),(679,'T1BWtFXg4wXXbuTuDX_084728.jpg','a65937e292d35575e7adc2b24f1a35a5','image/jpeg',130645,'2016-03-04 12:03:26','\0'),(680,'b07e6324-8bfa-40ac-a9d1-64dee434aaf8.jpg','fc05c372fb1459d45113688b41993990','image/jpeg',126942,'2016-03-04 12:03:31','\0'),(681,'b07e6324-8bfa-40ac-a9d1-64dee434aaf8.jpg','fc05c372fb1459d45113688b41993990','image/jpeg',126942,'2016-03-04 12:04:55','\0'),(682,'T1BWtFXg4wXXbuTuDX_084728.jpg','a65937e292d35575e7adc2b24f1a35a5','image/jpeg',130645,'2016-03-04 13:32:09','\0'),(683,'T1BWtFXg4wXXbuTuDX_084728.jpg','a65937e292d35575e7adc2b24f1a35a5','image/jpeg',130645,'2016-03-04 13:32:27','\0'),(684,'b07e6324-8bfa-40ac-a9d1-64dee434aaf8.jpg','fc05c372fb1459d45113688b41993990','image/jpeg',126942,'2016-03-04 13:32:43','\0'),(685,'28582_195300971000_2.jpg','a83b3529337703f166d6c21f915e0fa7','image/jpeg',114018,'2016-03-04 13:33:05','\0'),(686,'b07e6324-8bfa-40ac-a9d1-64dee434aaf8.jpg','fc05c372fb1459d45113688b41993990','image/jpeg',126942,'2016-03-04 13:33:22','\0'),(687,'b07e6324-8bfa-40ac-a9d1-64dee434aaf8.jpg','fc05c372fb1459d45113688b41993990','image/jpeg',126942,'2016-03-04 13:34:03','\0'),(688,'T1BWtFXg4wXXbuTuDX_084728.jpg','a65937e292d35575e7adc2b24f1a35a5','image/jpeg',130645,'2016-03-04 13:36:34','\0'),(689,'T1BWtFXg4wXXbuTuDX_084728.jpg','a65937e292d35575e7adc2b24f1a35a5','image/jpeg',130645,'2016-03-04 13:36:51','\0'),(690,'28582_195300971000_2 (1).jpg','a83b3529337703f166d6c21f915e0fa7','image/jpeg',114018,'2016-03-04 13:38:51','\0'),(691,'28582_195300971000_2.jpg','a83b3529337703f166d6c21f915e0fa7','image/jpeg',114018,'2016-03-04 13:39:09','\0'),(692,'b07e6324-8bfa-40ac-a9d1-64dee434aaf8.jpg','fc05c372fb1459d45113688b41993990','image/jpeg',126942,'2016-03-04 13:40:18','\0'),(693,'28582_195300971000_2.jpg','a83b3529337703f166d6c21f915e0fa7','image/jpeg',114018,'2016-03-04 13:40:36','\0'),(694,'T1BWtFXg4wXXbuTuDX_084728.jpg','a65937e292d35575e7adc2b24f1a35a5','image/jpeg',130645,'2016-03-04 14:50:06','\0'),(695,'14500714507813239.jpg','ec54fd1830dbd94e172a73fb69c825a8','image/jpeg',176379,'2016-03-04 14:51:40','\0'),(696,'14500714511837994.png','482968246e42ee988904d4f94662207c','image/png',118985,'2016-03-04 14:52:44','\0'),(697,'14500714506396474.jpg','3451693ed7f97292cc8f1b2a93dd9192','image/jpeg',139397,'2016-03-04 14:53:03','\0'),(698,'b07e6324-8bfa-40ac-a9d1-64dee434aaf8.jpg','fc05c372fb1459d45113688b41993990','image/jpeg',126942,'2016-03-04 14:53:49','\0'),(699,'14500714507813239.jpg','ec54fd1830dbd94e172a73fb69c825a8','image/jpeg',176379,'2016-03-04 14:54:07','\0'),(700,'T1ImdZXEBfXXXXXXXX_!!0-item_pic.jpg','6c61b1e0c9a21d6adfca95d7cbb3afc4','image/jpeg',483567,'2016-03-04 15:15:03','\0'),(701,'T1ImdZXEBfXXXXXXXX_!!0-item_pic.jpg','6c61b1e0c9a21d6adfca95d7cbb3afc4','image/jpeg',483567,'2016-03-04 15:15:22','\0'),(702,'3ad4e0f43498a85a.jpg','e680dc3d2b9091300dac46c33b6735b8','image/jpeg',415711,'2016-03-04 16:39:41',''),(703,'T1BWtFXg4wXXbuTuDX_084728.jpg','a65937e292d35575e7adc2b24f1a35a5','image/jpeg',130645,'2016-03-07 11:02:28','\0'),(704,'T1BWtFXg4wXXbuTuDX_084728.jpg','a65937e292d35575e7adc2b24f1a35a5','image/jpeg',130645,'2016-03-07 11:12:47','\0'),(705,'T1BWtFXg4wXXbuTuDX_084728.jpg','a65937e292d35575e7adc2b24f1a35a5','image/jpeg',130645,'2016-03-07 11:15:00','\0'),(706,'28582_195300971000_2 (1).jpg','a83b3529337703f166d6c21f915e0fa7','image/jpeg',114018,'2016-03-07 11:15:04','\0'),(707,'28582_195300971000_2.jpg','a83b3529337703f166d6c21f915e0fa7','image/jpeg',114018,'2016-03-07 11:15:09','\0'),(708,'T1BWtFXg4wXXbuTuDX_084728.jpg','a65937e292d35575e7adc2b24f1a35a5','image/jpeg',130645,'2016-03-07 11:15:12','\0'),(709,'b07e6324-8bfa-40ac-a9d1-64dee434aaf8.jpg','fc05c372fb1459d45113688b41993990','image/jpeg',126942,'2016-03-07 11:15:15','\0'),(710,'T1BWtFXg4wXXbuTuDX_084728.jpg','a65937e292d35575e7adc2b24f1a35a5','image/jpeg',130645,'2016-03-07 11:20:09','\0'),(711,'T1BWtFXg4wXXbuTuDX_084728.jpg','a65937e292d35575e7adc2b24f1a35a5','image/jpeg',130645,'2016-03-07 12:03:19','\0'),(712,'b07e6324-8bfa-40ac-a9d1-64dee434aaf8.jpg','fc05c372fb1459d45113688b41993990','image/jpeg',126942,'2016-03-07 12:03:42','\0'),(713,'28582_195300971000_2 (1).jpg','a83b3529337703f166d6c21f915e0fa7','image/jpeg',114018,'2016-03-07 12:03:45','\0'),(714,'T1BWtFXg4wXXbuTuDX_084728.jpg','a65937e292d35575e7adc2b24f1a35a5','image/jpeg',130645,'2016-03-07 12:12:40','\0'),(715,'T1BWtFXg4wXXbuTuDX_084728.jpg','a65937e292d35575e7adc2b24f1a35a5','image/jpeg',130645,'2016-03-07 14:23:38','\0'),(716,'b07e6324-8bfa-40ac-a9d1-64dee434aaf8.jpg','fc05c372fb1459d45113688b41993990','image/jpeg',126942,'2016-03-07 14:23:41','\0'),(717,'28582_195300971000_2.jpg','a83b3529337703f166d6c21f915e0fa7','image/jpeg',114018,'2016-03-07 14:23:43','\0'),(718,'T1BWtFXg4wXXbuTuDX_084728.jpg','a65937e292d35575e7adc2b24f1a35a5','image/jpeg',130645,'2016-03-07 14:25:25','\0'),(719,'b07e6324-8bfa-40ac-a9d1-64dee434aaf8.jpg','fc05c372fb1459d45113688b41993990','image/jpeg',126942,'2016-03-07 14:25:27','\0'),(720,'28582_195300971000_2.jpg','a83b3529337703f166d6c21f915e0fa7','image/jpeg',114018,'2016-03-07 14:25:29','\0'),(721,'T1BWtFXg4wXXbuTuDX_084728.jpg','a65937e292d35575e7adc2b24f1a35a5','image/jpeg',130645,'2016-03-07 16:14:28','\0'),(722,'28582_195300971000_2.jpg','a83b3529337703f166d6c21f915e0fa7','image/jpeg',114018,'2016-03-07 16:14:32',''),(723,'28582_195300971000_2 (1).jpg','a83b3529337703f166d6c21f915e0fa7','image/jpeg',114018,'2016-03-07 16:14:36','\0'),(724,'T1BWtFXg4wXXbuTuDX_084728.jpg','a65937e292d35575e7adc2b24f1a35a5','image/jpeg',130645,'2016-03-07 16:14:38','\0'),(725,'28582_195300971000_2.jpg','a83b3529337703f166d6c21f915e0fa7','image/jpeg',114018,'2016-03-07 16:14:41','\0');
/*!40000 ALTER TABLE `document_file` ENABLE KEYS */;
UNLOCK TABLES;

--
-- Table structure for table `florist`
--

DROP TABLE IF EXISTS `florist`;
/*!40101 SET @saved_cs_client     = @@character_set_client */;
/*!40101 SET character_set_client = utf8 */;
CREATE TABLE `florist` (
  `id` int(11) unsigned NOT NULL AUTO_INCREMENT,
  `user_id` int(11) unsigned NOT NULL COMMENT '用户id',
  `profile` text,
  `works_link` varchar(255) DEFAULT NULL,
  `deleted` bit(1) DEFAULT b'0',
  `name` varchar(50) NOT NULL COMMENT '昵称',
  PRIMARY KEY (`id`),
  KEY `fk_fu_user_id_idx` (`user_id`),
  CONSTRAINT `fk_fu_user_id` FOREIGN KEY (`user_id`) REFERENCES `user` (`id`) ON UPDATE NO ACTION
) ENGINE=InnoDB AUTO_INCREMENT=10 DEFAULT CHARSET=utf8 COMMENT='花艺师';
/*!40101 SET character_set_client = @saved_cs_client */;

--
-- Dumping data for table `florist`
--

LOCK TABLES `florist` WRITE;
/*!40000 ALTER TABLE `florist` DISABLE KEYS */;
INSERT INTO `florist` VALUES (3,42,'<p>12323434234423423</p>','','\0','harb'),(4,39,'<p>`f;lkf;lkfds;lfk;ld</p>','','\0','harbor'),(5,38,'<p style=\"text-align: center;\"><img src=\"http://121.41.22.252:8080/file/download?view.id=565\" _src=\"http://121.41.22.252:8080/file/download?view.id=565\" style=\"width: 460px; height: 302px;\"/>&nbsp; &nbsp; &nbsp; &nbsp;妇产科单位违法</p><p style=\"text-align: center;\"><img src=\"http://121.41.22.252:8080/file/download?view.id=573\" _src=\"http://121.41.22.252:8080/file/download?view.id=573\"/></p>','http://baidu.com/34／服务费／夫妻感情','\0','jake22222'),(6,43,'<p>sadfassadffdssfda</p>','','\0','hhha'),(7,46,'<p>他们都说我很帅，其实我也不想这样滴。</p><p><img src=\"http://121.41.22.252:8080/file/download?view.id=534\" _src=\"http://121.41.22.252:8080/file/download?view.id=534\"/></p>','','\0','jake'),(8,37,'<p style=\"text-align: center;\"><img style=\"width: 340px; height: 239px;\" src=\"http://121.41.22.252:8080/file/download?view.id=613\" _src=\"http://121.41.22.252:8080/file/download?view.id=613\"/>&nbsp;&nbsp;&nbsp;&nbsp;&nbsp;&nbsp;&nbsp;&nbsp;&nbsp;&nbsp;&nbsp;&nbsp;&nbsp;&nbsp;&nbsp;&nbsp;&nbsp;</p>','https://www.baidu.com/','\0','hhar'),(9,50,'<p>我是。。。。。。</p>','http://www.baidu.com','\0','lucky');
/*!40000 ALTER TABLE `florist` ENABLE KEYS */;
UNLOCK TABLES;

--
-- Table structure for table `goods`
--

DROP TABLE IF EXISTS `goods`;
/*!40101 SET @saved_cs_client     = @@character_set_client */;
/*!40101 SET character_set_client = utf8 */;
CREATE TABLE `goods` (
  `id` int(11) unsigned NOT NULL AUTO_INCREMENT,
  `name` varchar(255) DEFAULT NULL,
  `original_price` decimal(10,2) DEFAULT '0.00',
  `current_price` decimal(10,2) DEFAULT '0.00',
  `shop_id` int(11) DEFAULT NULL,
  `user_id` int(11) DEFAULT NULL,
  `goods_category_id` int(11) DEFAULT NULL,
  `custom_property` text,
  `create_time` datetime DEFAULT NULL,
  `stock` int(11) unsigned DEFAULT '0',
  `sales` int(11) DEFAULT '0' COMMENT '当前产品销量',
  `marketable` bit(1) DEFAULT b'0',
  `intro` text,
  `image_ids` varchar(255) DEFAULT NULL,
  `deleted` bit(1) DEFAULT b'0',
  `top` bit(1) DEFAULT b'0',
  `admin_top` datetime DEFAULT NULL,
  `top_img` int(11) unsigned NOT NULL DEFAULT '0',
  `shop_category_id` int(11) DEFAULT NULL,
  `top_time` datetime DEFAULT NULL,
  `sync_tag` tinyint(1) DEFAULT '0',
  PRIMARY KEY (`id`)
) ENGINE=InnoDB AUTO_INCREMENT=78 DEFAULT CHARSET=utf8;
/*!40101 SET character_set_client = @saved_cs_client */;

--
-- Dumping data for table `goods`
--

LOCK TABLES `goods` WRITE;
/*!40000 ALTER TABLE `goods` DISABLE KEYS */;
INSERT INTO `goods` VALUES (50,'kiro jake',NULL,1.00,43,38,101,'{\"option\":[{\"name\":\"适用场景\",\"type\":\"1\",\"options\":\"爱意表达,祝福,求婚,友情,周年纪念,探望,道歉,婚礼,商务\"},{\"name\":\"适用对象\",\"type\":\"1\",\"options\":\"爱人,朋友,老师,领导/长辈,客户,病人\"},{\"name\":\"适用节日\",\"type\":\"1\",\"options\":\"情人节,圣诞节,七夕,3.8妇女节,母亲节,白色情人节,教师节,感恩节,春节,元旦,父亲节,中秋节,建军节,清明\"},{\"name\":\"品牌\",\"type\":\"1\",\"options\":\"九子花饰,其他\"}],\"optionProperty\":[{\"适用场景\":\"爱意表达\"},{\"适用对象\":\"爱人\"},{\"适用节日\":\"情人节\"},{\"品牌\":\"九子花饰\"}],\"customProperty\":[{\"产地\":\"昆明\"},{\"个个\":\"个个\"}]}','2016-01-19 10:47:09',220,0,'\0','<h3 style=\"margin-top: 10px;margin-right: 0px;margin-left: 0px;padding: 0px;line-height: 1.35;color: rgb(33, 33, 33);font-size: 13px;font-weight: lighter;font-family: &#39;Times New Roman&#39;, &#39;Microsoft YaHei&#39;, Times, serif, simhei;border-bottom-width: 1px;border-bottom-style: solid;border-bottom-color: black;height: 35px\">推荐理由<span style=\";padding: 0px;clear: both;width: 270px;height: 0px;display: block\">STYLE NOTES</span></h3><p style=\"margin-top: 0px;margin-bottom: 0px;padding: 0px;list-style: none;color: rgb(130, 130, 130)\"></p><p style=\"margin-top: 0px;margin-bottom: 0px;padding: 0px;list-style: none;color: rgb(130, 130, 130);font-size: 13.3333px\"><span style=\";padding: 0px\">2016</span><span style=\";padding: 0px\">年情人节，野兽派获得日本樱桃小丸子官方授权，推出史上最性感的小丸子和她的女同学们！头顶章鱼，戴着牡蛎，</span><span style=\";padding: 0px\">机灵慧黠</span><span style=\";padding: 0px\">的可爱。</span></p><p style=\"margin-top: 0px;margin-bottom: 0px;padding: 0px;list-style: none;color: rgb(130, 130, 130);font-size: 13.3333px\">&nbsp;</p><p style=\"margin-top: 0px;margin-bottom: 0px;padding: 0px;list-style: none;color: rgb(130, 130, 130);font-size: 13.3333px\"><span style=\";padding: 0px\">特别设计的复古陶瓷托盘配时髦的粉晶色、静谧蓝，放在床头或桌面，既可做永生花托盘摆放欣赏，也可以存放戒指等首饰小物。</span></p><p style=\"margin-top: 0px;margin-bottom: 0px;padding: 0px;list-style: none;color: rgb(130, 130, 130);font-size: 13.3333px\"><span style=\";padding: 0px\">立体的动物造型则希望你拥有最纯粹的爱，或温柔长吻的喵们，或霸道激吻的长耳兔，肆无忌惮爱得热烈。</span></p><p style=\"margin-top: 0px;margin-bottom: 0px;padding: 0px;list-style: none;color: rgb(130, 130, 130);font-size: 13.3333px\"><span style=\";padding: 0px\">我们选择了奥斯汀玫瑰为主的进口永生花花材，寓意永久守护的爱。沉醉在花丛中，甜蜜在心间。</span></p><p style=\"margin-top: 0px;margin-bottom: 0px;padding: 0px;list-style: none;color: rgb(130, 130, 130)\"></p><h3 style=\"margin-top: 10px;margin-right: 0px;margin-left: 0px;padding: 0px;line-height: 1.35;color: rgb(33, 33, 33);font-size: 13px;font-weight: lighter;font-family: &#39;Times New Roman&#39;, &#39;Microsoft YaHei&#39;, Times, serif, simhei;border-bottom-width: 1px;border-bottom-style: solid;border-bottom-color: black;height: 35px\">保养说明<span style=\";padding: 0px;clear: both;width: 270px;height: 0px;display: block\">CARING</span></h3><p style=\"margin-top: 0px;margin-bottom: 0px;padding: 0px;list-style: none;color: rgb(130, 130, 130)\">保养须知：勿浇水或经常用手触碰，勿放置室外。勿太阳直晒。如蒙上灰尘，用吹风机冷风，将灰尘轻轻吹掉。如室内潮湿，请勿将花材长时间暴露在空气中。 特别说明：南方潮湿地区干花可能会发霉，建议潮湿天气时注意放在干燥环境。永生花在运输过程中，可能会出现少数花瓣碎裂的情况，这是正常现象，可用修眉小剪刀将花瓣边缘修剪整齐。</p><p><br/></p>','442,443,444','\0','',NULL,445,99,'2016-01-22 15:36:35',1),(51,'测试玫瑰',NULL,0.01,43,38,101,'{\"option\":[{\"name\":\"适用场景\",\"type\":\"1\",\"options\":\"爱意表达,祝福,求婚,友情,周年纪念,探望,道歉,婚礼,商务\"},{\"name\":\"适用对象\",\"type\":\"1\",\"options\":\"爱人,朋友,老师,领导/长辈,客户,病人\"},{\"name\":\"适用节日\",\"type\":\"1\",\"options\":\"情人节,圣诞节,七夕,3.8妇女节,母亲节,白色情人节,教师节,感恩节,春节,元旦,父亲节,中秋节,建军节,清明\"},{\"name\":\"品牌\",\"type\":\"1\",\"options\":\"九子花饰,其他\"}],\"optionProperty\":[{\"适用场景\":\"爱意表达\"},{\"适用对象\":\"爱人\"},{\"适用节日\":\"情人节\"},{\"品牌\":\"九子花饰\"}],\"customProperty\":[{\"产地\":\"北京\"}]}','2016-01-19 10:58:40',9,1,'','<p><img src=\"http://121.41.22.252:8080/file/download?view.id=568\" _src=\"http://121.41.22.252:8080/file/download?view.id=568\"/><img src=\"http://121.41.22.252:8080/file/download?view.id=569\" _src=\"http://121.41.22.252:8080/file/download?view.id=569\"/></p>','440','\0','',NULL,441,100,'2016-01-19 10:59:18',1),(52,'测试 玫瑰',NULL,199.00,43,38,101,'{\"option\":[{\"name\":\"适用场景\",\"type\":\"1\",\"options\":\"爱意表达,祝福,求婚,友情,周年纪念,探望,道歉,婚礼,商务\"},{\"name\":\"适用对象\",\"type\":\"1\",\"options\":\"爱人,朋友,老师,领导/长辈,客户,病人\"},{\"name\":\"适用节日\",\"type\":\"1\",\"options\":\"情人节,圣诞节,七夕,3.8妇女节,母亲节,白色情人节,教师节,感恩节,春节,元旦,父亲节,中秋节,建军节,清明\"},{\"name\":\"品牌\",\"type\":\"1\",\"options\":\"九子花饰,其他\"}],\"optionProperty\":[{\"适用场景\":\"爱意表达\"},{\"适用对象\":\"爱人\"},{\"适用节日\":\"情人节\"},{\"品牌\":\"九子花饰\"}],\"customProperty\":[{\"品牌\":\"我是测试数据\"},{\"品牌\":\"我是测试数据\"}]}','2016-01-19 11:01:12',0,0,'\0','<p><span style=\"white-space: normal;\">我是测试数据</span>\n			</p>','438','\0','',NULL,439,99,'2016-01-22 15:39:19',1),(53,'“快到怀里来” 樱桃小丸子金色美人鱼限量鲜花花盒',NULL,520.00,44,35,101,'{\"option\":[{\"name\":\"适用场景\",\"type\":\"1\",\"options\":\"爱意表达,祝福,求婚,友情,周年纪念,探望,道歉,婚礼,商务\"},{\"name\":\"适用对象\",\"type\":\"1\",\"options\":\"爱人,朋友,老师,领导/长辈,客户,病人\"},{\"name\":\"适用节日\",\"type\":\"1\",\"options\":\"情人节,圣诞节,七夕,3.8妇女节,母亲节,白色情人节,教师节,感恩节,春节,元旦,父亲节,中秋节,建军节,清明\"},{\"name\":\"品牌\",\"type\":\"1\",\"options\":\"九子花饰,其他\"}],\"optionProperty\":[{\"使用场景\":\"婚庆,求婚,道歉\"},{\"使用对象\":\"恋人,女友,父亲,母亲\"}],\"customProperty\":[]}','2016-01-20 09:31:11',56,0,'\0','<p style=\"text-align: center;\"><img src=\"http://121.41.22.252:8080/file/download?view.id=424\" _src=\"http://121.41.22.252:8080/file/download?view.id=424\" style=\"width: 398px; height: 432px;\"/>\n			</p>','423','\0','',NULL,466,102,'2016-01-22 18:01:09',1),(54,'SHASHI',NULL,510.00,44,35,101,'{\"option\":[{\"name\":\"适用场景\",\"type\":\"1\",\"options\":\"爱意表达,祝福,求婚,友情,周年纪念,探望,道歉,婚礼,商务\"},{\"name\":\"适用对象\",\"type\":\"1\",\"options\":\"爱人,朋友,老师,领导/长辈,客户,病人\"},{\"name\":\"适用节日\",\"type\":\"1\",\"options\":\"情人节,圣诞节,七夕,3.8妇女节,母亲节,白色情人节,教师节,感恩节,春节,元旦,父亲节,中秋节,建军节,清明\"},{\"name\":\"品牌\",\"type\":\"1\",\"options\":\"九子花饰,其他\"}],\"optionProperty\":[{\"使用场景\":\"求婚\"},{\"使用对象\":\"老师\"}],\"customProperty\":[]}','2016-01-20 09:42:03',2,0,'\0','<p style=\"text-align: center;\"><img src=\"http://oss.thebeastshop.com/image/20160103165017336567.jpg\" style=\"margin: 0px; padding: 0px; vertical-align: top; max-width: 960px; width: 605px; color: rgb(0, 0, 0); font-family: &#39;Times New Roman&#39;, &#39;Microsoft YaHei&#39;, Times, serif; font-size: 13px; line-height: normal; white-space: normal; height: 3270px;\"/>\n			</p><p style=\"text-align: center;\"><br/></p>','413','\0','',NULL,416,103,'2016-01-20 09:47:46',1),(55,'ALEXANDRA MARGNAT',NULL,534.00,44,35,101,'{\"option\":[{\"name\":\"适用场景\",\"type\":\"1\",\"options\":\"爱意表达,祝福,求婚,友情,周年纪念,探望,道歉,婚礼,商务\"},{\"name\":\"适用对象\",\"type\":\"1\",\"options\":\"爱人,朋友,老师,领导/长辈,客户,病人\"},{\"name\":\"适用节日\",\"type\":\"1\",\"options\":\"情人节,圣诞节,七夕,3.8妇女节,母亲节,白色情人节,教师节,感恩节,春节,元旦,父亲节,中秋节,建军节,清明\"},{\"name\":\"品牌\",\"type\":\"1\",\"options\":\"九子花饰,其他\"}],\"optionProperty\":[{\"适用场景\":\"爱意表达\"},{\"适用对象\":\"爱人\"},{\"适用节日\":\"情人节\"},{\"品牌\":\"九子花饰\"}],\"customProperty\":[]}','2016-01-20 09:45:46',5,0,'\0','<p style=\"text-align: center;\"><img src=\"http://oss.thebeastshop.com/image/20151206151054659555.jpg\" style=\"margin: 0px; padding: 0px; vertical-align: top; max-width: 960px; width: 358px; color: rgb(0, 0, 0); font-family: &#39;Times New Roman&#39;, &#39;Microsoft YaHei&#39;, Times, serif; font-size: 13px; line-height: normal; white-space: normal; height: 1186px;\"/>\n			</p><p style=\"text-align: center;\">&nbsp;</p><p class=\"p1\" style=\"text-align: center;\"><span class=\"s1\">we are the warriors that built this town.&nbsp;</span></p><p class=\"p2\" style=\"text-align: center;\"><span class=\"s1\">我们是建造城市的勇士</span></p><p class=\"p1\" style=\"text-align: center;\"><span class=\"s1\">From Dust.&nbsp;</span></p><p class=\"p2\" style=\"text-align: center;\"><span class=\"s1\">平地而起 创造辉煌</span></p><p class=\"p1\" style=\"text-align: center;\"><span class=\"s1\">Here we are, don&#39;t turn away now,&nbsp;</span></p><p class=\"p2\" style=\"text-align: center;\"><span class=\"s1\">我们在这 现在不要转身离开</span></p><p class=\"p1\" style=\"text-align: center;\"><span class=\"s1\">we are the warriors that built this town.&nbsp;</span></p><p class=\"p3\" style=\"text-align: center;\"><span class=\"s2\">我们是建造城市的勇士</span></p><p style=\"text-align: center;\"><br/></p>','412','\0','',NULL,384,103,'2016-01-20 09:47:39',1),(56,'情人节“百合”专属你我',NULL,0.01,43,38,101,'{\"option\":[{\"name\":\"适用场景\",\"type\":\"1\",\"options\":\"爱意表达,祝福,求婚,友情,周年纪念,探望,道歉,婚礼,商务\"},{\"name\":\"适用对象\",\"type\":\"1\",\"options\":\"爱人,朋友,老师,领导/长辈,客户,病人\"},{\"name\":\"适用节日\",\"type\":\"1\",\"options\":\"情人节,圣诞节,七夕,3.8妇女节,母亲节,白色情人节,教师节,感恩节,春节,元旦,父亲节,中秋节,建军节,清明\"},{\"name\":\"品牌\",\"type\":\"1\",\"options\":\"九子花饰,其他\"}],\"optionProperty\":[{\"适用场景\":\"求婚\"},{\"适用对象\":\"爱人\"},{\"适用节日\":\"情人节\"},{\"品牌\":\"九子花饰\"}],\"customProperty\":[{\"产地\":\"昆明\"}]}','2016-01-22 15:36:16',198,0,'\0','<p>我是测试数据</p><p><img src=\"http://121.41.22.252:8080/file/download?view.id=570\" _src=\"http://121.41.22.252:8080/file/download?view.id=570\" style=\"\"/></p><p></p><p>\n			</p>','448','\0','',NULL,450,99,'2016-01-22 15:36:58',1),(57,'杰伦',NULL,1.00,43,38,101,'{\"option\":[{\"name\":\"适用场景\",\"type\":\"1\",\"options\":\"爱意表达,祝福,求婚,友情,周年纪念,探望,道歉,婚礼,商务\"},{\"name\":\"适用对象\",\"type\":\"1\",\"options\":\"爱人,朋友,老师,领导/长辈,客户,病人\"},{\"name\":\"适用节日\",\"type\":\"1\",\"options\":\"情人节,圣诞节,七夕,3.8妇女节,母亲节,白色情人节,教师节,感恩节,春节,元旦,父亲节,中秋节,建军节,清明\"},{\"name\":\"品牌\",\"type\":\"1\",\"options\":\"九子花饰,其他\"}],\"optionProperty\":[{\"适用场景\":\"爱意表达\"},{\"适用对象\":\"爱人\"},{\"适用节日\":\"情人节\"},{\"品牌\":\"九子花饰\"}],\"customProperty\":[]}','2016-01-22 16:13:13',11,0,'\0','<p>我是恨恨帅气的人，我色图片：</p><p style=\"text-align: center;\"><img src=\"/file/download?view.id=451\" _src=\"/file/download?view.id=451\" style=\"width: 734px; height: 351px;\"/>我在右边</p><p style=\"text-align: center;\">我在下边</p><p style=\"text-align: left;\">我在开始处</p><p style=\"text-align: right;\"><img src=\"http://121.41.22.252:8080/file/download?view.id=452\" _src=\"http://121.41.22.252:8080/file/download?view.id=452\" style=\"\"/>我的右边</p><p><img src=\"http://121.41.22.252:8080/file/download?view.id=453\" _src=\"http://121.41.22.252:8080/file/download?view.id=453\" style=\"\"/></p><p>\n			</p>','454','\0','\0',NULL,0,100,NULL,1),(58,'爱的色放',NULL,11.00,45,39,101,'{\"option\":[{\"name\":\"适用场景\",\"type\":\"1\",\"options\":\"爱意表达,祝福,求婚,友情,周年纪念,探望,道歉,婚礼,商务\"},{\"name\":\"适用对象\",\"type\":\"1\",\"options\":\"爱人,朋友,老师,领导/长辈,客户,病人\"},{\"name\":\"适用节日\",\"type\":\"1\",\"options\":\"情人节,圣诞节,七夕,3.8妇女节,母亲节,白色情人节,教师节,感恩节,春节,元旦,父亲节,中秋节,建军节,清明\"},{\"name\":\"品牌\",\"type\":\"1\",\"options\":\"九子花饰,其他\"}],\"optionProperty\":[{\"适用场景\":\"爱意表达\"},{\"适用对象\":\"爱人\"},{\"适用节日\":\"情人节\"},{\"品牌\":\"九子花饰\"}],\"customProperty\":[]}','2016-01-22 18:01:53',121,0,'\0','','467','\0','\0',NULL,468,0,NULL,1),(59,'养殖1',NULL,22.00,44,35,109,'{\"option\":[{\"name\":\"品牌\",\"type\":\"1\",\"options\":\"水莲，莲藕，碧玉\"},{\"name\":\"颜色\",\"type\":\"2\",\"options\":\"红，白，黄\"},{\"name\":\"产地\",\"type\":\"1\",\"options\":\"云南，广州\"}],\"optionProperty\":[{\"品牌\":\"水莲，莲藕，碧玉\"},{\"颜色\":\"红，白，黄\"},{\"产地\":\"云南，广州\"}],\"customProperty\":[]}','2016-02-26 17:38:03',2,0,'\0','222<p>\n			</p>','577','\0','\0',NULL,0,0,NULL,0),(60,'玫瑰',NULL,131.40,46,50,101,'{\"option\":[{\"name\":\"适用场景\",\"type\":\"1\",\"options\":\"爱意表达,祝福,求婚,友情,周年纪念,探望,道歉,婚礼,商务\"},{\"name\":\"适用对象\",\"type\":\"1\",\"options\":\"爱人,朋友,老师,领导/长辈,客户,病人\"},{\"name\":\"适用节日\",\"type\":\"1\",\"options\":\"情人节,圣诞节,七夕,3.8妇女节,母亲节,白色情人节,教师节,感恩节,春节,元旦,父亲节,中秋节,建军节,清明\"},{\"name\":\"品牌\",\"type\":\"1\",\"options\":\"九子花饰,其他\"}],\"optionProperty\":[{\"适用场景\":\"爱意表达\"},{\"适用对象\":\"爱人\"},{\"适用节日\":\"情人节\"},{\"品牌\":\"九子花饰\"}],\"customProperty\":[{\"幼儿园\":\"111\"}]}','2016-03-01 17:55:01',99,0,'\0','<p>1111111</p><p>\n			</p>','603','\0','',NULL,605,0,'2016-03-02 17:56:58',0),(61,'百合',NULL,100.00,46,50,101,'{\"option\":[{\"name\":\"适用场景\",\"type\":\"1\",\"options\":\"爱意表达,祝福,求婚,友情,周年纪念,探望,道歉,婚礼,商务\"},{\"name\":\"适用对象\",\"type\":\"1\",\"options\":\"爱人,朋友,老师,领导/长辈,客户,病人\"},{\"name\":\"适用节日\",\"type\":\"1\",\"options\":\"情人节,圣诞节,七夕,3.8妇女节,母亲节,白色情人节,教师节,感恩节,春节,元旦,父亲节,中秋节,建军节,清明\"},{\"name\":\"品牌\",\"type\":\"1\",\"options\":\"九子花饰,其他\"}],\"optionProperty\":[{\"适用场景\":\"爱意表达\"},{\"适用对象\":\"爱人\"},{\"适用节日\":\"情人节\"},{\"品牌\":\"九子花饰\"}],\"customProperty\":[]}','2016-03-01 18:28:46',100,0,'\0','1111111111111<p>\n			</p>','606','\0','',NULL,608,0,'2016-03-01 18:34:21',0),(62,'向日葵',NULL,100.00,46,50,101,'{\"option\":[{\"name\":\"适用场景\",\"type\":\"1\",\"options\":\"爱意表达,祝福,求婚,友情,周年纪念,探望,道歉,婚礼,商务\"},{\"name\":\"适用对象\",\"type\":\"1\",\"options\":\"爱人,朋友,老师,领导/长辈,客户,病人\"},{\"name\":\"适用节日\",\"type\":\"1\",\"options\":\"情人节,圣诞节,七夕,3.8妇女节,母亲节,白色情人节,教师节,感恩节,春节,元旦,父亲节,中秋节,建军节,清明\"},{\"name\":\"品牌\",\"type\":\"1\",\"options\":\"九子花饰,其他\"}],\"optionProperty\":[{\"适用场景\":\"爱意表达\"},{\"适用对象\":\"爱人\"},{\"适用节日\":\"情人节\"},{\"品牌\":\"九子花饰\"}],\"customProperty\":[]}','2016-03-01 18:29:28',100,0,'\0','111<p>\n			</p>','607','\0','',NULL,609,0,'2016-03-01 18:34:38',0),(63,'333',NULL,0.01,46,50,113,'{\"option\":\"\",\"optionProperty\":[],\"customProperty\":[{\"333\":\"333\"}]}','2016-03-02 17:50:42',0,0,'\0','<p>123456</p>','660','\0','',NULL,661,112,'2016-03-02 17:56:55',0),(64,'11111',NULL,0.01,46,50,113,'{\"option\":\"\",\"optionProperty\":[],\"customProperty\":[{\"111\":\"111\"}]}','2016-03-02 17:57:59',5,0,'\0','','632,633,634','','\0',NULL,0,0,NULL,0),(65,'222',NULL,0.01,46,50,113,'{\"option\":\"\",\"optionProperty\":[],\"customProperty\":[{\"222\":\"222\"}]}','2016-03-02 18:15:55',2,0,'\0','','636,637,638,639,640,641,642,643,644,645,646,647,648,649,650,651,652,653,654,655','','',NULL,664,112,'2016-03-04 13:31:43',0),(66,'444',NULL,0.01,46,50,114,'{\"option\":[{\"name\":\"\",\"type\":\"0\",\"options\":\"\"}],\"optionProperty\":[{\"readonly11\":\"11\"}],\"customProperty\":[]}','2016-03-04 11:43:42',1,0,'\0','111<p>\n			</p>','662','\0','',NULL,663,0,'2016-03-04 13:31:37',0),(67,'555',NULL,0.01,46,50,114,'{\"option\":[{\"name\":\"\",\"type\":\"0\",\"options\":\"\"}],\"optionProperty\":[{\"readonly\":\"111\"}],\"customProperty\":[]}','2016-03-04 12:05:20',5,0,'\0','11111111111<p>\n			</p>','665,666,667,668,669,670,671,672,673,674,675,676,677,678,679,680','\0','',NULL,681,111,'2016-03-04 12:06:00',0),(68,'66',NULL,0.01,46,50,114,'{\"option\":[{\"name\":\"\",\"type\":\"0\",\"options\":\"\"}],\"optionProperty\":[{\"readonly\":\"1111\"}],\"customProperty\":[]}','2016-03-04 13:32:28',5,0,'\0','1111111111111<p>\n			</p>','682','\0','\0',NULL,683,111,NULL,0),(69,'77',NULL,0.01,46,50,113,'{\"option\":\"\",\"optionProperty\":[],\"customProperty\":[{\"11\":\"11\"}]}','2016-03-04 13:33:06',5,0,'\0','11111<p>\n			</p>','684','\0','\0',NULL,685,112,NULL,0),(70,'88',NULL,0.01,46,50,113,'{\"option\":\"\",\"optionProperty\":[],\"customProperty\":[{\"111111111\":\"1111111111111\"}]}','2016-03-04 13:34:04',3,0,'\0','<p>21111111选择</p><p>\n			</p>','686,705,706,707,708,709','\0','',NULL,687,111,'2016-03-04 13:39:37',0),(71,'不要立即上架测试',NULL,0.01,46,50,113,'{\"option\":\"\",\"optionProperty\":[],\"customProperty\":[{\"11111111\":\"11111111\"}]}','2016-03-04 13:36:52',5,0,'\0','1111111111<p>\n			</p>','688','\0','\0',NULL,689,112,NULL,0),(72,'审核页面跳转测试',NULL,0.01,46,50,113,'{\"option\":\"\",\"optionProperty\":[],\"customProperty\":[{\"23\":\"1111112\"}]}','2016-03-04 13:39:11',5,0,'\0','111111111111<p>\n			</p>','690','\0','\0',NULL,691,112,NULL,0),(73,'审核页面跳转测试二',NULL,0.01,46,50,113,'{\"option\":\"\",\"optionProperty\":[],\"customProperty\":[{\"111111\":\"1111111\"}]}','2016-03-04 13:40:39',5,0,'\0','11111<p>\n			</p>','692','\0','\0',NULL,693,112,NULL,0),(74,'永恒的爱恋',NULL,151.00,45,39,101,'{\"option\":[{\"name\":\"适用场景\",\"type\":\"1\",\"options\":\"爱意表达,祝福,求婚,友情,周年纪念,探望,道歉,婚礼,商务\"},{\"name\":\"适用对象\",\"type\":\"1\",\"options\":\"爱人,朋友,老师,领导/长辈,客户,病人\"},{\"name\":\"适用节日\",\"type\":\"1\",\"options\":\"情人节,圣诞节,七夕,3.8妇女节,母亲节,白色情人节,教师节,感恩节,春节,元旦,父亲节,中秋节,建军节,清明\"},{\"name\":\"品牌\",\"type\":\"1\",\"options\":\"九子花饰,其他\"}],\"optionProperty\":[{\"适用场景\":\"爱意表达\"},{\"适用对象\":\"爱人\"},{\"适用节日\":\"情人节\"},{\"品牌\":\"九子花饰\"}],\"customProperty\":[]}','2016-03-04 14:52:10',12,0,'\0','<p>原价250,现价151,你没有看错,</p>','695','\0','\0',NULL,0,0,NULL,0),(75,'rouseOnly`',NULL,151.00,45,39,109,'{\"option\":[{\"name\":\"品牌\",\"type\":\"1\",\"options\":\"水莲，莲藕，碧玉\"},{\"name\":\"颜色\",\"type\":\"2\",\"options\":\"红，白，黄\"},{\"name\":\"产地\",\"type\":\"1\",\"options\":\"云南，广州\"}],\"optionProperty\":[{\"品牌\":\"水莲，莲藕，碧玉\"},{\"颜色\":\"红，白，黄\"},{\"产地\":\"云南，广州\"}],\"customProperty\":[]}','2016-03-04 14:52:52',11,0,'\0','sadfasdfasffffffffffffffffff<p>\n			</p>','696','\0','\0',NULL,0,0,NULL,0),(76,'等待',NULL,1211.00,45,39,114,'{\"option\":[{\"name\":\"\",\"type\":\"0\",\"options\":\"\"}],\"optionProperty\":[{\"readonly\":\"安德森\"}],\"customProperty\":[]}','2016-03-04 14:53:45',2,0,'\0','莫让的呢个贷成我i遗憾,唉<p>\n			</p>','697','\0','\0',NULL,0,0,NULL,0),(77,'loveTest',NULL,111.00,45,39,109,'{\"option\":[{\"name\":\"品牌\",\"type\":\"1\",\"options\":\"水莲，莲藕，碧玉\"},{\"name\":\"颜色\",\"type\":\"2\",\"options\":\"红，白，黄\"},{\"name\":\"产地\",\"type\":\"1\",\"options\":\"云南，广州\"}],\"optionProperty\":[{\"品牌\":\"水莲，莲藕，碧玉\"},{\"颜色\":\"红，白，黄\"},{\"产地\":\"云南，广州\"}],\"customProperty\":[]}','2016-03-04 14:54:14',1,0,'\0','12212121<p>\n			</p>','699','\0','\0',NULL,0,0,NULL,0);
/*!40000 ALTER TABLE `goods` ENABLE KEYS */;
UNLOCK TABLES;

--
-- Table structure for table `goods_category`
--

DROP TABLE IF EXISTS `goods_category`;
/*!40101 SET @saved_cs_client     = @@character_set_client */;
/*!40101 SET character_set_client = utf8 */;
CREATE TABLE `goods_category` (
  `id` int(11) unsigned NOT NULL AUTO_INCREMENT,
  `name` varchar(100) DEFAULT NULL,
  `parameters` varchar(500) DEFAULT NULL,
  `shop_id` int(11) unsigned DEFAULT NULL,
  `deleted` tinyint(4) NOT NULL DEFAULT '0',
  PRIMARY KEY (`id`)
) ENGINE=InnoDB AUTO_INCREMENT=121 DEFAULT CHARSET=utf8;
/*!40101 SET character_set_client = @saved_cs_client */;

--
-- Dumping data for table `goods_category`
--

LOCK TABLES `goods_category` WRITE;
/*!40000 ALTER TABLE `goods_category` DISABLE KEYS */;
INSERT INTO `goods_category` VALUES (98,'鲜花',NULL,43,0),(99,'玫瑰',NULL,43,0),(100,'鲜切花','',43,0),(101,'鲜切花','[{\"name\":\"适用场景\",\"type\":\"1\",\"options\":\"爱意表达,祝福,求婚,友情,周年纪念,探望,道歉,婚礼,商务\"},{\"name\":\"适用对象\",\"type\":\"1\",\"options\":\"爱人,朋友,老师,领导/长辈,客户,病人\"},{\"name\":\"适用节日\",\"type\":\"1\",\"options\":\"情人节,圣诞节,七夕,3.8妇女节,母亲节,白色情人节,教师节,感恩节,春节,元旦,父亲节,中秋节,建军节,清明\"},{\"name\":\"品牌\",\"type\":\"1\",\"options\":\"九子花饰,其他\"}]',NULL,0),(102,'花艺','',44,0),(103,'独家珠宝','',44,0),(104,'家居','',44,0),(105,'礼物','',44,0),(106,'22','[{\"name\":\"\",\"type\":\"2\",\"options\":\"\"}]',NULL,1),(107,'22','',44,0),(108,'百合','',43,0),(109,'养殖','[{\"name\":\"品牌\",\"type\":\"1\",\"options\":\"水莲，莲藕，碧玉\"},{\"name\":\"颜色\",\"type\":\"2\",\"options\":\"红，白，黄\"},{\"name\":\"产地\",\"type\":\"1\",\"options\":\"云南，广州\"}]',NULL,0),(110,'绿植','',46,1),(111,'绿植','',46,1),(112,'鲜花','',46,1),(113,'鲜花','',NULL,0),(114,'绿植','[{\"name\":\"\",\"type\":\"0\",\"options\":\"\"}]',NULL,0),(115,'2220','',46,1),(116,'33','',46,1),(117,'11','',46,0),(118,'55','',46,0),(119,'44','',46,0),(120,'22','',46,0);
/*!40000 ALTER TABLE `goods_category` ENABLE KEYS */;
UNLOCK TABLES;

--
-- Table structure for table `help_center`
--

DROP TABLE IF EXISTS `help_center`;
/*!40101 SET @saved_cs_client     = @@character_set_client */;
/*!40101 SET character_set_client = utf8 */;
CREATE TABLE `help_center` (
  `id` int(11) unsigned NOT NULL AUTO_INCREMENT,
  `name` varchar(100) NOT NULL,
  `content` text NOT NULL,
  `weight` int(11) NOT NULL DEFAULT '0',
  `deleted` bit(1) DEFAULT b'0',
  PRIMARY KEY (`id`),
  UNIQUE KEY `name` (`name`)
) ENGINE=InnoDB AUTO_INCREMENT=10 DEFAULT CHARSET=utf8;
/*!40101 SET character_set_client = @saved_cs_client */;

--
-- Dumping data for table `help_center`
--

LOCK TABLES `help_center` WRITE;
/*!40000 ALTER TABLE `help_center` DISABLE KEYS */;
INSERT INTO `help_center` VALUES (5,'送达说明','鲜花类送递说明   一、送达说明：         *普通送达为指定时间区间误差半小时之内。例如，指定10.00-12.00分送到，而送达时间在12.30分之前为正常。         *准时送达为指定时间区间误差5分钟之内。例如，指定10.10-10.20分送到，而送达时间在10.25分之前为正常。         *送达时间的记录是以到达指定的小区、单位、机关、村庄的大门口为准。门卫保安门禁宠物等因素会导致送达时间延迟。         *订单只包含一次送递的费用。         *订单制作完成后制作者会有图片上传，该图片为毫无修饰的真实再现。限于拍摄水平，请多包涵。  二、免责内容：        *地址不详；按定单要求时间地点无收货人或代收人。        *非送递人员导致的交通道路无法通行而无法送达延迟送达的。        *收货人订货人无法联系；收货人拒收的。        *极端恶劣天气环境状况无法送达或需要延迟的。        *无法送达且无二次送达指示的。  三、以下情况会造成订货人费用增加：        *二次送达的送递费用；二次修整制作的相关费用；        *指定送递人员或更改送递时间地点。        *非工作营业时间送递。',4,'\0'),(6,'退换货办法','<p style=\"margin-top: 0px; margin-bottom: 0px; padding: 5px; box-sizing: content-box; font-size: 15px; color: rgb(51, 51, 51); font-family: 微软雅黑, &#39;Microsoft YaHei&#39;, 宋体, helvetica, &#39;Hiragino Sans GB&#39;; line-height: normal; white-space: normal;\"><span style=\"margin: 0px; padding: 0px; box-sizing: content-box; white-space: nowrap;\">任何取消或修改订单的需求，请及时联系商铺客服。</span><br style=\"margin: 0px; padding: 0px; box-sizing: content-box;\"/></p><p style=\"margin-top: 0px; margin-bottom: 0px; padding: 5px; box-sizing: content-box; font-size: 15px; color: rgb(51, 51, 51); font-family: 微软雅黑, &#39;Microsoft YaHei&#39;, 宋体, helvetica, &#39;Hiragino Sans GB&#39;; line-height: normal; white-space: normal;\"><span style=\"margin: 0px; padding: 0px; box-sizing: content-box; white-space: nowrap;\">鲜花商品的退换：</span></p><p style=\"margin-top: 0px; margin-bottom: 0px; padding: 5px; box-sizing: content-box; font-size: 15px; color: rgb(51, 51, 51); font-family: 微软雅黑, &#39;Microsoft YaHei&#39;, 宋体, helvetica, &#39;Hiragino Sans GB&#39;; line-height: normal; white-space: normal;\"><span style=\"margin: 0px; padding: 0px; box-sizing: content-box; white-space: nowrap;\">&nbsp;&nbsp;&nbsp;&nbsp;&nbsp;&nbsp; *未及时下架的无库存商品，退或换。送错商品的，退或换。</span></p><p style=\"margin-top: 0px; margin-bottom: 0px; padding: 5px; box-sizing: content-box; font-size: 15px; color: rgb(51, 51, 51); font-family: 微软雅黑, &#39;Microsoft YaHei&#39;, 宋体, helvetica, &#39;Hiragino Sans GB&#39;; line-height: normal; white-space: normal;\"><span style=\"margin: 0px; padding: 0px; box-sizing: content-box; white-space: nowrap;\">&nbsp;&nbsp;&nbsp;&nbsp;&nbsp;&nbsp; *送递过程中导致损毁严重的。</span></p><p style=\"margin-top: 0px; margin-bottom: 0px; padding: 5px; box-sizing: content-box; font-size: 15px; color: rgb(51, 51, 51); font-family: 微软雅黑, &#39;Microsoft YaHei&#39;, 宋体, helvetica, &#39;Hiragino Sans GB&#39;; line-height: normal; white-space: normal;\"><span style=\"margin: 0px; padding: 0px; box-sizing: content-box; white-space: nowrap;\">&nbsp;&nbsp;&nbsp;&nbsp;&nbsp;&nbsp; *送达时间严重拖延的。<br style=\"margin: 0px; padding: 0px; box-sizing: content-box;\"/></span></p><p style=\"margin-top: 0px; margin-bottom: 0px; padding: 5px; box-sizing: content-box; font-size: 15px; color: rgb(51, 51, 51); font-family: 微软雅黑, &#39;Microsoft YaHei&#39;, 宋体, helvetica, &#39;Hiragino Sans GB&#39;; line-height: normal; white-space: normal;\"><span style=\"margin: 0px; padding: 0px; box-sizing: content-box; white-space: nowrap;\">非鲜花商品退换：</span></p><p style=\"margin-top: 0px; margin-bottom: 0px; padding: 5px; box-sizing: content-box; font-size: 15px; color: rgb(51, 51, 51); font-family: 微软雅黑, &#39;Microsoft YaHei&#39;, 宋体, helvetica, &#39;Hiragino Sans GB&#39;; line-height: normal; white-space: normal;\"><span style=\"margin: 0px; padding: 0px; box-sizing: content-box; white-space: nowrap;\">&nbsp;&nbsp;&nbsp;&nbsp;&nbsp;&nbsp;&nbsp; 因质量问题造成的退换货需求，客户自商品签收之日起7日内进行</span><span style=\"margin: 0px; padding: 0px; box-sizing: content-box; white-space: nowrap;\">。</span></p><p style=\"margin-top: 0px; margin-bottom: 0px; padding: 5px; box-sizing: content-box; font-size: 15px; color: rgb(51, 51, 51); font-family: 微软雅黑, &#39;Microsoft YaHei&#39;, 宋体, helvetica, &#39;Hiragino Sans GB&#39;; line-height: normal; white-space: normal;\"><span style=\"margin: 0px; padding: 0px; box-sizing: content-box; white-space: nowrap;\"><br style=\"margin: 0px; padding: 0px; box-sizing: content-box;\"/></span></p><p style=\"margin-top: 0px; margin-bottom: 0px; padding: 5px; box-sizing: content-box; font-size: 15px; color: rgb(51, 51, 51); font-family: 微软雅黑, &#39;Microsoft YaHei&#39;, 宋体, helvetica, &#39;Hiragino Sans GB&#39;; line-height: normal; white-space: normal;\"><span style=\"margin: 0px; padding: 0px; box-sizing: content-box; white-space: nowrap;\">以下情况将不提供退换货服务：</span></p><p style=\"margin-top: 0px; margin-bottom: 0px; padding: 5px; box-sizing: content-box; font-size: 15px; color: rgb(51, 51, 51); font-family: 微软雅黑, &#39;Microsoft YaHei&#39;, 宋体, helvetica, &#39;Hiragino Sans GB&#39;; line-height: normal; white-space: normal;\"><span style=\"margin: 0px; padding: 0px; box-sizing: content-box; white-space: nowrap;\">&nbsp;&nbsp;&nbsp;&nbsp;&nbsp; 1、非本商铺出售的商品；</span></p><p style=\"margin-top: 0px; margin-bottom: 0px; padding: 5px; box-sizing: content-box; font-size: 15px; color: rgb(51, 51, 51); font-family: 微软雅黑, &#39;Microsoft YaHei&#39;, 宋体, helvetica, &#39;Hiragino Sans GB&#39;; line-height: normal; white-space: normal;\"><span style=\"margin: 0px; padding: 0px; box-sizing: content-box; white-space: nowrap;\">&nbsp;&nbsp;&nbsp;&nbsp;&nbsp; 2、</span><span style=\"margin: 0px; padding: 0px; box-sizing: content-box; white-space: nowrap;\">因非正常使用、保管或保养不当而导致质量问题的商品。</span></p><p style=\"margin-top: 0px; margin-bottom: 0px; padding: 5px; box-sizing: content-box; font-size: 15px; color: rgb(51, 51, 51); font-family: 微软雅黑, &#39;Microsoft YaHei&#39;, 宋体, helvetica, &#39;Hiragino Sans GB&#39;; line-height: normal; white-space: normal;\"><span style=\"margin: 0px; padding: 0px; box-sizing: content-box; white-space: nowrap;\">&nbsp;&nbsp;&nbsp;&nbsp;&nbsp; 3、商品已开具发票但发票未退回该商铺。</span></p><p style=\"margin-top: 0px; margin-bottom: 0px; padding: 5px; box-sizing: content-box; font-size: 15px; color: rgb(51, 51, 51); font-family: 微软雅黑, &#39;Microsoft YaHei&#39;, 宋体, helvetica, &#39;Hiragino Sans GB&#39;; line-height: normal; white-space: normal;\"><span style=\"margin: 0px; padding: 0px; box-sizing: content-box; white-space: nowrap;\">&nbsp;&nbsp;&nbsp;&nbsp;&nbsp; 4、商品无任何质量问题，因个人喜好（气味，色泽、型号，外观）要求的退换货将无法受理。</span></p><p><br/></p>',3,'\0'),(7,'送递范围和时间','<p style=\"margin-top: 0px; margin-bottom: 0px; padding: 5px; box-sizing: content-box; font-size: 15px; color: rgb(51, 51, 51); font-family: 微软雅黑, &#39;Microsoft YaHei&#39;, 宋体, helvetica, &#39;Hiragino Sans GB&#39;; line-height: normal; white-space: normal;\">该平台是以实体商店和网络销售相结合；</p><p style=\"margin-top: 0px; margin-bottom: 0px; padding: 5px; box-sizing: content-box; font-size: 15px; color: rgb(51, 51, 51); font-family: 微软雅黑, &#39;Microsoft YaHei&#39;, 宋体, helvetica, &#39;Hiragino Sans GB&#39;; line-height: normal; white-space: normal;\">普通送递，最大误差30分钟内。精准送递，最大误差5分钟内。</p><p style=\"margin-top: 0px; margin-bottom: 0px; padding: 5px; box-sizing: content-box; font-size: 15px; color: rgb(51, 51, 51); font-family: 微软雅黑, &#39;Microsoft YaHei&#39;, 宋体, helvetica, &#39;Hiragino Sans GB&#39;; line-height: normal; white-space: normal;\">送递费用；普通送达5公里范围免费。精准送达5公里范围30元。</p><p style=\"margin-top: 0px; margin-bottom: 0px; padding: 5px; box-sizing: content-box; font-size: 15px; color: rgb(51, 51, 51); font-family: 微软雅黑, &#39;Microsoft YaHei&#39;, 宋体, helvetica, &#39;Hiragino Sans GB&#39;; line-height: normal; white-space: normal;\">送递范围；以商铺公布为准！</p><p style=\"margin-top: 0px; margin-bottom: 0px; padding: 5px; box-sizing: content-box; font-size: 15px; color: rgb(51, 51, 51); font-family: 微软雅黑, &#39;Microsoft YaHei&#39;, 宋体, helvetica, &#39;Hiragino Sans GB&#39;; line-height: normal; white-space: normal;\">送达时效；营业时段内，指定时区送达。</p><p><br/></p>',2,'\0'),(8,'投诉说明','<p><br/><span style=\"text-decoration:underline;\"></span></p><p style=\"margin-top: 0px; margin-bottom: 0px; padding: 5px; box-sizing: content-box; font-size: 15px; color: rgb(51, 51, 51); font-family: 微软雅黑, &#39;Microsoft YaHei&#39;, 宋体, helvetica, &#39;Hiragino Sans GB&#39;; line-height: normal; white-space: normal;\"><span style=\"margin: 0px; padding: 0px; box-sizing: content-box; white-space: nowrap;\">您对产品质量或服务有不满之处，请向我们反馈。</span></p><p style=\"margin-top: 0px; margin-bottom: 0px; padding: 5px; box-sizing: content-box; font-size: 15px; color: rgb(51, 51, 51); font-family: 微软雅黑, &#39;Microsoft YaHei&#39;, 宋体, helvetica, &#39;Hiragino Sans GB&#39;; line-height: normal; white-space: normal;\"><span style=\"margin: 0px; padding: 0px; box-sizing: content-box; white-space: nowrap;\"><br style=\"margin: 0px; padding: 0px; box-sizing: content-box;\"/></span></p><p style=\"margin-top: 0px; margin-bottom: 0px; padding: 5px; box-sizing: content-box; font-size: 15px; color: rgb(51, 51, 51); font-family: 微软雅黑, &#39;Microsoft YaHei&#39;, 宋体, helvetica, &#39;Hiragino Sans GB&#39;; line-height: normal; white-space: normal;\"><span style=\"margin: 0px; padding: 0px; box-sizing: content-box; white-space: nowrap;\"><br style=\"margin: 0px; padding: 0px; box-sizing: content-box;\"/></span></p><p style=\"margin-top: 0px; margin-bottom: 0px; padding: 5px; box-sizing: content-box; font-size: 15px; color: rgb(51, 51, 51); font-family: 微软雅黑, &#39;Microsoft YaHei&#39;, 宋体, helvetica, &#39;Hiragino Sans GB&#39;; line-height: normal; white-space: normal;\"><span style=\"margin: 0px; padding: 0px; box-sizing: content-box; white-space: nowrap;\">投诉时间：工作日09：00-19：00 &nbsp; 节假日10：00-17:00</span></p><p style=\"margin-top: 0px; margin-bottom: 0px; padding: 5px; box-sizing: content-box; font-size: 15px; color: rgb(51, 51, 51); font-family: 微软雅黑, &#39;Microsoft YaHei&#39;, 宋体, helvetica, &#39;Hiragino Sans GB&#39;; line-height: normal; white-space: normal;\"><span style=\"margin: 0px; padding: 0px; box-sizing: content-box; white-space: nowrap;\">投诉说明：</span><span style=\"margin: 0px; padding: 0px; box-sizing: content-box; white-space: nowrap;\"><br style=\"margin: 0px; padding: 0px; box-sizing: content-box;\"/></span></p><p style=\"margin-top: 0px; margin-bottom: 0px; padding: 5px; box-sizing: content-box; font-size: 15px; color: rgb(51, 51, 51); font-family: 微软雅黑, &#39;Microsoft YaHei&#39;, 宋体, helvetica, &#39;Hiragino Sans GB&#39;; line-height: normal; white-space: normal;\"><span style=\"margin: 0px; padding: 0px; box-sizing: content-box; white-space: nowrap;\">鲜花类商品请在送达后尽快投诉。</span></p><p style=\"margin-top: 0px; margin-bottom: 0px; padding: 5px; box-sizing: content-box; font-size: 15px; color: rgb(51, 51, 51); font-family: 微软雅黑, &#39;Microsoft YaHei&#39;, 宋体, helvetica, &#39;Hiragino Sans GB&#39;; line-height: normal; white-space: normal;\"><span style=\"margin: 0px; padding: 0px; box-sizing: content-box; white-space: nowrap;\">非鲜花类商品请在送达后7日内发起投诉。</span></p><p style=\"margin-top: 0px; margin-bottom: 0px; padding: 5px; box-sizing: content-box; font-size: 15px; color: rgb(51, 51, 51); font-family: 微软雅黑, &#39;Microsoft YaHei&#39;, 宋体, helvetica, &#39;Hiragino Sans GB&#39;; line-height: normal; white-space: normal;\"><span style=\"margin: 0px; padding: 0px; box-sizing: content-box; white-space: nowrap;\">敬请留意。</span></p><p style=\"margin-top: 0px; margin-bottom: 0px; padding: 5px; box-sizing: content-box; font-size: 15px; color: rgb(51, 51, 51); font-family: 微软雅黑, &#39;Microsoft YaHei&#39;, 宋体, helvetica, &#39;Hiragino Sans GB&#39;; line-height: normal; white-space: normal;\"><span style=\"margin: 0px; padding: 0px; box-sizing: content-box; white-space: nowrap;\"><br style=\"margin: 0px; padding: 0px; box-sizing: content-box;\"/></span></p><p style=\"margin-top: 0px; margin-bottom: 0px; padding: 5px; box-sizing: content-box; font-size: 15px; color: rgb(51, 51, 51); font-family: 微软雅黑, &#39;Microsoft YaHei&#39;, 宋体, helvetica, &#39;Hiragino Sans GB&#39;; line-height: normal; white-space: normal;\"><span style=\"margin: 0px; padding: 0px; box-sizing: content-box; white-space: nowrap;\"><br style=\"margin: 0px; padding: 0px; box-sizing: content-box;\"/></span></p><p style=\"margin-top: 0px; margin-bottom: 0px; padding: 5px; box-sizing: content-box; font-size: 15px; color: rgb(51, 51, 51); font-family: 微软雅黑, &#39;Microsoft YaHei&#39;, 宋体, helvetica, &#39;Hiragino Sans GB&#39;; line-height: normal; white-space: normal;\"><span style=\"margin: 0px; padding: 0px; box-sizing: content-box; white-space: nowrap;\">————————投诉方式————————</span></p><p style=\"margin-top: 0px; margin-bottom: 0px; padding: 5px; box-sizing: content-box; font-size: 15px; color: rgb(51, 51, 51); font-family: 微软雅黑, &#39;Microsoft YaHei&#39;, 宋体, helvetica, &#39;Hiragino Sans GB&#39;; line-height: normal; white-space: normal;\"><span style=\"margin: 0px; padding: 0px; box-sizing: content-box; white-space: nowrap;\"><br style=\"margin: 0px; padding: 0px; box-sizing: content-box;\"/></span></p><p style=\"margin-top: 0px; margin-bottom: 0px; padding: 5px; box-sizing: content-box; font-size: 15px; color: rgb(51, 51, 51); font-family: 微软雅黑, &#39;Microsoft YaHei&#39;, 宋体, helvetica, &#39;Hiragino Sans GB&#39;; line-height: normal; white-space: normal;\"><span style=\"margin: 0px; padding: 0px; box-sizing: content-box; white-space: nowrap;\">客服电话： 029-88748388 &nbsp; &nbsp; &nbsp; &nbsp; 客服微信：</span></p><p style=\"margin-top: 0px; margin-bottom: 0px; padding: 5px; box-sizing: content-box; font-size: 15px; color: rgb(51, 51, 51); font-family: 微软雅黑, &#39;Microsoft YaHei&#39;, 宋体, helvetica, &#39;Hiragino Sans GB&#39;; line-height: normal; white-space: normal;\"><span style=\"margin: 0px; padding: 0px; box-sizing: content-box; white-space: nowrap;\">客服邮箱：183294926@qq.com &nbsp; &nbsp; &nbsp;客服QQ：</span></p><div><span style=\"margin: 0px; padding: 0px; box-sizing: content-box; white-space: nowrap;\"><br/></span></div><p><span style=\"text-decoration:underline;\"></span><br/></p>',1,'\0'),(9,'假数据请删除','<p>删除我啊！！</p>',1,'');
/*!40000 ALTER TABLE `help_center` ENABLE KEYS */;
UNLOCK TABLES;

--
-- Table structure for table `orders`
--

DROP TABLE IF EXISTS `orders`;
/*!40101 SET @saved_cs_client     = @@character_set_client */;
/*!40101 SET character_set_client = utf8 */;
CREATE TABLE `orders` (
  `id` int(11) unsigned NOT NULL AUTO_INCREMENT,
  `number` varchar(20) NOT NULL,
  `total_fee` decimal(10,2) DEFAULT '0.00',
  `create_time` datetime DEFAULT NULL,
  `postage` decimal(10,2) DEFAULT '0.00',
  `trading_type` tinyint(2) NOT NULL,
  `current_status` tinyint(2) NOT NULL,
  `deleted` bit(1) DEFAULT b'0',
  `merge_number` varchar(20) DEFAULT NULL,
  `trading_method` tinyint(2) NOT NULL,
  `trading_no` varchar(40) DEFAULT NULL,
  `orders_type` tinyint(2) DEFAULT NULL,
  `schedule_used_id` int(11) unsigned DEFAULT '0' COMMENT '订单送货时间',
  `schedule_time` varchar(100) DEFAULT NULL,
  PRIMARY KEY (`id`)
) ENGINE=InnoDB AUTO_INCREMENT=98 DEFAULT CHARSET=utf8;
/*!40101 SET character_set_client = @saved_cs_client */;

--
-- Dumping data for table `orders`
--

LOCK TABLES `orders` WRITE;
/*!40000 ALTER TABLE `orders` DISABLE KEYS */;
INSERT INTO `orders` VALUES (49,'20160119112118075161',0.01,'2016-01-19 11:21:18',0.00,0,8,'\0','20160119112118601552',1,NULL,0,2,'{\"start\":\"08:00\",\"day\":\"2016-01-20\",\"end\":\"12:05\"}'),(50,'20160120191359267706',1.00,'2016-01-20 19:13:59',0.00,0,8,'\0','20160120191359267706',1,NULL,0,0,NULL),(51,'20160120191617495590',99999.00,'2016-01-20 19:16:17',0.00,0,8,'\0','20160120191617220429',1,NULL,0,3,'{\"start\":\"08:30\",\"day\":\"2016-01-21\",\"end\":\"12:00\"}'),(52,'20160120191653821632',99999.00,'2016-01-20 19:16:53',0.00,0,8,'\0','20160120191653413977',0,NULL,0,3,'{\"start\":\"08:30\",\"day\":\"2016-01-21\",\"end\":\"12:00\"}'),(53,'20160120191718868776',99999.00,'2016-01-20 19:17:18',0.00,0,8,'\0','20160120191718055296',1,NULL,0,3,'{\"start\":\"08:30\",\"day\":\"2016-01-21\",\"end\":\"12:00\"}'),(54,'20160120191919529303',99999.00,'2016-01-20 19:19:19',0.00,0,8,'\0','20160120191919705514',1,NULL,0,4,'{\"start\":\"08:00\",\"day\":\"2016-01-22\",\"end\":\"18:00\"}'),(55,'20160120192209854140',1.00,'2016-01-20 19:22:09',0.00,0,8,'\0','20160120192209409698',1,NULL,0,5,'{\"start\":\"08:30\",\"day\":\"2016-01-27\",\"end\":\"12:00\"}'),(56,'20160120192257282670',99999.00,'2016-01-20 19:22:57',0.00,0,8,'\0','20160120192257993859',1,NULL,0,0,NULL),(57,'20160120192846391131',1.00,'2016-01-20 19:28:46',0.00,0,8,'\0','20160120192846781012',1,NULL,0,0,NULL),(58,'20160120194014933706',99999.00,'2016-01-20 19:40:14',0.00,0,8,'\0','20160120194014253769',1,NULL,0,0,NULL),(59,'20160120200919646371',99999.00,'2016-01-20 20:09:19',0.00,0,8,'\0','20160120200919326791',1,NULL,0,0,NULL),(60,'20160122162457339544',0.01,'2016-01-22 16:24:57',0.00,0,8,'\0','20160122162457092395',1,NULL,0,4,'{\"start\":\"08:00\",\"day\":\"2016-01-22\",\"end\":\"18:00\"}'),(61,'20160122163041380032',0.01,'2016-01-22 16:30:41',0.00,0,8,'\0','20160122163041198784',1,NULL,0,0,NULL),(62,'20160122163552738787',0.01,'2016-01-22 16:35:52',0.00,0,8,'\0','20160122163552646356',1,NULL,0,4,'{\"start\":\"12:00\",\"day\":\"2016-01-22\",\"end\":\"17:00\"}'),(63,'20160122164454438774',0.01,'2016-01-22 16:44:54',0.00,0,8,'\0','20160122164454524655',1,NULL,0,6,'{\"start\":\"08:30\",\"day\":\"2016-02-04\",\"end\":\"12:00\"}'),(64,'20160127102846447443',0.01,'2016-01-27 10:28:46',0.00,0,8,'\0','20160127102846504177',1,NULL,0,7,'{\"start\":\"08:30\",\"day\":\"2016-01-28\",\"end\":\"12:00\"}'),(65,'20160201101807728874',0.01,'2016-02-01 10:18:07',0.00,0,6,'\0','20160201101807362487',1,NULL,0,8,'{\"start\":\"08:30\",\"day\":\"2016-02-01\",\"end\":\"12:00\"}'),(66,'20160201165350436749',0.01,'2016-02-01 16:53:50',0.00,0,8,'\0','20160201165350229441',1,NULL,0,9,'{\"start\":\"12:00\",\"day\":\"2016-02-01\",\"end\":\"18:00\"}'),(67,'20160201172404057923',0.01,'2016-02-01 17:24:04',0.00,0,8,'\0','20160201172404962625',1,NULL,0,10,'{\"start\":\"12:00\",\"day\":\"2016-02-23\",\"end\":\"18:00\"}'),(68,'20160203152244718177',0.01,'2016-02-03 15:22:44',0.00,0,8,'\0','20160203152244577716',1,NULL,0,11,'{\"start\":\"08:30\",\"day\":\"2016-02-24\",\"end\":\"11:00\"}'),(69,'20160203152923155841',100010.00,'2016-02-03 15:29:23',0.00,0,8,'\0','20160203152923858471',0,NULL,0,12,'{\"start\":\"08:30\",\"day\":\"2016-02-10\",\"end\":\"11:00\"}'),(70,'20160218162821668913',0.01,'2016-02-18 16:28:21',0.00,0,8,'\0','20160218162821183294',1,NULL,0,13,'{\"start\":\"12:00\",\"day\":\"2016-02-18\",\"end\":\"18:00\"}'),(71,'20160219145701192025',0.02,'2016-02-19 14:57:01',0.00,0,8,'\0','20160219145701569996',1,NULL,0,14,'{\"start\":\"08:30\",\"day\":\"2016-02-20\",\"end\":\"11:00\"}'),(72,'20160219145709748188',0.02,'2016-02-19 14:57:09',0.00,0,2,'\0','20160219145709231177',1,NULL,0,14,'{\"start\":\"08:30\",\"day\":\"2016-02-20\",\"end\":\"11:00\"}'),(73,'20160219152301304621',0.02,'2016-02-19 15:23:01',0.00,0,3,'\0','20160219152301426436',1,NULL,0,15,'{\"start\":\"12:00\",\"day\":\"2016-02-19\",\"end\":\"18:00\"}'),(74,'20160219174636145873',0.02,'2016-02-19 17:46:36',0.00,0,8,'\0','20160219174636300801',1,NULL,0,15,'{\"start\":\"12:00\",\"day\":\"2016-02-19\",\"end\":\"18:00\"}'),(75,'20160223115205093782',0.01,'2016-02-23 11:52:05',0.00,0,8,'\0','20160223115205822494',1,NULL,0,10,'{\"start\":\"12:00\",\"day\":\"2016-02-23\",\"end\":\"18:00\"}'),(76,'20160224162249694970',1.00,'2016-02-24 16:22:49',0.00,0,8,'\0','20160224162249880545',1,NULL,0,16,'{\"start\":\"12:00\",\"day\":\"2016-02-24\",\"end\":\"18:00\"}'),(77,'20160226174741530210',0.01,'2016-02-26 17:47:41',0.00,0,8,'\0','20160226174741591556',1,NULL,0,17,'{\"start\":\"12:00\",\"day\":\"2016-02-26\",\"end\":\"18:00\"}'),(78,'20160226174758252324',0.01,'2016-02-26 17:47:58',0.00,0,8,'\0','20160226174758193811',0,NULL,0,17,'{\"start\":\"12:00\",\"day\":\"2016-02-26\",\"end\":\"18:00\"}'),(79,'20160226174916421242',0.01,'2016-02-26 17:49:16',0.00,0,8,'\0','20160226174916421242',1,NULL,0,18,'{\"start\":\"08:30\",\"day\":\"2016-03-03\",\"end\":\"11:00\"}'),(80,'20160226182540307340',0.01,'2016-02-26 18:25:40',0.00,0,8,'\0','20160226182540767885',1,NULL,0,18,'{\"start\":\"08:30\",\"day\":\"2016-03-03\",\"end\":\"11:00\"}'),(81,'20160226200844802687',0.01,'2016-02-26 20:08:44',0.00,0,8,'\0','20160226200844102535',1,NULL,0,0,NULL),(82,'20160229185341916424',0.01,'2016-02-29 18:53:41',0.00,0,8,'\0',NULL,1,NULL,0,0,NULL),(83,'20160301102305450788',0.01,'2016-03-01 10:23:05',0.00,0,8,'\0','20160301102305997268',0,NULL,0,19,'{\"start\":\"08:30\",\"day\":\"2016-03-23\",\"end\":\"11:00\"}'),(84,'20160301103137465099',0.01,'2016-03-01 10:31:37',0.00,0,8,'\0',NULL,1,NULL,0,20,'{\"start\":\"12:00\",\"day\":\"2016-03-01\",\"end\":\"18:00\"}'),(85,'20160301112745378299',1.00,'2016-03-01 11:27:45',0.00,0,8,'\0',NULL,1,NULL,0,21,'{\"start\":\"08:30\",\"day\":\"2016-03-24\",\"end\":\"11:00\"}'),(86,'20160301113003001781',1.00,'2016-03-01 11:30:03',0.00,0,0,'\0',NULL,1,NULL,0,20,'{\"start\":\"12:00\",\"day\":\"2016-03-01\",\"end\":\"18:00\"}'),(87,'20160302163619935918',0.01,'2016-03-02 16:36:19',0.00,0,0,'\0','20160302163619935918',1,NULL,0,22,'{\"start\":\"12:00\",\"day\":\"2016-03-02\",\"end\":\"18:00\"}'),(88,'20160302164007932499',0.01,'2016-03-02 16:40:07',0.00,0,8,'\0','20160302164007078753',0,NULL,0,22,'{\"start\":\"12:00\",\"day\":\"2016-03-02\",\"end\":\"18:00\"}'),(89,'20160302164213585409',0.01,'2016-03-02 16:42:13',0.00,0,0,'\0','20160302164213450008',1,NULL,0,22,'{\"start\":\"12:00\",\"day\":\"2016-03-02\",\"end\":\"18:00\"}'),(90,'20160302164628649952',0.01,'2016-03-02 16:46:28',0.00,0,0,'\0','20160302164629998481',0,NULL,0,22,'{\"start\":\"12:00\",\"day\":\"2016-03-02\",\"end\":\"18:00\"}'),(91,'20160302165956084337',136.40,'2016-03-02 16:59:56',5.00,0,0,'\0','20160302165956235534',1,NULL,0,23,'{\"start\":\"08:00\",\"day\":\"2016-03-02\",\"end\":\"18:00\"}'),(92,'20160302183111015147',0.01,'2016-03-02 18:31:11',0.00,0,0,'\0','20160303090401899756',1,NULL,0,0,NULL),(93,'20160303110527669576',1.00,'2016-03-03 11:05:27',0.00,0,8,'\0','20160303110527046736',1,NULL,0,24,'{\"start\":\"12:00\",\"day\":\"2016-03-09\",\"end\":\"18:00\"}'),(94,'20160304104030270052',1.00,'2016-03-04 10:40:30',0.00,0,2,'\0','20160304104030721835',1,NULL,0,25,'{\"start\":\"08:30\",\"day\":\"2016-03-04\",\"end\":\"11:00\"}'),(95,'20160304112738405354',0.02,'2016-03-04 11:27:38',0.00,0,0,'\0','20160304112738766741',0,NULL,0,26,'{\"start\":\"08:00\",\"day\":\"2016-03-04\",\"end\":\"18:00\"}'),(96,'20160304114536848147',0.01,'2016-03-04 11:45:36',0.00,0,0,'\0','20160304114536214207',0,NULL,0,26,'{\"start\":\"08:00\",\"day\":\"2016-03-04\",\"end\":\"18:00\"}'),(97,'20160304141833834058',0.01,'2016-03-04 14:18:33',0.00,0,8,'\0','20160304141833146979',0,NULL,0,26,'{\"start\":\"08:00\",\"day\":\"2016-03-04\",\"end\":\"18:00\"}');
/*!40000 ALTER TABLE `orders` ENABLE KEYS */;
UNLOCK TABLES;

--
-- Table structure for table `orders_address`
--

DROP TABLE IF EXISTS `orders_address`;
/*!40101 SET @saved_cs_client     = @@character_set_client */;
/*!40101 SET character_set_client = utf8 */;
CREATE TABLE `orders_address` (
  `id` int(11) unsigned NOT NULL AUTO_INCREMENT,
  `orders_id` int(11) unsigned NOT NULL,
  `address_id` int(11) unsigned NOT NULL,
  `snapshot` text,
  `deleted` bit(1) DEFAULT b'0',
  PRIMARY KEY (`id`),
  KEY `fk_oao_orders_id_idx` (`orders_id`),
  KEY `fk_oaad_address_id_idx` (`address_id`),
  CONSTRAINT `fk_oaad_address_id` FOREIGN KEY (`address_id`) REFERENCES `address` (`id`) ON UPDATE NO ACTION,
  CONSTRAINT `fk_oag_orders_id` FOREIGN KEY (`orders_id`) REFERENCES `orders` (`id`) ON UPDATE NO ACTION
) ENGINE=InnoDB AUTO_INCREMENT=92 DEFAULT CHARSET=utf8;
/*!40101 SET character_set_client = @saved_cs_client */;

--
-- Dumping data for table `orders_address`
--

LOCK TABLES `orders_address` WRITE;
/*!40000 ALTER TABLE `orders_address` DISABLE KEYS */;
INSERT INTO `orders_address` VALUES (43,49,52,'{\"createTime\":1453115436000,\"phone\":\"\",\"nickname\":null,\"postCode\":\"\",\"deleted\":false,\"detailAddress\":\"陕西省西安市\",\"city\":null,\"id\":52,\"new\":false,\"area\":null,\"mobilePhone\":\"18616810989\",\"address\":\"陕西省西安市\",\"name\":\"jake\",\"defaultAddress\":true,\"province\":null,\"user\":{\"phone\":null,\"loginTime\":null,\"basketShopAmount\":0,\"permission\":{\"permissionIds\":null,\"permissions\":\"\"},\"avatar\":null,\"password\":null,\"registerTime\":null,\"id\":38,\"new\":false,\"confirmPassword\":null,\"parseBirthDate\":null,\"servers\":null,\"administrator\":false,\"roles\":null,\"name\":\"jake\",\"permissions\":\"\",\"active\":false,\"gender\":null,\"login\":false,\"birthDate\":null,\"basketProviderAmount\":0,\"loginName\":null}}','\0'),(44,50,52,'{\"createTime\":1453115436000,\"phone\":\"\",\"nickname\":null,\"postCode\":\"\",\"deleted\":false,\"detailAddress\":\"陕西省西安市\",\"city\":null,\"id\":52,\"new\":false,\"area\":null,\"mobilePhone\":\"18616810989\",\"address\":\"陕西省西安市\",\"name\":\"jake\",\"defaultAddress\":true,\"province\":null,\"user\":{\"phone\":null,\"loginTime\":null,\"basketShopAmount\":0,\"permission\":{\"permissionIds\":null,\"permissions\":\"\"},\"avatar\":null,\"password\":null,\"registerTime\":null,\"id\":38,\"new\":false,\"confirmPassword\":null,\"parseBirthDate\":null,\"servers\":null,\"administrator\":false,\"roles\":null,\"name\":\"jake\",\"permissions\":\"\",\"active\":false,\"gender\":null,\"login\":false,\"birthDate\":null,\"basketProviderAmount\":0,\"loginName\":null}}','\0'),(45,51,53,'{\"createTime\":1453288568000,\"phone\":\"\",\"nickname\":null,\"postCode\":\"\",\"deleted\":false,\"detailAddress\":\"陕西省西安市新城区klaslfksdf\",\"city\":{\"id\":4,\"new\":false,\"name\":\"西安市\",\"province\":null,\"deleted\":false},\"id\":53,\"new\":false,\"area\":{\"id\":7,\"new\":false,\"name\":\"新城区\",\"deleted\":false,\"city\":null},\"mobilePhone\":\"15609201835\",\"address\":\"klaslfksdf\",\"name\":\"reacher\",\"defaultAddress\":false,\"province\":{\"id\":2,\"new\":false,\"name\":\"陕西省\"},\"user\":{\"phone\":null,\"loginTime\":null,\"basketShopAmount\":0,\"permission\":{\"permissionIds\":null,\"permissions\":\"\"},\"avatar\":null,\"password\":null,\"registerTime\":null,\"id\":40,\"new\":false,\"confirmPassword\":null,\"parseBirthDate\":null,\"servers\":null,\"administrator\":false,\"roles\":null,\"name\":null,\"permissions\":\"\",\"active\":false,\"gender\":null,\"login\":false,\"birthDate\":null,\"basketProviderAmount\":0,\"loginName\":null}}','\0'),(46,52,53,'{\"createTime\":1453288568000,\"phone\":\"\",\"nickname\":null,\"postCode\":\"\",\"deleted\":false,\"detailAddress\":\"陕西省西安市新城区klaslfksdf\",\"city\":{\"id\":4,\"new\":false,\"name\":\"西安市\",\"province\":null,\"deleted\":false},\"id\":53,\"new\":false,\"area\":{\"id\":7,\"new\":false,\"name\":\"新城区\",\"deleted\":false,\"city\":null},\"mobilePhone\":\"15609201835\",\"address\":\"klaslfksdf\",\"name\":\"reacher\",\"defaultAddress\":false,\"province\":{\"id\":2,\"new\":false,\"name\":\"陕西省\"},\"user\":{\"phone\":null,\"loginTime\":null,\"basketShopAmount\":0,\"permission\":{\"permissionIds\":null,\"permissions\":\"\"},\"avatar\":null,\"password\":null,\"registerTime\":null,\"id\":40,\"new\":false,\"confirmPassword\":null,\"parseBirthDate\":null,\"servers\":null,\"administrator\":false,\"roles\":null,\"name\":null,\"permissions\":\"\",\"active\":false,\"gender\":null,\"login\":false,\"birthDate\":null,\"basketProviderAmount\":0,\"loginName\":null}}','\0'),(47,53,52,'{\"createTime\":1453115436000,\"phone\":\"\",\"nickname\":null,\"postCode\":\"\",\"deleted\":false,\"detailAddress\":\"陕西省西安市\",\"city\":null,\"id\":52,\"new\":false,\"area\":null,\"mobilePhone\":\"18616810989\",\"address\":\"陕西省西安市\",\"name\":\"jake\",\"defaultAddress\":true,\"province\":null,\"user\":{\"phone\":null,\"loginTime\":null,\"basketShopAmount\":0,\"permission\":{\"permissionIds\":null,\"permissions\":\"\"},\"avatar\":null,\"password\":null,\"registerTime\":null,\"id\":38,\"new\":false,\"confirmPassword\":null,\"parseBirthDate\":null,\"servers\":null,\"administrator\":false,\"roles\":null,\"name\":\"jake\",\"permissions\":\"\",\"active\":false,\"gender\":null,\"login\":false,\"birthDate\":null,\"basketProviderAmount\":0,\"loginName\":null}}','\0'),(48,54,52,'{\"createTime\":1453115436000,\"phone\":\"\",\"nickname\":null,\"postCode\":\"\",\"deleted\":false,\"detailAddress\":\"陕西省西安市\",\"city\":null,\"id\":52,\"new\":false,\"area\":null,\"mobilePhone\":\"18616810989\",\"address\":\"陕西省西安市\",\"name\":\"jake\",\"defaultAddress\":true,\"province\":null,\"user\":{\"phone\":null,\"loginTime\":null,\"basketShopAmount\":0,\"permission\":{\"permissionIds\":null,\"permissions\":\"\"},\"avatar\":null,\"password\":null,\"registerTime\":null,\"id\":38,\"new\":false,\"confirmPassword\":null,\"parseBirthDate\":null,\"servers\":null,\"administrator\":false,\"roles\":null,\"name\":\"jake\",\"permissions\":\"\",\"active\":false,\"gender\":null,\"login\":false,\"birthDate\":null,\"basketProviderAmount\":0,\"loginName\":null}}','\0'),(49,55,52,'{\"createTime\":1453115436000,\"phone\":\"\",\"nickname\":null,\"postCode\":\"\",\"deleted\":false,\"detailAddress\":\"陕西省西安市\",\"city\":null,\"id\":52,\"new\":false,\"area\":null,\"mobilePhone\":\"18616810989\",\"address\":\"陕西省西安市\",\"name\":\"jake\",\"defaultAddress\":true,\"province\":null,\"user\":{\"phone\":null,\"loginTime\":null,\"basketShopAmount\":0,\"permission\":{\"permissionIds\":null,\"permissions\":\"\"},\"avatar\":null,\"password\":null,\"registerTime\":null,\"id\":38,\"new\":false,\"confirmPassword\":null,\"parseBirthDate\":null,\"servers\":null,\"administrator\":false,\"roles\":null,\"name\":\"jake\",\"permissions\":\"\",\"active\":false,\"gender\":null,\"login\":false,\"birthDate\":null,\"basketProviderAmount\":0,\"loginName\":null}}','\0'),(50,56,52,'{\"createTime\":1453115436000,\"phone\":\"\",\"nickname\":null,\"postCode\":\"\",\"deleted\":false,\"detailAddress\":\"陕西省西安市\",\"city\":null,\"id\":52,\"new\":false,\"area\":null,\"mobilePhone\":\"18616810989\",\"address\":\"陕西省西安市\",\"name\":\"jake\",\"defaultAddress\":true,\"province\":null,\"user\":{\"phone\":null,\"loginTime\":null,\"basketShopAmount\":0,\"permission\":{\"permissionIds\":null,\"permissions\":\"\"},\"avatar\":null,\"password\":null,\"registerTime\":null,\"id\":38,\"new\":false,\"confirmPassword\":null,\"parseBirthDate\":null,\"servers\":null,\"administrator\":false,\"roles\":null,\"name\":\"jake\",\"permissions\":\"\",\"active\":false,\"gender\":null,\"login\":false,\"birthDate\":null,\"basketProviderAmount\":0,\"loginName\":null}}','\0'),(51,57,52,'{\"createTime\":1453115436000,\"phone\":\"\",\"nickname\":null,\"postCode\":\"\",\"deleted\":false,\"detailAddress\":\"陕西省西安市\",\"city\":null,\"id\":52,\"new\":false,\"area\":null,\"mobilePhone\":\"18616810989\",\"address\":\"陕西省西安市\",\"name\":\"jake\",\"defaultAddress\":true,\"province\":null,\"user\":{\"phone\":null,\"loginTime\":null,\"basketShopAmount\":0,\"permission\":{\"permissionIds\":null,\"permissions\":\"\"},\"avatar\":null,\"password\":null,\"registerTime\":null,\"id\":38,\"new\":false,\"confirmPassword\":null,\"parseBirthDate\":null,\"servers\":null,\"administrator\":false,\"roles\":null,\"name\":\"jake\",\"permissions\":\"\",\"active\":false,\"gender\":null,\"login\":false,\"birthDate\":null,\"basketProviderAmount\":0,\"loginName\":null}}','\0'),(52,58,53,'{\"createTime\":1453288568000,\"phone\":\"\",\"nickname\":null,\"postCode\":\"\",\"deleted\":false,\"detailAddress\":\"陕西省西安市新城区klaslfksdf\",\"city\":{\"id\":4,\"new\":false,\"name\":\"西安市\",\"province\":null,\"deleted\":false},\"id\":53,\"new\":false,\"area\":{\"id\":7,\"new\":false,\"name\":\"新城区\",\"deleted\":false,\"city\":null},\"mobilePhone\":\"15609201835\",\"address\":\"klaslfksdf\",\"name\":\"reacher\",\"defaultAddress\":false,\"province\":{\"id\":2,\"new\":false,\"name\":\"陕西省\"},\"user\":{\"phone\":null,\"loginTime\":null,\"basketShopAmount\":0,\"permission\":{\"permissionIds\":null,\"permissions\":\"\"},\"avatar\":null,\"password\":null,\"registerTime\":null,\"id\":40,\"new\":false,\"confirmPassword\":null,\"parseBirthDate\":null,\"servers\":null,\"administrator\":false,\"roles\":null,\"name\":null,\"permissions\":\"\",\"active\":false,\"gender\":null,\"login\":false,\"birthDate\":null,\"basketProviderAmount\":0,\"loginName\":null}}','\0'),(53,59,53,'{\"createTime\":1453288568000,\"phone\":\"\",\"nickname\":null,\"postCode\":\"\",\"deleted\":false,\"detailAddress\":\"陕西省西安市新城区klaslfksdf\",\"city\":{\"id\":4,\"new\":false,\"name\":\"西安市\",\"province\":null,\"deleted\":false},\"id\":53,\"new\":false,\"area\":{\"id\":7,\"new\":false,\"name\":\"新城区\",\"deleted\":false,\"city\":null},\"mobilePhone\":\"15609201835\",\"address\":\"klaslfksdf\",\"name\":\"reacher\",\"defaultAddress\":false,\"province\":{\"id\":2,\"new\":false,\"name\":\"陕西省\"},\"user\":{\"phone\":null,\"loginTime\":null,\"basketShopAmount\":0,\"permission\":{\"permissionIds\":null,\"permissions\":\"\"},\"avatar\":null,\"password\":null,\"registerTime\":null,\"id\":40,\"new\":false,\"confirmPassword\":null,\"parseBirthDate\":null,\"servers\":null,\"administrator\":false,\"roles\":null,\"name\":null,\"permissions\":\"\",\"active\":false,\"gender\":null,\"login\":false,\"birthDate\":null,\"basketProviderAmount\":0,\"loginName\":null}}','\0'),(54,60,52,'{\"createTime\":1453115436000,\"phone\":\"\",\"nickname\":null,\"postCode\":\"\",\"deleted\":false,\"detailAddress\":\"陕西省西安市\",\"city\":null,\"id\":52,\"new\":false,\"area\":null,\"mobilePhone\":\"18616810989\",\"address\":\"陕西省西安市\",\"name\":\"jake\",\"defaultAddress\":true,\"province\":null,\"user\":{\"phone\":null,\"loginTime\":null,\"basketShopAmount\":0,\"permission\":{\"permissionIds\":null,\"permissions\":\"\"},\"avatar\":null,\"password\":null,\"registerTime\":null,\"id\":38,\"new\":false,\"confirmPassword\":null,\"parseBirthDate\":null,\"servers\":null,\"administrator\":false,\"roles\":null,\"name\":\"jake\",\"permissions\":\"\",\"active\":false,\"gender\":null,\"login\":false,\"birthDate\":null,\"basketProviderAmount\":0,\"loginName\":null}}','\0'),(55,61,52,'{\"createTime\":1453115436000,\"phone\":\"\",\"nickname\":null,\"postCode\":\"\",\"deleted\":false,\"detailAddress\":\"陕西省西安市\",\"city\":null,\"id\":52,\"new\":false,\"area\":null,\"mobilePhone\":\"18616810989\",\"address\":\"陕西省西安市\",\"name\":\"jake\",\"defaultAddress\":true,\"province\":null,\"user\":{\"phone\":null,\"loginTime\":null,\"basketShopAmount\":0,\"permission\":{\"permissionIds\":null,\"permissions\":\"\"},\"avatar\":null,\"password\":null,\"registerTime\":null,\"id\":38,\"new\":false,\"confirmPassword\":null,\"parseBirthDate\":null,\"servers\":null,\"administrator\":false,\"roles\":null,\"name\":\"jake\",\"permissions\":\"\",\"active\":false,\"gender\":null,\"login\":false,\"birthDate\":null,\"basketProviderAmount\":0,\"loginName\":null}}','\0'),(56,62,52,'{\"createTime\":1453115436000,\"phone\":\"\",\"nickname\":null,\"postCode\":\"\",\"deleted\":false,\"detailAddress\":\"陕西省西安市\",\"city\":null,\"id\":52,\"new\":false,\"area\":null,\"mobilePhone\":\"18616810989\",\"address\":\"陕西省西安市\",\"name\":\"jake\",\"defaultAddress\":true,\"province\":null,\"user\":{\"phone\":null,\"loginTime\":null,\"basketShopAmount\":0,\"permission\":{\"permissionIds\":null,\"permissions\":\"\"},\"avatar\":null,\"password\":null,\"registerTime\":null,\"id\":38,\"new\":false,\"confirmPassword\":null,\"parseBirthDate\":null,\"servers\":null,\"administrator\":false,\"roles\":null,\"name\":\"jake\",\"permissions\":\"\",\"active\":false,\"gender\":null,\"login\":false,\"birthDate\":null,\"basketProviderAmount\":0,\"loginName\":null}}','\0'),(57,63,52,'{\"createTime\":1453115436000,\"phone\":\"\",\"nickname\":null,\"postCode\":\"\",\"deleted\":false,\"detailAddress\":\"陕西省西安市\",\"city\":null,\"id\":52,\"new\":false,\"area\":null,\"mobilePhone\":\"18616810989\",\"address\":\"陕西省西安市\",\"name\":\"jake\",\"defaultAddress\":true,\"province\":null,\"user\":{\"phone\":null,\"loginTime\":null,\"basketShopAmount\":0,\"permission\":{\"permissionIds\":null,\"permissions\":\"\"},\"avatar\":null,\"password\":null,\"registerTime\":null,\"id\":38,\"new\":false,\"confirmPassword\":null,\"parseBirthDate\":null,\"servers\":null,\"administrator\":false,\"roles\":null,\"name\":\"jake\",\"permissions\":\"\",\"active\":false,\"gender\":null,\"login\":false,\"birthDate\":null,\"basketProviderAmount\":0,\"loginName\":null}}','\0'),(58,64,52,'{\"createTime\":1453115436000,\"phone\":\"\",\"nickname\":null,\"postCode\":\"\",\"deleted\":false,\"detailAddress\":\"陕西省西安市\",\"city\":null,\"id\":52,\"new\":false,\"area\":null,\"mobilePhone\":\"18616810989\",\"address\":\"陕西省西安市\",\"name\":\"jake\",\"defaultAddress\":true,\"province\":null,\"user\":{\"phone\":null,\"loginTime\":null,\"basketShopAmount\":0,\"permission\":{\"permissionIds\":null,\"permissions\":\"\"},\"avatar\":null,\"password\":null,\"registerTime\":null,\"id\":38,\"new\":false,\"confirmPassword\":null,\"parseBirthDate\":null,\"servers\":null,\"administrator\":false,\"roles\":null,\"name\":\"jake\",\"permissions\":\"\",\"active\":false,\"gender\":null,\"login\":false,\"birthDate\":null,\"basketProviderAmount\":0,\"loginName\":null}}','\0'),(59,65,53,'{\"createTime\":1453288568000,\"phone\":\"\",\"nickname\":null,\"postCode\":\"\",\"deleted\":false,\"detailAddress\":\"陕西省西安市新城区klaslfksdf\",\"city\":{\"id\":4,\"new\":false,\"name\":\"西安市\",\"province\":null,\"deleted\":false},\"id\":53,\"new\":false,\"area\":{\"id\":7,\"new\":false,\"name\":\"新城区\",\"deleted\":false,\"city\":null},\"mobilePhone\":\"15609201835\",\"address\":\"klaslfksdf\",\"name\":\"reacher\",\"defaultAddress\":false,\"province\":{\"id\":2,\"new\":false,\"name\":\"陕西省\"},\"user\":{\"phone\":null,\"loginTime\":null,\"basketShopAmount\":0,\"permission\":{\"permissionIds\":null,\"permissions\":\"\"},\"avatar\":null,\"password\":null,\"registerTime\":null,\"id\":40,\"new\":false,\"confirmPassword\":null,\"parseBirthDate\":null,\"servers\":null,\"administrator\":false,\"roles\":null,\"name\":null,\"permissions\":\"\",\"active\":false,\"gender\":null,\"login\":false,\"birthDate\":null,\"basketProviderAmount\":0,\"loginName\":null}}','\0'),(60,66,52,'{\"createTime\":1453115436000,\"phone\":\"\",\"nickname\":null,\"postCode\":\"\",\"deleted\":false,\"detailAddress\":\"陕西省西安市\",\"city\":null,\"id\":52,\"new\":false,\"area\":null,\"mobilePhone\":\"18616810989\",\"address\":\"陕西省西安市\",\"name\":\"jake\",\"defaultAddress\":true,\"province\":null,\"user\":{\"phone\":null,\"loginTime\":null,\"basketShopAmount\":0,\"permission\":{\"permissionIds\":null,\"permissions\":\"\"},\"avatar\":null,\"password\":null,\"registerTime\":null,\"id\":38,\"new\":false,\"confirmPassword\":null,\"parseBirthDate\":null,\"servers\":null,\"administrator\":false,\"roles\":null,\"name\":\"jake\",\"permissions\":\"\",\"active\":false,\"gender\":null,\"login\":false,\"birthDate\":null,\"basketProviderAmount\":0,\"loginName\":null}}','\0'),(61,67,54,'{\"createTime\":1454318270000,\"phone\":\"\",\"nickname\":null,\"postCode\":\"718000\",\"deleted\":false,\"detailAddress\":\"四川省成都市岁的风口浪尖卢卡斯的法兰克i\",\"city\":{\"id\":7,\"new\":false,\"name\":\"成都市\",\"province\":null,\"deleted\":false},\"id\":54,\"new\":false,\"area\":null,\"mobilePhone\":\"18792914455\",\"address\":\"岁的风口浪尖卢卡斯的法兰克i\",\"name\":\"harbor\",\"defaultAddress\":false,\"province\":{\"id\":3,\"new\":false,\"name\":\"四川省\"},\"user\":{\"phone\":null,\"loginTime\":null,\"basketShopAmount\":0,\"permission\":{\"permissionIds\":null,\"permissions\":\"\"},\"avatar\":null,\"password\":null,\"registerTime\":null,\"id\":39,\"new\":false,\"confirmPassword\":null,\"parseBirthDate\":null,\"servers\":null,\"administrator\":false,\"roles\":null,\"name\":null,\"permissions\":\"\",\"active\":false,\"gender\":null,\"login\":false,\"birthDate\":null,\"basketProviderAmount\":0,\"loginName\":null}}','\0'),(62,68,54,'{\"createTime\":1454318270000,\"phone\":\"\",\"nickname\":null,\"postCode\":\"718000\",\"deleted\":false,\"detailAddress\":\"四川省成都市岁的风口浪尖卢卡斯的法兰克i\",\"city\":{\"id\":7,\"new\":false,\"name\":\"成都市\",\"province\":null,\"deleted\":false},\"id\":54,\"new\":false,\"area\":null,\"mobilePhone\":\"18792914455\",\"address\":\"岁的风口浪尖卢卡斯的法兰克i\",\"name\":\"harbor\",\"defaultAddress\":false,\"province\":{\"id\":3,\"new\":false,\"name\":\"四川省\"},\"user\":{\"phone\":null,\"loginTime\":null,\"basketShopAmount\":0,\"permission\":{\"permissionIds\":null,\"permissions\":\"\"},\"avatar\":null,\"password\":null,\"registerTime\":null,\"id\":39,\"new\":false,\"confirmPassword\":null,\"parseBirthDate\":null,\"servers\":null,\"administrator\":false,\"roles\":null,\"name\":\"\",\"permissions\":\"\",\"active\":false,\"gender\":null,\"login\":false,\"birthDate\":null,\"basketProviderAmount\":0,\"loginName\":null}}','\0'),(63,69,52,'{\"createTime\":1453115436000,\"phone\":\"\",\"nickname\":null,\"postCode\":\"\",\"deleted\":false,\"detailAddress\":\"陕西省西安市\",\"city\":null,\"id\":52,\"new\":false,\"area\":null,\"mobilePhone\":\"18616810989\",\"address\":\"陕西省西安市\",\"name\":\"jake\",\"defaultAddress\":true,\"province\":null,\"user\":{\"phone\":null,\"loginTime\":null,\"basketShopAmount\":0,\"permission\":{\"permissionIds\":null,\"permissions\":\"\"},\"avatar\":null,\"password\":null,\"registerTime\":null,\"id\":38,\"new\":false,\"confirmPassword\":null,\"parseBirthDate\":null,\"servers\":null,\"administrator\":false,\"roles\":null,\"name\":\"jake\",\"permissions\":\"\",\"active\":false,\"gender\":null,\"login\":false,\"birthDate\":null,\"basketProviderAmount\":0,\"loginName\":null}}','\0'),(64,70,52,'{\"createTime\":1453115436000,\"phone\":\"\",\"nickname\":null,\"postCode\":\"819099\",\"deleted\":false,\"detailAddress\":\"陕西省西安市新城区阿法乏味啊啊\",\"city\":{\"id\":4,\"new\":false,\"name\":\"西安市\",\"province\":null,\"deleted\":false},\"id\":52,\"new\":false,\"area\":{\"id\":7,\"new\":false,\"name\":\"新城区\",\"deleted\":false,\"city\":null},\"mobilePhone\":\"18616810989\",\"address\":\"阿法乏味啊啊\",\"name\":\"ok\",\"defaultAddress\":false,\"province\":{\"id\":2,\"new\":false,\"name\":\"陕西省\"},\"user\":{\"phone\":null,\"loginTime\":null,\"basketShopAmount\":0,\"permission\":{\"permissionIds\":null,\"permissions\":\"\"},\"avatar\":null,\"password\":null,\"registerTime\":null,\"id\":38,\"new\":false,\"confirmPassword\":null,\"parseBirthDate\":null,\"servers\":null,\"administrator\":false,\"roles\":null,\"name\":\"jake\",\"permissions\":\"\",\"active\":false,\"gender\":null,\"login\":false,\"birthDate\":null,\"basketProviderAmount\":0,\"loginName\":null}}','\0'),(65,71,57,'{\"createTime\":1455863357000,\"phone\":\"\",\"nickname\":null,\"postCode\":\"\",\"deleted\":false,\"detailAddress\":\"四川省成都市俄国无关无关无关\",\"city\":{\"id\":7,\"new\":false,\"name\":\"成都市\",\"province\":null,\"deleted\":false},\"id\":57,\"new\":false,\"area\":null,\"mobilePhone\":\"18616810989\",\"address\":\"俄国无关无关无关\",\"name\":\"各位顾问\",\"defaultAddress\":true,\"province\":{\"id\":3,\"new\":false,\"name\":\"四川省\"},\"user\":{\"phone\":null,\"loginTime\":null,\"basketShopAmount\":0,\"permission\":{\"permissionIds\":null,\"permissions\":\"\"},\"avatar\":null,\"password\":null,\"registerTime\":null,\"id\":38,\"new\":false,\"confirmPassword\":null,\"parseBirthDate\":null,\"servers\":null,\"administrator\":false,\"roles\":null,\"name\":\"jake\",\"permissions\":\"\",\"active\":false,\"gender\":null,\"login\":false,\"birthDate\":null,\"basketProviderAmount\":0,\"loginName\":null}}','\0'),(66,72,57,'{\"createTime\":1455863357000,\"phone\":\"\",\"nickname\":null,\"postCode\":\"\",\"deleted\":false,\"detailAddress\":\"四川省成都市俄国无关无关无关\",\"city\":{\"id\":7,\"new\":false,\"name\":\"成都市\",\"province\":null,\"deleted\":false},\"id\":57,\"new\":false,\"area\":null,\"mobilePhone\":\"18616810989\",\"address\":\"俄国无关无关无关\",\"name\":\"各位顾问\",\"defaultAddress\":true,\"province\":{\"id\":3,\"new\":false,\"name\":\"四川省\"},\"user\":{\"phone\":null,\"loginTime\":null,\"basketShopAmount\":0,\"permission\":{\"permissionIds\":null,\"permissions\":\"\"},\"avatar\":null,\"password\":null,\"registerTime\":null,\"id\":38,\"new\":false,\"confirmPassword\":null,\"parseBirthDate\":null,\"servers\":null,\"administrator\":false,\"roles\":null,\"name\":\"jake\",\"permissions\":\"\",\"active\":false,\"gender\":null,\"login\":false,\"birthDate\":null,\"basketProviderAmount\":0,\"loginName\":null}}','\0'),(67,73,53,'{\"createTime\":1453288568000,\"phone\":\"\",\"nickname\":null,\"postCode\":\"\",\"deleted\":false,\"detailAddress\":\"陕西省西安市新城区klaslfksdf\",\"city\":{\"id\":4,\"new\":false,\"name\":\"西安市\",\"province\":null,\"deleted\":false},\"id\":53,\"new\":false,\"area\":{\"id\":7,\"new\":false,\"name\":\"新城区\",\"deleted\":false,\"city\":null},\"mobilePhone\":\"15609201835\",\"address\":\"klaslfksdf\",\"name\":\"reacher\",\"defaultAddress\":false,\"province\":{\"id\":2,\"new\":false,\"name\":\"陕西省\"},\"user\":{\"phone\":null,\"loginTime\":null,\"basketShopAmount\":0,\"permission\":{\"permissionIds\":null,\"permissions\":\"\"},\"avatar\":null,\"password\":null,\"registerTime\":null,\"id\":40,\"new\":false,\"confirmPassword\":null,\"parseBirthDate\":null,\"servers\":null,\"administrator\":false,\"roles\":null,\"name\":null,\"permissions\":\"\",\"active\":false,\"gender\":null,\"login\":false,\"birthDate\":null,\"basketProviderAmount\":0,\"loginName\":null}}','\0'),(68,74,53,'{\"createTime\":1453288568000,\"phone\":\"\",\"nickname\":null,\"postCode\":\"\",\"deleted\":false,\"detailAddress\":\"陕西省西安市新城区klaslfksdf\",\"city\":{\"id\":4,\"new\":false,\"name\":\"西安市\",\"province\":null,\"deleted\":false},\"id\":53,\"new\":false,\"area\":{\"id\":7,\"new\":false,\"name\":\"新城区\",\"deleted\":false,\"city\":null},\"mobilePhone\":\"15609201835\",\"address\":\"klaslfksdf\",\"name\":\"reacher\",\"defaultAddress\":false,\"province\":{\"id\":2,\"new\":false,\"name\":\"陕西省\"},\"user\":{\"phone\":null,\"loginTime\":null,\"basketShopAmount\":0,\"permission\":{\"permissionIds\":null,\"permissions\":\"\"},\"avatar\":null,\"password\":null,\"registerTime\":null,\"id\":40,\"new\":false,\"confirmPassword\":null,\"parseBirthDate\":null,\"servers\":null,\"administrator\":false,\"roles\":null,\"name\":null,\"permissions\":\"\",\"active\":false,\"gender\":null,\"login\":false,\"birthDate\":null,\"basketProviderAmount\":0,\"loginName\":null}}','\0'),(69,75,59,'{\"createTime\":1456199453000,\"phone\":\"\",\"nickname\":null,\"postCode\":\"789099\",\"deleted\":false,\"detailAddress\":\"陕西省西安市碑林区1231\",\"city\":{\"id\":4,\"new\":false,\"name\":\"西安市\",\"province\":null,\"deleted\":false},\"id\":59,\"new\":false,\"area\":{\"id\":8,\"new\":false,\"name\":\"碑林区\",\"deleted\":false,\"city\":null},\"mobilePhone\":\"18616810989\",\"address\":\"1231\",\"name\":\"大爷你好\",\"defaultAddress\":false,\"province\":{\"id\":2,\"new\":false,\"name\":\"陕西省\"},\"user\":{\"phone\":null,\"loginTime\":null,\"basketShopAmount\":0,\"permission\":{\"permissionIds\":null,\"permissions\":\"\"},\"avatar\":null,\"password\":null,\"registerTime\":null,\"id\":46,\"new\":false,\"confirmPassword\":null,\"parseBirthDate\":null,\"servers\":null,\"administrator\":false,\"roles\":null,\"name\":\"jake\",\"permissions\":\"\",\"active\":false,\"gender\":null,\"login\":false,\"birthDate\":null,\"basketProviderAmount\":0,\"loginName\":null}}','\0'),(70,76,53,'{\"createTime\":1453288568000,\"phone\":\"\",\"nickname\":null,\"postCode\":\"\",\"deleted\":false,\"detailAddress\":\"陕西省西安市新城区klaslfksdf\",\"city\":{\"id\":4,\"new\":false,\"name\":\"西安市\",\"province\":null,\"deleted\":false},\"id\":53,\"new\":false,\"area\":{\"id\":7,\"new\":false,\"name\":\"新城区\",\"deleted\":false,\"city\":null},\"mobilePhone\":\"15609201835\",\"address\":\"klaslfksdf\",\"name\":\"reacher\",\"defaultAddress\":false,\"province\":{\"id\":2,\"new\":false,\"name\":\"陕西省\"},\"user\":{\"phone\":null,\"loginTime\":null,\"basketShopAmount\":0,\"permission\":{\"permissionIds\":null,\"permissions\":\"\"},\"avatar\":null,\"password\":null,\"registerTime\":null,\"id\":40,\"new\":false,\"confirmPassword\":null,\"parseBirthDate\":null,\"servers\":null,\"administrator\":false,\"roles\":null,\"name\":null,\"permissions\":\"\",\"active\":false,\"gender\":null,\"login\":false,\"birthDate\":null,\"basketProviderAmount\":0,\"loginName\":null}}','\0'),(71,77,53,'{\"createTime\":1453288568000,\"phone\":\"\",\"nickname\":null,\"postCode\":\"\",\"deleted\":false,\"detailAddress\":\"陕西省西安市新城区klaslfksdf\",\"city\":{\"id\":4,\"new\":false,\"name\":\"西安市\",\"province\":null,\"deleted\":false},\"id\":53,\"new\":false,\"area\":{\"id\":7,\"new\":false,\"name\":\"新城区\",\"deleted\":false,\"city\":null},\"mobilePhone\":\"15609201835\",\"address\":\"klaslfksdf\",\"name\":\"reacher\",\"defaultAddress\":false,\"province\":{\"id\":2,\"new\":false,\"name\":\"陕西省\"},\"user\":{\"phone\":null,\"loginTime\":null,\"basketShopAmount\":0,\"permission\":{\"permissionIds\":null,\"permissions\":\"\"},\"avatar\":null,\"password\":null,\"registerTime\":null,\"id\":40,\"new\":false,\"confirmPassword\":null,\"parseBirthDate\":null,\"servers\":null,\"administrator\":false,\"roles\":null,\"name\":null,\"permissions\":\"\",\"active\":false,\"gender\":null,\"login\":false,\"birthDate\":null,\"basketProviderAmount\":0,\"loginName\":null}}','\0'),(72,78,53,'{\"createTime\":1453288568000,\"phone\":\"\",\"nickname\":null,\"postCode\":\"\",\"deleted\":false,\"detailAddress\":\"陕西省西安市新城区klaslfksdf\",\"city\":{\"id\":4,\"new\":false,\"name\":\"西安市\",\"province\":null,\"deleted\":false},\"id\":53,\"new\":false,\"area\":{\"id\":7,\"new\":false,\"name\":\"新城区\",\"deleted\":false,\"city\":null},\"mobilePhone\":\"15609201835\",\"address\":\"klaslfksdf\",\"name\":\"reacher\",\"defaultAddress\":false,\"province\":{\"id\":2,\"new\":false,\"name\":\"陕西省\"},\"user\":{\"phone\":null,\"loginTime\":null,\"basketShopAmount\":0,\"permission\":{\"permissionIds\":null,\"permissions\":\"\"},\"avatar\":null,\"password\":null,\"registerTime\":null,\"id\":40,\"new\":false,\"confirmPassword\":null,\"parseBirthDate\":null,\"servers\":null,\"administrator\":false,\"roles\":null,\"name\":null,\"permissions\":\"\",\"active\":false,\"gender\":null,\"login\":false,\"birthDate\":null,\"basketProviderAmount\":0,\"loginName\":null}}','\0'),(73,79,54,'{\"createTime\":1454318270000,\"phone\":\"\",\"nickname\":null,\"postCode\":\"718000\",\"deleted\":false,\"detailAddress\":\"四川省成都市岁的风口浪尖卢卡斯的法兰克i\",\"city\":{\"id\":7,\"new\":false,\"name\":\"成都市\",\"province\":null,\"deleted\":false},\"id\":54,\"new\":false,\"area\":null,\"mobilePhone\":\"18792914455\",\"address\":\"岁的风口浪尖卢卡斯的法兰克i\",\"name\":\"harbor\",\"defaultAddress\":false,\"province\":{\"id\":3,\"new\":false,\"name\":\"四川省\"},\"user\":{\"phone\":null,\"loginTime\":null,\"basketShopAmount\":0,\"permission\":{\"permissionIds\":null,\"permissions\":\"\"},\"avatar\":null,\"password\":null,\"registerTime\":null,\"id\":39,\"new\":false,\"confirmPassword\":null,\"parseBirthDate\":null,\"servers\":null,\"administrator\":false,\"roles\":null,\"name\":\"harbor\",\"permissions\":\"\",\"active\":false,\"gender\":null,\"login\":false,\"birthDate\":null,\"basketProviderAmount\":0,\"loginName\":null}}','\0'),(74,80,54,'{\"createTime\":1454318270000,\"phone\":\"\",\"nickname\":null,\"postCode\":\"718000\",\"deleted\":false,\"detailAddress\":\"四川省成都市岁的风口浪尖卢卡斯的法兰克i\",\"city\":{\"id\":7,\"new\":false,\"name\":\"成都市\",\"province\":null,\"deleted\":false},\"id\":54,\"new\":false,\"area\":null,\"mobilePhone\":\"18792914455\",\"address\":\"岁的风口浪尖卢卡斯的法兰克i\",\"name\":\"harbor\",\"defaultAddress\":false,\"province\":{\"id\":3,\"new\":false,\"name\":\"四川省\"},\"user\":{\"phone\":null,\"loginTime\":null,\"basketShopAmount\":0,\"permission\":{\"permissionIds\":null,\"permissions\":\"\"},\"avatar\":null,\"password\":null,\"registerTime\":null,\"id\":39,\"new\":false,\"confirmPassword\":null,\"parseBirthDate\":null,\"servers\":null,\"administrator\":false,\"roles\":null,\"name\":\"harbor\",\"permissions\":\"\",\"active\":false,\"gender\":null,\"login\":false,\"birthDate\":null,\"basketProviderAmount\":0,\"loginName\":null}}','\0'),(75,81,52,'{\"createTime\":1453115436000,\"phone\":\"\",\"nickname\":null,\"postCode\":\"\",\"deleted\":false,\"detailAddress\":\"四川省成都市非无关无关无关\",\"city\":{\"id\":7,\"new\":false,\"name\":\"成都市\",\"province\":null,\"deleted\":false},\"id\":52,\"new\":false,\"area\":null,\"mobilePhone\":\"18616810989\",\"address\":\"非无关无关无关\",\"name\":\"jake\",\"defaultAddress\":true,\"province\":{\"id\":3,\"new\":false,\"name\":\"四川省\"},\"user\":{\"phone\":null,\"loginTime\":null,\"basketShopAmount\":0,\"permission\":{\"permissionIds\":null,\"permissions\":\"\"},\"avatar\":null,\"password\":null,\"registerTime\":null,\"id\":38,\"new\":false,\"confirmPassword\":null,\"parseBirthDate\":null,\"servers\":null,\"administrator\":false,\"roles\":null,\"name\":\"jake\",\"permissions\":\"\",\"active\":false,\"gender\":null,\"login\":false,\"birthDate\":null,\"basketProviderAmount\":0,\"loginName\":null}}','\0'),(76,82,62,'{\"createTime\":1456742625000,\"phone\":\"\",\"nickname\":null,\"postCode\":\"\",\"deleted\":false,\"detailAddress\":\"陕西省西安市碑林区西电科大社区32号楼\",\"city\":{\"id\":4,\"new\":false,\"name\":\"西安市\",\"province\":null,\"deleted\":false},\"id\":62,\"new\":false,\"area\":{\"id\":8,\"new\":false,\"name\":\"碑林区\",\"deleted\":false,\"city\":null},\"mobilePhone\":\"18700186031\",\"address\":\"西电科大社区32号楼\",\"name\":\"雒婷华\",\"defaultAddress\":false,\"province\":{\"id\":2,\"new\":false,\"name\":\"陕西省\"},\"user\":{\"phone\":null,\"loginTime\":null,\"basketShopAmount\":0,\"permission\":{\"permissionIds\":null,\"permissions\":\"\"},\"avatar\":null,\"password\":null,\"registerTime\":null,\"id\":50,\"new\":false,\"confirmPassword\":null,\"parseBirthDate\":null,\"servers\":null,\"administrator\":false,\"roles\":null,\"name\":null,\"permissions\":\"\",\"active\":false,\"gender\":null,\"login\":false,\"birthDate\":null,\"basketProviderAmount\":0,\"loginName\":null}}','\0'),(77,83,62,'{\"createTime\":1456742625000,\"phone\":\"\",\"nickname\":null,\"postCode\":\"\",\"deleted\":false,\"detailAddress\":\"陕西省西安市碑林区西电科大社区32号楼\",\"city\":{\"id\":4,\"new\":false,\"name\":\"西安市\",\"province\":null,\"deleted\":false},\"id\":62,\"new\":false,\"area\":{\"id\":8,\"new\":false,\"name\":\"碑林区\",\"deleted\":false,\"city\":null},\"mobilePhone\":\"18700186031\",\"address\":\"西电科大社区32号楼\",\"name\":\"雒婷华\",\"defaultAddress\":false,\"province\":{\"id\":2,\"new\":false,\"name\":\"陕西省\"},\"user\":{\"phone\":null,\"loginTime\":null,\"basketShopAmount\":0,\"permission\":{\"permissionIds\":null,\"permissions\":\"\"},\"avatar\":null,\"password\":null,\"registerTime\":null,\"id\":50,\"new\":false,\"confirmPassword\":null,\"parseBirthDate\":null,\"servers\":null,\"administrator\":false,\"roles\":null,\"name\":\"lucky\",\"permissions\":\"\",\"active\":false,\"gender\":null,\"login\":false,\"birthDate\":null,\"basketProviderAmount\":0,\"loginName\":null}}','\0'),(78,84,62,'{\"createTime\":1456742625000,\"phone\":\"\",\"nickname\":null,\"postCode\":\"\",\"deleted\":false,\"detailAddress\":\"陕西省西安市碑林区西电科大社区32号楼\",\"city\":{\"id\":4,\"new\":false,\"name\":\"西安市\",\"province\":null,\"deleted\":false},\"id\":62,\"new\":false,\"area\":{\"id\":8,\"new\":false,\"name\":\"碑林区\",\"deleted\":false,\"city\":null},\"mobilePhone\":\"18700186031\",\"address\":\"西电科大社区32号楼\",\"name\":\"雒婷华\",\"defaultAddress\":false,\"province\":{\"id\":2,\"new\":false,\"name\":\"陕西省\"},\"user\":{\"phone\":null,\"loginTime\":null,\"basketShopAmount\":0,\"permission\":{\"permissionIds\":null,\"permissions\":\"\"},\"avatar\":null,\"password\":null,\"registerTime\":null,\"id\":50,\"new\":false,\"confirmPassword\":null,\"parseBirthDate\":null,\"servers\":null,\"administrator\":false,\"roles\":null,\"name\":\"lucky\",\"permissions\":\"\",\"active\":false,\"gender\":null,\"login\":false,\"birthDate\":null,\"basketProviderAmount\":0,\"loginName\":null}}','\0'),(79,85,64,'{\"createTime\":1456743200000,\"phone\":\"\",\"nickname\":null,\"postCode\":\"\",\"deleted\":false,\"detailAddress\":\"陕西省西安市新城区1111\",\"city\":{\"id\":4,\"new\":false,\"name\":\"西安市\",\"province\":null,\"deleted\":false},\"id\":64,\"new\":false,\"area\":{\"id\":7,\"new\":false,\"name\":\"新城区\",\"deleted\":false,\"city\":null},\"mobilePhone\":\"18700186031\",\"address\":\"1111\",\"name\":\"111\",\"defaultAddress\":false,\"province\":{\"id\":2,\"new\":false,\"name\":\"陕西省\"},\"user\":{\"phone\":null,\"loginTime\":null,\"basketShopAmount\":0,\"permission\":{\"permissionIds\":null,\"permissions\":\"\"},\"avatar\":null,\"password\":null,\"registerTime\":null,\"id\":50,\"new\":false,\"confirmPassword\":null,\"parseBirthDate\":null,\"servers\":null,\"administrator\":false,\"roles\":null,\"name\":\"lucky\",\"permissions\":\"\",\"active\":false,\"gender\":null,\"login\":false,\"birthDate\":null,\"basketProviderAmount\":0,\"loginName\":null}}','\0'),(80,86,53,'{\"createTime\":1453288568000,\"phone\":\"\",\"nickname\":null,\"postCode\":\"\",\"deleted\":false,\"detailAddress\":\"陕西省西安市新城区klaslfksdf\",\"city\":{\"id\":4,\"new\":false,\"name\":\"西安市\",\"province\":null,\"deleted\":false},\"id\":53,\"new\":false,\"area\":{\"id\":7,\"new\":false,\"name\":\"新城区\",\"deleted\":false,\"city\":null},\"mobilePhone\":\"15609201835\",\"address\":\"klaslfksdf\",\"name\":\"reacher\",\"defaultAddress\":false,\"province\":{\"id\":2,\"new\":false,\"name\":\"陕西省\"},\"user\":{\"phone\":null,\"loginTime\":null,\"basketShopAmount\":0,\"permission\":{\"permissionIds\":null,\"permissions\":\"\"},\"avatar\":null,\"password\":null,\"registerTime\":null,\"id\":40,\"new\":false,\"confirmPassword\":null,\"parseBirthDate\":null,\"servers\":null,\"administrator\":false,\"roles\":null,\"name\":null,\"permissions\":\"\",\"active\":false,\"gender\":null,\"login\":false,\"birthDate\":null,\"basketProviderAmount\":0,\"loginName\":null}}','\0'),(81,87,62,'{\"createTime\":1456742625000,\"phone\":\"\",\"nickname\":null,\"postCode\":\"\",\"deleted\":false,\"detailAddress\":\"陕西省西安市碑林区西电科大社区32号楼\",\"city\":{\"id\":4,\"new\":false,\"name\":\"西安市\",\"province\":null,\"deleted\":false},\"id\":62,\"new\":false,\"area\":{\"id\":8,\"new\":false,\"name\":\"碑林区\",\"deleted\":false,\"city\":null},\"mobilePhone\":\"18700186031\",\"address\":\"西电科大社区32号楼\",\"name\":\"雒婷华\",\"defaultAddress\":false,\"province\":{\"id\":2,\"new\":false,\"name\":\"陕西省\"},\"user\":{\"phone\":null,\"loginTime\":null,\"basketShopAmount\":0,\"permission\":{\"permissionIds\":null,\"permissions\":\"\"},\"avatar\":null,\"password\":null,\"registerTime\":null,\"id\":50,\"new\":false,\"confirmPassword\":null,\"parseBirthDate\":null,\"servers\":null,\"administrator\":false,\"roles\":null,\"name\":\"lucky\",\"permissions\":\"\",\"active\":false,\"gender\":null,\"login\":false,\"birthDate\":null,\"basketProviderAmount\":0,\"loginName\":null}}','\0'),(82,88,62,'{\"createTime\":1456742625000,\"phone\":\"\",\"nickname\":null,\"postCode\":\"\",\"deleted\":false,\"detailAddress\":\"陕西省西安市碑林区西电科大社区32号楼\",\"city\":{\"id\":4,\"new\":false,\"name\":\"西安市\",\"province\":null,\"deleted\":false},\"id\":62,\"new\":false,\"area\":{\"id\":8,\"new\":false,\"name\":\"碑林区\",\"deleted\":false,\"city\":null},\"mobilePhone\":\"18700186031\",\"address\":\"西电科大社区32号楼\",\"name\":\"雒婷华\",\"defaultAddress\":false,\"province\":{\"id\":2,\"new\":false,\"name\":\"陕西省\"},\"user\":{\"phone\":null,\"loginTime\":null,\"basketShopAmount\":0,\"permission\":{\"permissionIds\":null,\"permissions\":\"\"},\"avatar\":null,\"password\":null,\"registerTime\":null,\"id\":50,\"new\":false,\"confirmPassword\":null,\"parseBirthDate\":null,\"servers\":null,\"administrator\":false,\"roles\":null,\"name\":\"lucky\",\"permissions\":\"\",\"active\":false,\"gender\":null,\"login\":false,\"birthDate\":null,\"basketProviderAmount\":0,\"loginName\":null}}','\0'),(83,89,62,'{\"createTime\":1456742625000,\"phone\":\"\",\"nickname\":null,\"postCode\":\"\",\"deleted\":false,\"detailAddress\":\"陕西省西安市碑林区西电科大社区32号楼\",\"city\":{\"id\":4,\"new\":false,\"name\":\"西安市\",\"province\":null,\"deleted\":false},\"id\":62,\"new\":false,\"area\":{\"id\":8,\"new\":false,\"name\":\"碑林区\",\"deleted\":false,\"city\":null},\"mobilePhone\":\"18700186031\",\"address\":\"西电科大社区32号楼\",\"name\":\"雒婷华\",\"defaultAddress\":false,\"province\":{\"id\":2,\"new\":false,\"name\":\"陕西省\"},\"user\":{\"phone\":null,\"loginTime\":null,\"basketShopAmount\":0,\"permission\":{\"permissionIds\":null,\"permissions\":\"\"},\"avatar\":null,\"password\":null,\"registerTime\":null,\"id\":50,\"new\":false,\"confirmPassword\":null,\"parseBirthDate\":null,\"servers\":null,\"administrator\":false,\"roles\":null,\"name\":\"lucky\",\"permissions\":\"\",\"active\":false,\"gender\":null,\"login\":false,\"birthDate\":null,\"basketProviderAmount\":0,\"loginName\":null}}','\0'),(84,90,62,'{\"createTime\":1456742625000,\"phone\":\"\",\"nickname\":null,\"postCode\":\"\",\"deleted\":false,\"detailAddress\":\"陕西省西安市碑林区西电科大社区32号楼\",\"city\":{\"id\":4,\"new\":false,\"name\":\"西安市\",\"province\":null,\"deleted\":false},\"id\":62,\"new\":false,\"area\":{\"id\":8,\"new\":false,\"name\":\"碑林区\",\"deleted\":false,\"city\":null},\"mobilePhone\":\"18700186031\",\"address\":\"西电科大社区32号楼\",\"name\":\"雒婷华\",\"defaultAddress\":false,\"province\":{\"id\":2,\"new\":false,\"name\":\"陕西省\"},\"user\":{\"phone\":null,\"loginTime\":null,\"basketShopAmount\":0,\"permission\":{\"permissionIds\":null,\"permissions\":\"\"},\"avatar\":null,\"password\":null,\"registerTime\":null,\"id\":50,\"new\":false,\"confirmPassword\":null,\"parseBirthDate\":null,\"servers\":null,\"administrator\":false,\"roles\":null,\"name\":\"lucky\",\"permissions\":\"\",\"active\":false,\"gender\":null,\"login\":false,\"birthDate\":null,\"basketProviderAmount\":0,\"loginName\":null}}','\0'),(85,91,62,'{\"createTime\":1456742625000,\"phone\":\"\",\"nickname\":null,\"postCode\":\"\",\"deleted\":false,\"detailAddress\":\"陕西省西安市碑林区西电科大社区32号楼\",\"city\":{\"id\":4,\"new\":false,\"name\":\"西安市\",\"province\":null,\"deleted\":false},\"id\":62,\"new\":false,\"area\":{\"id\":8,\"new\":false,\"name\":\"碑林区\",\"deleted\":false,\"city\":null},\"mobilePhone\":\"18700186031\",\"address\":\"西电科大社区32号楼\",\"name\":\"雒婷华\",\"defaultAddress\":false,\"province\":{\"id\":2,\"new\":false,\"name\":\"陕西省\"},\"user\":{\"phone\":null,\"loginTime\":null,\"basketShopAmount\":0,\"permission\":{\"permissionIds\":null,\"permissions\":\"\"},\"avatar\":null,\"password\":null,\"registerTime\":null,\"id\":50,\"new\":false,\"confirmPassword\":null,\"parseBirthDate\":null,\"servers\":null,\"administrator\":false,\"roles\":null,\"name\":\"lucky\",\"permissions\":\"\",\"active\":false,\"gender\":null,\"login\":false,\"birthDate\":null,\"basketProviderAmount\":0,\"loginName\":null}}','\0'),(86,92,62,'{\"createTime\":1456742625000,\"phone\":\"\",\"nickname\":null,\"postCode\":\"\",\"deleted\":false,\"detailAddress\":\"陕西省西安市碑林区西电科大社区32号楼\",\"city\":{\"id\":4,\"new\":false,\"name\":\"西安市\",\"province\":null,\"deleted\":false},\"id\":62,\"new\":false,\"area\":{\"id\":8,\"new\":false,\"name\":\"碑林区\",\"deleted\":false,\"city\":null},\"mobilePhone\":\"18700186031\",\"address\":\"西电科大社区32号楼\",\"name\":\"雒婷华\",\"defaultAddress\":false,\"province\":{\"id\":2,\"new\":false,\"name\":\"陕西省\"},\"user\":{\"phone\":null,\"loginTime\":null,\"basketShopAmount\":0,\"permission\":{\"permissionIds\":null,\"permissions\":\"\"},\"avatar\":null,\"password\":null,\"registerTime\":null,\"id\":50,\"new\":false,\"confirmPassword\":null,\"parseBirthDate\":null,\"servers\":null,\"administrator\":false,\"roles\":null,\"name\":\"lucky\",\"permissions\":\"\",\"active\":false,\"gender\":null,\"login\":false,\"birthDate\":null,\"basketProviderAmount\":0,\"loginName\":null}}','\0'),(87,93,53,'{\"createTime\":1453288568000,\"phone\":\"\",\"nickname\":null,\"postCode\":\"\",\"deleted\":false,\"detailAddress\":\"陕西省西安市新城区klaslfksdf\",\"city\":{\"id\":4,\"new\":false,\"name\":\"西安市\",\"province\":null,\"deleted\":false},\"id\":53,\"new\":false,\"area\":{\"id\":7,\"new\":false,\"name\":\"新城区\",\"deleted\":false,\"city\":null},\"mobilePhone\":\"15609201835\",\"address\":\"klaslfksdf\",\"name\":\"reacher\",\"defaultAddress\":false,\"province\":{\"id\":2,\"new\":false,\"name\":\"陕西省\"},\"user\":{\"phone\":null,\"loginTime\":null,\"basketShopAmount\":0,\"permission\":{\"permissionIds\":null,\"permissions\":\"\"},\"avatar\":null,\"password\":null,\"registerTime\":null,\"id\":40,\"new\":false,\"confirmPassword\":null,\"parseBirthDate\":null,\"servers\":null,\"administrator\":false,\"roles\":null,\"name\":null,\"permissions\":\"\",\"active\":false,\"gender\":null,\"login\":false,\"birthDate\":null,\"basketProviderAmount\":0,\"loginName\":null}}','\0'),(88,94,53,'{\"createTime\":1453288568000,\"phone\":\"\",\"nickname\":null,\"postCode\":\"\",\"deleted\":false,\"detailAddress\":\"陕西省西安市新城区klaslfksdf\",\"city\":{\"id\":4,\"new\":false,\"name\":\"西安市\",\"province\":null,\"deleted\":false},\"id\":53,\"new\":false,\"area\":{\"id\":7,\"new\":false,\"name\":\"新城区\",\"deleted\":false,\"city\":null},\"mobilePhone\":\"15609201835\",\"address\":\"klaslfksdf\",\"name\":\"reacher\",\"defaultAddress\":false,\"province\":{\"id\":2,\"new\":false,\"name\":\"陕西省\"},\"user\":{\"phone\":null,\"loginTime\":null,\"basketShopAmount\":0,\"permission\":{\"permissionIds\":null,\"permissions\":\"\"},\"avatar\":null,\"password\":null,\"registerTime\":null,\"id\":40,\"new\":false,\"confirmPassword\":null,\"parseBirthDate\":null,\"servers\":null,\"administrator\":false,\"roles\":null,\"name\":null,\"permissions\":\"\",\"active\":false,\"gender\":null,\"login\":false,\"birthDate\":null,\"basketProviderAmount\":0,\"loginName\":null}}','\0'),(89,95,71,'{\"createTime\":1456885644000,\"phone\":\"\",\"nickname\":null,\"postCode\":\"\",\"deleted\":false,\"detailAddress\":\"陕西省西安市碑林区11111\",\"city\":{\"id\":4,\"new\":false,\"name\":\"西安市\",\"province\":null,\"deleted\":false},\"id\":71,\"new\":false,\"area\":{\"id\":8,\"new\":false,\"name\":\"碑林区\",\"deleted\":false,\"city\":null},\"mobilePhone\":\"18700186031\",\"address\":\"11111\",\"name\":\"111\",\"defaultAddress\":false,\"province\":{\"id\":2,\"new\":false,\"name\":\"陕西省\"},\"user\":{\"phone\":null,\"loginTime\":null,\"basketShopAmount\":0,\"permission\":{\"permissionIds\":null,\"permissions\":\"\"},\"avatar\":null,\"password\":null,\"registerTime\":null,\"id\":37,\"new\":false,\"confirmPassword\":null,\"parseBirthDate\":null,\"servers\":null,\"administrator\":false,\"roles\":null,\"name\":\"超管\",\"permissions\":\"\",\"active\":false,\"gender\":null,\"login\":false,\"birthDate\":null,\"basketProviderAmount\":0,\"loginName\":null}}','\0'),(90,96,71,'{\"createTime\":1456885644000,\"phone\":\"\",\"nickname\":null,\"postCode\":\"\",\"deleted\":false,\"detailAddress\":\"陕西省西安市碑林区11111\",\"city\":{\"id\":4,\"new\":false,\"name\":\"西安市\",\"province\":null,\"deleted\":false},\"id\":71,\"new\":false,\"area\":{\"id\":8,\"new\":false,\"name\":\"碑林区\",\"deleted\":false,\"city\":null},\"mobilePhone\":\"18700186031\",\"address\":\"11111\",\"name\":\"111\",\"defaultAddress\":false,\"province\":{\"id\":2,\"new\":false,\"name\":\"陕西省\"},\"user\":{\"phone\":null,\"loginTime\":null,\"basketShopAmount\":0,\"permission\":{\"permissionIds\":null,\"permissions\":\"\"},\"avatar\":null,\"password\":null,\"registerTime\":null,\"id\":37,\"new\":false,\"confirmPassword\":null,\"parseBirthDate\":null,\"servers\":null,\"administrator\":false,\"roles\":null,\"name\":\"超管\",\"permissions\":\"\",\"active\":false,\"gender\":null,\"login\":false,\"birthDate\":null,\"basketProviderAmount\":0,\"loginName\":null}}','\0'),(91,97,66,'{\"createTime\":1456827741000,\"phone\":\"\",\"nickname\":null,\"postCode\":\"\",\"deleted\":false,\"detailAddress\":\"陕西省西安市新城区1111111\",\"city\":{\"id\":4,\"new\":false,\"name\":\"西安市\",\"province\":null,\"deleted\":false},\"id\":66,\"new\":false,\"area\":{\"id\":7,\"new\":false,\"name\":\"新城区\",\"deleted\":false,\"city\":null},\"mobilePhone\":\"18700186031\",\"address\":\"1111111\",\"name\":\"111\",\"defaultAddress\":true,\"province\":{\"id\":2,\"new\":false,\"name\":\"陕西省\"},\"user\":{\"phone\":null,\"loginTime\":null,\"basketShopAmount\":0,\"permission\":{\"permissionIds\":null,\"permissions\":\"\"},\"avatar\":null,\"password\":null,\"registerTime\":null,\"id\":50,\"new\":false,\"confirmPassword\":null,\"parseBirthDate\":null,\"servers\":null,\"administrator\":false,\"roles\":null,\"name\":\"lucky\",\"permissions\":\"\",\"active\":false,\"gender\":null,\"login\":false,\"birthDate\":null,\"basketProviderAmount\":0,\"loginName\":null}}','\0');
/*!40000 ALTER TABLE `orders_address` ENABLE KEYS */;
UNLOCK TABLES;

--
-- Table structure for table `orders_express`
--

DROP TABLE IF EXISTS `orders_express`;
/*!40101 SET @saved_cs_client     = @@character_set_client */;
/*!40101 SET character_set_client = utf8 */;
CREATE TABLE `orders_express` (
  `id` int(11) unsigned NOT NULL AUTO_INCREMENT,
  `orders_id` int(11) unsigned NOT NULL,
  `need` bit(1) NOT NULL,
  `company` varchar(50) DEFAULT NULL,
  `number` varchar(32) DEFAULT NULL,
  `deleted` bit(1) DEFAULT b'0',
  PRIMARY KEY (`id`),
  KEY `oe_orders_id_idx` (`orders_id`),
  CONSTRAINT `be_orders_id` FOREIGN KEY (`orders_id`) REFERENCES `orders` (`id`)
) ENGINE=InnoDB AUTO_INCREMENT=3 DEFAULT CHARSET=utf8;
/*!40101 SET character_set_client = @saved_cs_client */;

--
-- Dumping data for table `orders_express`
--

LOCK TABLES `orders_express` WRITE;
/*!40000 ALTER TABLE `orders_express` DISABLE KEYS */;
INSERT INTO `orders_express` VALUES (1,72,'\0','','','\0'),(2,73,'\0','','','\0');
/*!40000 ALTER TABLE `orders_express` ENABLE KEYS */;
UNLOCK TABLES;

--
-- Table structure for table `orders_goods`
--

DROP TABLE IF EXISTS `orders_goods`;
/*!40101 SET @saved_cs_client     = @@character_set_client */;
/*!40101 SET character_set_client = utf8 */;
CREATE TABLE `orders_goods` (
  `id` int(11) unsigned NOT NULL AUTO_INCREMENT,
  `orders_id` int(11) unsigned NOT NULL,
  `snapshot` text,
  `deleted` bit(1) DEFAULT b'0',
  `trading_info` text,
  PRIMARY KEY (`id`),
  KEY `fk_og_orders_id_idx` (`orders_id`),
  CONSTRAINT `fk_og_orders_id` FOREIGN KEY (`orders_id`) REFERENCES `orders` (`id`) ON UPDATE NO ACTION
) ENGINE=InnoDB AUTO_INCREMENT=101 DEFAULT CHARSET=utf8;
/*!40101 SET character_set_client = @saved_cs_client */;

--
-- Dumping data for table `orders_goods`
--

LOCK TABLES `orders_goods` WRITE;
/*!40000 ALTER TABLE `orders_goods` DISABLE KEYS */;
INSERT INTO `orders_goods` VALUES (51,49,'{\"shop\":{\"createTime\":null,\"invoiceRequirementList\":[],\"telephones\":null,\"defaultPhone\":\"jakeruan:18616910037\",\"othersObj\":{\"floristsResume\":null,\"managementField\":null,\"surroundingEnvironment\":null,\"legalRepresentResume\":null,\"businessConcept\":null},\"sendArea\":\"东至东大街,西至西稍门,南至南窑头,北至北大街,三环以内皆可免费配送,不在以上范围内，每5公里加收10元\",\"bankOfDeposit\":null,\"postage\":0,\"city\":null,\"creator\":null,\"id\":43,\"enterpriseType\":null,\"area\":null,\"tradingTypeList\":null,\"tradingType\":\"\",\"name\":\"测试数据\",\"province\":null,\"alipayAccount\":null,\"tradingTypeId\":null,\"profile\":null,\"mobilephones\":\"[{\\\"key\\\":\\\"jakeruan\\\",\\\"value\\\":\\\"18616910037\\\",\\\"flag\\\":true}]\",\"logo\":null,\"others\":null,\"adminTop\":null,\"deleted\":false,\"new\":false,\"cardHolder\":null,\"address\":null,\"legalRepresent\":null,\"theMobilePhone\":\"18616910037\",\"invoiceRequirement\":null,\"cardNumber\":null},\"createTime\":1453172320000,\"adminTop\":null,\"goodsCategory\":{\"subGoodsCategorys\":null,\"id\":101,\"shop\":null,\"new\":false,\"name\":\"鲜切花\",\"parameters\":null,\"deleted\":false},\"currentPrice\":0.01,\"shopCategory\":{\"subGoodsCategorys\":null,\"id\":100,\"shop\":null,\"new\":false,\"name\":\"鲜切花\",\"parameters\":null,\"deleted\":false},\"intro\":\"<p>我是测试数据<\\/p>\",\"marketable\":\"PUTAWAY\",\"customProperty\":\"{\\\"option\\\":[{\\\"name\\\":\\\"使用场景\\\",\\\"type\\\":\\\"2\\\",\\\"options\\\":\\\"婚庆,求婚,道歉\\\"},{\\\"name\\\":\\\"使用对象\\\",\\\"type\\\":\\\"2\\\",\\\"options\\\":\\\"恋人,女友,老师,父亲,母亲\\\"}],\\\"optionProperty\\\":[{\\\"使用场景\\\":\\\"求婚\\\"},{\\\"使用对象\\\":\\\"老师\\\"}],\\\"customProperty\\\":[{\\\"产地\\\":\\\"北京\\\"}]}\",\"id\":51,\"new\":false,\"defaultImg\":360,\"stock\":1,\"originalPrice\":null,\"topImg\":{\"id\":366,\"new\":false,\"file\":null,\"name\":null,\"datestamp\":null,\"checksum\":null,\"mimeType\":null,\"size\":0},\"auditingStatus\":null,\"sales\":0,\"name\":\"测试玫瑰\",\"topTime\":1453172358000,\"commentTarget\":0,\"user\":{\"phone\":null,\"loginTime\":null,\"basketShopAmount\":0,\"permission\":{\"permissionIds\":null,\"permissions\":\"\"},\"avatar\":null,\"password\":null,\"registerTime\":null,\"id\":38,\"new\":false,\"confirmPassword\":null,\"parseBirthDate\":null,\"servers\":null,\"administrator\":false,\"roles\":null,\"name\":\"jake\",\"permissions\":\"\",\"active\":false,\"gender\":null,\"login\":false,\"birthDate\":null,\"basketProviderAmount\":0,\"loginName\":\"2502932416@qq.com\"},\"imgIds\":[360],\"imageIds\":\"360\",\"top\":true}','\0','{\"goodsId\":\"51\",\"price\":\"0.01\",\"quantity\":\"1\",\"remarks\":\"ggweg\"}'),(52,50,'{\"shop\":{\"createTime\":null,\"invoiceRequirementList\":[],\"telephones\":null,\"defaultPhone\":\"jakeruan:18616910037\",\"othersObj\":{\"floristsResume\":null,\"managementField\":null,\"surroundingEnvironment\":null,\"legalRepresentResume\":null,\"businessConcept\":null},\"sendArea\":\"东至东大街,西至西稍门,南至南窑头,北至北大街,三环以内皆可免费配送,不在以上范围内，每5公里加收10元\",\"bankOfDeposit\":null,\"postage\":0,\"city\":null,\"creator\":null,\"id\":43,\"enterpriseType\":null,\"area\":null,\"tradingTypeList\":null,\"tradingType\":\"\",\"name\":\"测试数据\",\"province\":null,\"alipayAccount\":null,\"tradingTypeId\":null,\"profile\":null,\"mobilephones\":\"[{\\\"key\\\":\\\"jakeruan\\\",\\\"value\\\":\\\"18616910037\\\",\\\"flag\\\":true},{\\\"key\\\":\\\"egs\\\",\\\"value\\\":\\\"18616910037\\\",\\\"flag\\\":false}]\",\"logo\":null,\"others\":null,\"adminTop\":null,\"deleted\":false,\"new\":false,\"cardHolder\":null,\"address\":null,\"legalRepresent\":null,\"alipayName\":null,\"theMobilePhone\":\"18616910037\",\"invoiceRequirement\":null,\"cardNumber\":null},\"createTime\":1453171629000,\"adminTop\":null,\"goodsCategory\":{\"subGoodsCategorys\":null,\"id\":101,\"shop\":null,\"new\":false,\"name\":\"鲜切花\",\"parameters\":null,\"deleted\":false},\"currentPrice\":1,\"shopCategory\":{\"subGoodsCategorys\":null,\"id\":99,\"shop\":null,\"new\":false,\"name\":\"玫瑰\",\"parameters\":null,\"deleted\":false},\"intro\":\"<h3 style=\\\"margin-top: 10px;margin-right: 0px;margin-left: 0px;padding: 0px;line-height: 1.35;color: rgb(33, 33, 33);font-size: 13px;font-weight: lighter;font-family: &#39;Times New Roman&#39;, &#39;Microsoft YaHei&#39;, Times, serif, simhei;border-bottom-width: 1px;border-bottom-style: solid;border-bottom-color: black;height: 35px\\\"><img src=\\\"http://jiupinhua.com/floriationtest/file/download?view.id=358\\\" _src=\\\"http://jiupinhua.com/floriationtest/file/download?view.id=358\\\" style=\\\"width: 450px; height: 236px;\\\"/><\\/h3><h3 style=\\\"margin-top: 10px;margin-right: 0px;margin-left: 0px;padding: 0px;line-height: 1.35;color: rgb(33, 33, 33);font-size: 13px;font-weight: lighter;font-family: &#39;Times New Roman&#39;, &#39;Microsoft YaHei&#39;, Times, serif, simhei;border-bottom-width: 1px;border-bottom-style: solid;border-bottom-color: black;height: 35px\\\">推荐理由<span style=\\\";padding: 0px;clear: both;width: 270px;height: 0px;display: block\\\">STYLE NOTES<\\/span><\\/h3><p style=\\\"margin-top: 0px;margin-bottom: 0px;padding: 0px;list-style: none;color: rgb(130, 130, 130)\\\"><\\/p><p style=\\\"margin-top: 0px;margin-bottom: 0px;padding: 0px;list-style: none;color: rgb(130, 130, 130);font-size: 13.3333px\\\"><span style=\\\";padding: 0px\\\">2016<\\/span><span style=\\\";padding: 0px\\\">年情人节，野兽派获得日本樱桃小丸子官方授权，推出史上最性感的小丸子和她的女同学们！头顶章鱼，戴着牡蛎，<\\/span><span style=\\\";padding: 0px\\\">机灵慧黠<\\/span><span style=\\\";padding: 0px\\\">的可爱。<\\/span><\\/p><p style=\\\"margin-top: 0px;margin-bottom: 0px;padding: 0px;list-style: none;color: rgb(130, 130, 130);font-size: 13.3333px\\\">&nbsp;<\\/p><p style=\\\"margin-top: 0px;margin-bottom: 0px;padding: 0px;list-style: none;color: rgb(130, 130, 130);font-size: 13.3333px\\\"><span style=\\\";padding: 0px\\\">特别设计的复古陶瓷托盘配时髦的粉晶色、静谧蓝，放在床头或桌面，既可做永生花托盘摆放欣赏，也可以存放戒指等首饰小物。<\\/span><\\/p><p style=\\\"margin-top: 0px;margin-bottom: 0px;padding: 0px;list-style: none;color: rgb(130, 130, 130);font-size: 13.3333px\\\"><span style=\\\";padding: 0px\\\">立体的动物造型则希望你拥有最纯粹的爱，或温柔长吻的喵们，或霸道激吻的长耳兔，肆无忌惮爱得热烈。<\\/span><\\/p><p style=\\\"margin-top: 0px;margin-bottom: 0px;padding: 0px;list-style: none;color: rgb(130, 130, 130);font-size: 13.3333px\\\"><span style=\\\";padding: 0px\\\">我们选择了奥斯汀玫瑰为主的进口永生花花材，寓意永久守护的爱。沉醉在花丛中，甜蜜在心间。<\\/span><\\/p><p style=\\\"margin-top: 0px;margin-bottom: 0px;padding: 0px;list-style: none;color: rgb(130, 130, 130)\\\"><\\/p><h3 style=\\\"margin-top: 10px;margin-right: 0px;margin-left: 0px;padding: 0px;line-height: 1.35;color: rgb(33, 33, 33);font-size: 13px;font-weight: lighter;font-family: &#39;Times New Roman&#39;, &#39;Microsoft YaHei&#39;, Times, serif, simhei;border-bottom-width: 1px;border-bottom-style: solid;border-bottom-color: black;height: 35px\\\">保养说明<span style=\\\";padding: 0px;clear: both;width: 270px;height: 0px;display: block\\\">CARING<\\/span><\\/h3><p style=\\\"margin-top: 0px;margin-bottom: 0px;padding: 0px;list-style: none;color: rgb(130, 130, 130)\\\">保养须知：勿浇水或经常用手触碰，勿放置室外。勿太阳直晒。如蒙上灰尘，用吹风机冷风，将灰尘轻轻吹掉。如室内潮湿，请勿将花材长时间暴露在空气中。 特别说明：南方潮湿地区干花可能会发霉，建议潮湿天气时注意放在干燥环境。永生花在运输过程中，可能会出现少数花瓣碎裂的情况，这是正常现象，可用修眉小剪刀将花瓣边缘修剪整齐。<\\/p><p><br/><\\/p>\",\"marketable\":\"PUTAWAY\",\"customProperty\":\"{\\\"option\\\":[{\\\"name\\\":\\\"使用场景\\\",\\\"type\\\":\\\"2\\\",\\\"options\\\":\\\"婚庆,求婚,道歉\\\"},{\\\"name\\\":\\\"使用对象\\\",\\\"type\\\":\\\"2\\\",\\\"options\\\":\\\"恋人,女友,老师,父亲,母亲\\\"}],\\\"optionProperty\\\":[{\\\"使用场景\\\":\\\"求婚\\\"},{\\\"使用对象\\\":\\\"老师\\\"}],\\\"customProperty\\\":[{\\\"产地\\\":\\\"昆明\\\"}]}\",\"id\":50,\"new\":false,\"defaultImg\":355,\"stock\":1,\"originalPrice\":null,\"topImg\":{\"id\":359,\"new\":false,\"file\":null,\"name\":null,\"datestamp\":null,\"checksum\":null,\"mimeType\":null,\"size\":0},\"auditingStatus\":null,\"sales\":0,\"name\":\"玫瑰\",\"topTime\":1453172115000,\"commentTarget\":0,\"user\":{\"phone\":null,\"loginTime\":null,\"basketShopAmount\":0,\"permission\":{\"permissionIds\":null,\"permissions\":\"\"},\"avatar\":null,\"password\":null,\"registerTime\":null,\"id\":38,\"new\":false,\"confirmPassword\":null,\"parseBirthDate\":null,\"servers\":null,\"administrator\":false,\"roles\":null,\"name\":\"jake\",\"permissions\":\"\",\"active\":false,\"gender\":null,\"login\":false,\"birthDate\":null,\"basketProviderAmount\":0,\"loginName\":\"2502932416@qq.com\"},\"imgIds\":[355,356,357],\"imageIds\":\"355,356,357\",\"top\":true}','\0','{\"goodsId\":\"50\",\"price\":\"1.00\",\"quantity\":\"1\",\"remarks\":\"\"}'),(53,51,'{\"shop\":{\"createTime\":null,\"invoiceRequirementList\":[],\"telephones\":null,\"defaultPhone\":\"jakeruan:18616910037\",\"othersObj\":{\"floristsResume\":null,\"managementField\":null,\"surroundingEnvironment\":null,\"legalRepresentResume\":null,\"businessConcept\":null},\"sendArea\":\"东至东大街,西至西稍门,南至南窑头,北至北大街,三环以内皆可免费配送,不在以上范围内，每5公里加收10元\",\"bankOfDeposit\":null,\"postage\":0,\"city\":null,\"creator\":null,\"id\":43,\"enterpriseType\":null,\"area\":null,\"tradingTypeList\":null,\"tradingType\":\"\",\"name\":\"测试数据\",\"province\":null,\"alipayAccount\":null,\"tradingTypeId\":null,\"profile\":null,\"mobilephones\":\"[{\\\"key\\\":\\\"jakeruan\\\",\\\"value\\\":\\\"18616910037\\\",\\\"flag\\\":true},{\\\"key\\\":\\\"egs\\\",\\\"value\\\":\\\"18616910037\\\",\\\"flag\\\":false}]\",\"logo\":null,\"others\":null,\"adminTop\":null,\"deleted\":false,\"new\":false,\"cardHolder\":null,\"address\":null,\"legalRepresent\":null,\"alipayName\":null,\"theMobilePhone\":\"18616910037\",\"invoiceRequirement\":null,\"cardNumber\":null},\"createTime\":1453172472000,\"adminTop\":null,\"goodsCategory\":{\"subGoodsCategorys\":null,\"id\":101,\"shop\":null,\"new\":false,\"name\":\"鲜切花\",\"parameters\":null,\"deleted\":false},\"currentPrice\":99999,\"shopCategory\":{\"subGoodsCategorys\":null,\"id\":99,\"shop\":null,\"new\":false,\"name\":\"玫瑰\",\"parameters\":null,\"deleted\":false},\"intro\":\"<p><span style=\\\"white-space: normal;\\\">我是测试数据<\\/span>\\n\\t\\t\\t<\\/p>\",\"marketable\":\"PUTAWAY\",\"customProperty\":\"{\\\"option\\\":[{\\\"name\\\":\\\"使用场景\\\",\\\"type\\\":\\\"2\\\",\\\"options\\\":\\\"婚庆,求婚,道歉\\\"},{\\\"name\\\":\\\"使用对象\\\",\\\"type\\\":\\\"2\\\",\\\"options\\\":\\\"恋人,女友,老师,父亲,母亲\\\"}],\\\"optionProperty\\\":[{\\\"使用场景\\\":\\\"求婚\\\"},{\\\"使用对象\\\":\\\"女友\\\"}],\\\"customProperty\\\":[{\\\"品牌\\\":\\\"我是测试数据\\\"},{\\\"品牌\\\":\\\"我是测试数据\\\"}]}\",\"id\":52,\"new\":false,\"defaultImg\":367,\"stock\":11110,\"originalPrice\":null,\"topImg\":{\"id\":370,\"new\":false,\"file\":null,\"name\":null,\"datestamp\":null,\"checksum\":null,\"mimeType\":null,\"size\":0},\"auditingStatus\":null,\"sales\":0,\"name\":\"测试玫瑰\",\"topTime\":null,\"commentTarget\":0,\"user\":{\"phone\":null,\"loginTime\":null,\"basketShopAmount\":0,\"permission\":{\"permissionIds\":null,\"permissions\":\"\"},\"avatar\":null,\"password\":null,\"registerTime\":null,\"id\":38,\"new\":false,\"confirmPassword\":null,\"parseBirthDate\":null,\"servers\":null,\"administrator\":false,\"roles\":null,\"name\":\"jake\",\"permissions\":\"\",\"active\":false,\"gender\":null,\"login\":false,\"birthDate\":null,\"basketProviderAmount\":0,\"loginName\":\"2502932416@qq.com\"},\"imgIds\":[367],\"imageIds\":\"367\",\"top\":false}','\0','{\"goodsId\":\"52\",\"price\":\"99999.00\",\"quantity\":\"1\",\"remarks\":\"sdfsaf\"}'),(54,52,'{\"shop\":{\"createTime\":null,\"invoiceRequirementList\":[],\"telephones\":null,\"defaultPhone\":\"jakeruan:18616910037\",\"othersObj\":{\"floristsResume\":null,\"managementField\":null,\"surroundingEnvironment\":null,\"legalRepresentResume\":null,\"businessConcept\":null},\"sendArea\":\"东至东大街,西至西稍门,南至南窑头,北至北大街,三环以内皆可免费配送,不在以上范围内，每5公里加收10元\",\"bankOfDeposit\":null,\"postage\":0,\"city\":null,\"creator\":null,\"id\":43,\"enterpriseType\":null,\"area\":null,\"tradingTypeList\":null,\"tradingType\":\"\",\"name\":\"测试数据\",\"province\":null,\"alipayAccount\":null,\"tradingTypeId\":null,\"profile\":null,\"mobilephones\":\"[{\\\"key\\\":\\\"jakeruan\\\",\\\"value\\\":\\\"18616910037\\\",\\\"flag\\\":true},{\\\"key\\\":\\\"egs\\\",\\\"value\\\":\\\"18616910037\\\",\\\"flag\\\":false}]\",\"logo\":null,\"others\":null,\"adminTop\":null,\"deleted\":false,\"new\":false,\"cardHolder\":null,\"address\":null,\"legalRepresent\":null,\"alipayName\":null,\"theMobilePhone\":\"18616910037\",\"invoiceRequirement\":null,\"cardNumber\":null},\"createTime\":1453172472000,\"adminTop\":null,\"goodsCategory\":{\"subGoodsCategorys\":null,\"id\":101,\"shop\":null,\"new\":false,\"name\":\"鲜切花\",\"parameters\":null,\"deleted\":false},\"currentPrice\":99999,\"shopCategory\":{\"subGoodsCategorys\":null,\"id\":99,\"shop\":null,\"new\":false,\"name\":\"玫瑰\",\"parameters\":null,\"deleted\":false},\"intro\":\"<p><span style=\\\"white-space: normal;\\\">我是测试数据<\\/span>\\n\\t\\t\\t<\\/p>\",\"marketable\":\"PUTAWAY\",\"customProperty\":\"{\\\"option\\\":[{\\\"name\\\":\\\"使用场景\\\",\\\"type\\\":\\\"2\\\",\\\"options\\\":\\\"婚庆,求婚,道歉\\\"},{\\\"name\\\":\\\"使用对象\\\",\\\"type\\\":\\\"2\\\",\\\"options\\\":\\\"恋人,女友,老师,父亲,母亲\\\"}],\\\"optionProperty\\\":[{\\\"使用场景\\\":\\\"求婚\\\"},{\\\"使用对象\\\":\\\"女友\\\"}],\\\"customProperty\\\":[{\\\"品牌\\\":\\\"我是测试数据\\\"},{\\\"品牌\\\":\\\"我是测试数据\\\"}]}\",\"id\":52,\"new\":false,\"defaultImg\":367,\"stock\":11110,\"originalPrice\":null,\"topImg\":{\"id\":370,\"new\":false,\"file\":null,\"name\":null,\"datestamp\":null,\"checksum\":null,\"mimeType\":null,\"size\":0},\"auditingStatus\":null,\"sales\":0,\"name\":\"测试玫瑰\",\"topTime\":null,\"commentTarget\":0,\"user\":{\"phone\":null,\"loginTime\":null,\"basketShopAmount\":0,\"permission\":{\"permissionIds\":null,\"permissions\":\"\"},\"avatar\":null,\"password\":null,\"registerTime\":null,\"id\":38,\"new\":false,\"confirmPassword\":null,\"parseBirthDate\":null,\"servers\":null,\"administrator\":false,\"roles\":null,\"name\":\"jake\",\"permissions\":\"\",\"active\":false,\"gender\":null,\"login\":false,\"birthDate\":null,\"basketProviderAmount\":0,\"loginName\":\"2502932416@qq.com\"},\"imgIds\":[367],\"imageIds\":\"367\",\"top\":false}','\0','{\"goodsId\":\"52\",\"price\":\"99999.00\",\"quantity\":\"1\",\"remarks\":\"fadfasdf\"}'),(55,53,'{\"shop\":{\"createTime\":null,\"invoiceRequirementList\":[],\"telephones\":null,\"defaultPhone\":\"jakeruan:18616910037\",\"othersObj\":{\"floristsResume\":null,\"managementField\":null,\"surroundingEnvironment\":null,\"legalRepresentResume\":null,\"businessConcept\":null},\"sendArea\":\"东至东大街,西至西稍门,南至南窑头,北至北大街,三环以内皆可免费配送,不在以上范围内，每5公里加收10元\",\"bankOfDeposit\":null,\"postage\":0,\"city\":null,\"creator\":null,\"id\":43,\"enterpriseType\":null,\"area\":null,\"tradingTypeList\":null,\"tradingType\":\"\",\"name\":\"测试数据\",\"province\":null,\"alipayAccount\":null,\"tradingTypeId\":null,\"profile\":null,\"mobilephones\":\"[{\\\"key\\\":\\\"jakeruan\\\",\\\"value\\\":\\\"18616910037\\\",\\\"flag\\\":true},{\\\"key\\\":\\\"egs\\\",\\\"value\\\":\\\"18616910037\\\",\\\"flag\\\":false}]\",\"logo\":null,\"others\":null,\"adminTop\":null,\"deleted\":false,\"new\":false,\"cardHolder\":null,\"address\":null,\"legalRepresent\":null,\"alipayName\":null,\"theMobilePhone\":\"18616910037\",\"invoiceRequirement\":null,\"cardNumber\":null},\"createTime\":1453172472000,\"adminTop\":null,\"goodsCategory\":{\"subGoodsCategorys\":null,\"id\":101,\"shop\":null,\"new\":false,\"name\":\"鲜切花\",\"parameters\":null,\"deleted\":false},\"currentPrice\":99999,\"shopCategory\":{\"subGoodsCategorys\":null,\"id\":99,\"shop\":null,\"new\":false,\"name\":\"玫瑰\",\"parameters\":null,\"deleted\":false},\"intro\":\"<p><span style=\\\"white-space: normal;\\\">我是测试数据<\\/span>\\n\\t\\t\\t<\\/p>\",\"marketable\":\"PUTAWAY\",\"customProperty\":\"{\\\"option\\\":[{\\\"name\\\":\\\"使用场景\\\",\\\"type\\\":\\\"2\\\",\\\"options\\\":\\\"婚庆,求婚,道歉\\\"},{\\\"name\\\":\\\"使用对象\\\",\\\"type\\\":\\\"2\\\",\\\"options\\\":\\\"恋人,女友,老师,父亲,母亲\\\"}],\\\"optionProperty\\\":[{\\\"使用场景\\\":\\\"求婚\\\"},{\\\"使用对象\\\":\\\"女友\\\"}],\\\"customProperty\\\":[{\\\"品牌\\\":\\\"我是测试数据\\\"},{\\\"品牌\\\":\\\"我是测试数据\\\"}]}\",\"id\":52,\"new\":false,\"defaultImg\":367,\"stock\":11110,\"originalPrice\":null,\"topImg\":{\"id\":370,\"new\":false,\"file\":null,\"name\":null,\"datestamp\":null,\"checksum\":null,\"mimeType\":null,\"size\":0},\"auditingStatus\":null,\"sales\":0,\"name\":\"测试玫瑰\",\"topTime\":null,\"commentTarget\":0,\"user\":{\"phone\":null,\"loginTime\":null,\"basketShopAmount\":0,\"permission\":{\"permissionIds\":null,\"permissions\":\"\"},\"avatar\":null,\"password\":null,\"registerTime\":null,\"id\":38,\"new\":false,\"confirmPassword\":null,\"parseBirthDate\":null,\"servers\":null,\"administrator\":false,\"roles\":null,\"name\":\"jake\",\"permissions\":\"\",\"active\":false,\"gender\":null,\"login\":false,\"birthDate\":null,\"basketProviderAmount\":0,\"loginName\":\"2502932416@qq.com\"},\"imgIds\":[367],\"imageIds\":\"367\",\"top\":false}','\0','{\"goodsId\":\"52\",\"price\":\"99999.00\",\"quantity\":\"1\",\"remarks\":\"我是备注信息，我要我女朋友啊，要备注好啊！！！！！！\"}'),(56,54,'{\"shop\":{\"createTime\":null,\"invoiceRequirementList\":[],\"telephones\":null,\"defaultPhone\":\"jakeruan:18616910037\",\"othersObj\":{\"floristsResume\":null,\"managementField\":null,\"surroundingEnvironment\":null,\"legalRepresentResume\":null,\"businessConcept\":null},\"sendArea\":\"东至东大街,西至西稍门,南至南窑头,北至北大街,三环以内皆可免费配送,不在以上范围内，每5公里加收10元\",\"bankOfDeposit\":null,\"postage\":0,\"city\":null,\"creator\":null,\"id\":43,\"enterpriseType\":null,\"area\":null,\"tradingTypeList\":null,\"tradingType\":\"\",\"name\":\"测试数据\",\"province\":null,\"alipayAccount\":null,\"tradingTypeId\":null,\"profile\":null,\"mobilephones\":\"[{\\\"key\\\":\\\"jakeruan\\\",\\\"value\\\":\\\"18616910037\\\",\\\"flag\\\":true},{\\\"key\\\":\\\"egs\\\",\\\"value\\\":\\\"18616910037\\\",\\\"flag\\\":false}]\",\"logo\":null,\"others\":null,\"adminTop\":null,\"deleted\":false,\"new\":false,\"cardHolder\":null,\"address\":null,\"legalRepresent\":null,\"alipayName\":null,\"theMobilePhone\":\"18616910037\",\"invoiceRequirement\":null,\"cardNumber\":null},\"createTime\":1453172472000,\"adminTop\":null,\"goodsCategory\":{\"subGoodsCategorys\":null,\"id\":101,\"shop\":null,\"new\":false,\"name\":\"鲜切花\",\"parameters\":null,\"deleted\":false},\"currentPrice\":99999,\"shopCategory\":{\"subGoodsCategorys\":null,\"id\":99,\"shop\":null,\"new\":false,\"name\":\"玫瑰\",\"parameters\":null,\"deleted\":false},\"intro\":\"<p><span style=\\\"white-space: normal;\\\">我是测试数据<\\/span>\\n\\t\\t\\t<\\/p>\",\"marketable\":\"PUTAWAY\",\"customProperty\":\"{\\\"option\\\":[{\\\"name\\\":\\\"使用场景\\\",\\\"type\\\":\\\"2\\\",\\\"options\\\":\\\"婚庆,求婚,道歉\\\"},{\\\"name\\\":\\\"使用对象\\\",\\\"type\\\":\\\"2\\\",\\\"options\\\":\\\"恋人,女友,老师,父亲,母亲\\\"}],\\\"optionProperty\\\":[{\\\"使用场景\\\":\\\"求婚\\\"},{\\\"使用对象\\\":\\\"女友\\\"}],\\\"customProperty\\\":[{\\\"品牌\\\":\\\"我是测试数据\\\"},{\\\"品牌\\\":\\\"我是测试数据\\\"}]}\",\"id\":52,\"new\":false,\"defaultImg\":367,\"stock\":11110,\"originalPrice\":null,\"topImg\":{\"id\":370,\"new\":false,\"file\":null,\"name\":null,\"datestamp\":null,\"checksum\":null,\"mimeType\":null,\"size\":0},\"auditingStatus\":null,\"sales\":0,\"name\":\"测试玫瑰\",\"topTime\":null,\"commentTarget\":0,\"user\":{\"phone\":null,\"loginTime\":null,\"basketShopAmount\":0,\"permission\":{\"permissionIds\":null,\"permissions\":\"\"},\"avatar\":null,\"password\":null,\"registerTime\":null,\"id\":38,\"new\":false,\"confirmPassword\":null,\"parseBirthDate\":null,\"servers\":null,\"administrator\":false,\"roles\":null,\"name\":\"jake\",\"permissions\":\"\",\"active\":false,\"gender\":null,\"login\":false,\"birthDate\":null,\"basketProviderAmount\":0,\"loginName\":\"2502932416@qq.com\"},\"imgIds\":[367],\"imageIds\":\"367\",\"top\":false}','\0','{\"goodsId\":\"52\",\"price\":\"99999.00\",\"quantity\":\"1\",\"remarks\":\"\"}'),(57,55,'{\"shop\":{\"createTime\":null,\"invoiceRequirementList\":[],\"telephones\":null,\"defaultPhone\":\"jakeruan:18616910037\",\"othersObj\":{\"floristsResume\":null,\"managementField\":null,\"surroundingEnvironment\":null,\"legalRepresentResume\":null,\"businessConcept\":null},\"sendArea\":\"东至东大街,西至西稍门,南至南窑头,北至北大街,三环以内皆可免费配送,不在以上范围内，每5公里加收10元\",\"bankOfDeposit\":null,\"postage\":0,\"city\":null,\"creator\":null,\"id\":43,\"enterpriseType\":null,\"area\":null,\"tradingTypeList\":null,\"tradingType\":\"\",\"name\":\"测试数据\",\"province\":null,\"alipayAccount\":null,\"tradingTypeId\":null,\"profile\":null,\"mobilephones\":\"[{\\\"key\\\":\\\"jakeruan\\\",\\\"value\\\":\\\"18616910037\\\",\\\"flag\\\":true},{\\\"key\\\":\\\"egs\\\",\\\"value\\\":\\\"18616910037\\\",\\\"flag\\\":false}]\",\"logo\":null,\"others\":null,\"adminTop\":null,\"deleted\":false,\"new\":false,\"cardHolder\":null,\"address\":null,\"legalRepresent\":null,\"alipayName\":null,\"theMobilePhone\":\"18616910037\",\"invoiceRequirement\":null,\"cardNumber\":null},\"createTime\":1453171629000,\"adminTop\":null,\"goodsCategory\":{\"subGoodsCategorys\":null,\"id\":101,\"shop\":null,\"new\":false,\"name\":\"鲜切花\",\"parameters\":null,\"deleted\":false},\"currentPrice\":1,\"shopCategory\":{\"subGoodsCategorys\":null,\"id\":99,\"shop\":null,\"new\":false,\"name\":\"玫瑰\",\"parameters\":null,\"deleted\":false},\"intro\":\"<h3 style=\\\"margin-top: 10px;margin-right: 0px;margin-left: 0px;padding: 0px;line-height: 1.35;color: rgb(33, 33, 33);font-size: 13px;font-weight: lighter;font-family: &#39;Times New Roman&#39;, &#39;Microsoft YaHei&#39;, Times, serif, simhei;border-bottom-width: 1px;border-bottom-style: solid;border-bottom-color: black;height: 35px\\\"><img src=\\\"http://jiupinhua.com/floriationtest/file/download?view.id=358\\\" _src=\\\"http://jiupinhua.com/floriationtest/file/download?view.id=358\\\" style=\\\"width: 450px; height: 236px;\\\"/><\\/h3><h3 style=\\\"margin-top: 10px;margin-right: 0px;margin-left: 0px;padding: 0px;line-height: 1.35;color: rgb(33, 33, 33);font-size: 13px;font-weight: lighter;font-family: &#39;Times New Roman&#39;, &#39;Microsoft YaHei&#39;, Times, serif, simhei;border-bottom-width: 1px;border-bottom-style: solid;border-bottom-color: black;height: 35px\\\">推荐理由<span style=\\\";padding: 0px;clear: both;width: 270px;height: 0px;display: block\\\">STYLE NOTES<\\/span><\\/h3><p style=\\\"margin-top: 0px;margin-bottom: 0px;padding: 0px;list-style: none;color: rgb(130, 130, 130)\\\"><\\/p><p style=\\\"margin-top: 0px;margin-bottom: 0px;padding: 0px;list-style: none;color: rgb(130, 130, 130);font-size: 13.3333px\\\"><span style=\\\";padding: 0px\\\">2016<\\/span><span style=\\\";padding: 0px\\\">年情人节，野兽派获得日本樱桃小丸子官方授权，推出史上最性感的小丸子和她的女同学们！头顶章鱼，戴着牡蛎，<\\/span><span style=\\\";padding: 0px\\\">机灵慧黠<\\/span><span style=\\\";padding: 0px\\\">的可爱。<\\/span><\\/p><p style=\\\"margin-top: 0px;margin-bottom: 0px;padding: 0px;list-style: none;color: rgb(130, 130, 130);font-size: 13.3333px\\\">&nbsp;<\\/p><p style=\\\"margin-top: 0px;margin-bottom: 0px;padding: 0px;list-style: none;color: rgb(130, 130, 130);font-size: 13.3333px\\\"><span style=\\\";padding: 0px\\\">特别设计的复古陶瓷托盘配时髦的粉晶色、静谧蓝，放在床头或桌面，既可做永生花托盘摆放欣赏，也可以存放戒指等首饰小物。<\\/span><\\/p><p style=\\\"margin-top: 0px;margin-bottom: 0px;padding: 0px;list-style: none;color: rgb(130, 130, 130);font-size: 13.3333px\\\"><span style=\\\";padding: 0px\\\">立体的动物造型则希望你拥有最纯粹的爱，或温柔长吻的喵们，或霸道激吻的长耳兔，肆无忌惮爱得热烈。<\\/span><\\/p><p style=\\\"margin-top: 0px;margin-bottom: 0px;padding: 0px;list-style: none;color: rgb(130, 130, 130);font-size: 13.3333px\\\"><span style=\\\";padding: 0px\\\">我们选择了奥斯汀玫瑰为主的进口永生花花材，寓意永久守护的爱。沉醉在花丛中，甜蜜在心间。<\\/span><\\/p><p style=\\\"margin-top: 0px;margin-bottom: 0px;padding: 0px;list-style: none;color: rgb(130, 130, 130)\\\"><\\/p><h3 style=\\\"margin-top: 10px;margin-right: 0px;margin-left: 0px;padding: 0px;line-height: 1.35;color: rgb(33, 33, 33);font-size: 13px;font-weight: lighter;font-family: &#39;Times New Roman&#39;, &#39;Microsoft YaHei&#39;, Times, serif, simhei;border-bottom-width: 1px;border-bottom-style: solid;border-bottom-color: black;height: 35px\\\">保养说明<span style=\\\";padding: 0px;clear: both;width: 270px;height: 0px;display: block\\\">CARING<\\/span><\\/h3><p style=\\\"margin-top: 0px;margin-bottom: 0px;padding: 0px;list-style: none;color: rgb(130, 130, 130)\\\">保养须知：勿浇水或经常用手触碰，勿放置室外。勿太阳直晒。如蒙上灰尘，用吹风机冷风，将灰尘轻轻吹掉。如室内潮湿，请勿将花材长时间暴露在空气中。 特别说明：南方潮湿地区干花可能会发霉，建议潮湿天气时注意放在干燥环境。永生花在运输过程中，可能会出现少数花瓣碎裂的情况，这是正常现象，可用修眉小剪刀将花瓣边缘修剪整齐。<\\/p><p><br/><\\/p>\",\"marketable\":\"PUTAWAY\",\"customProperty\":\"{\\\"option\\\":[{\\\"name\\\":\\\"使用场景\\\",\\\"type\\\":\\\"2\\\",\\\"options\\\":\\\"婚庆,求婚,道歉\\\"},{\\\"name\\\":\\\"使用对象\\\",\\\"type\\\":\\\"2\\\",\\\"options\\\":\\\"恋人,女友,老师,父亲,母亲\\\"}],\\\"optionProperty\\\":[{\\\"使用场景\\\":\\\"求婚\\\"},{\\\"使用对象\\\":\\\"老师\\\"}],\\\"customProperty\\\":[{\\\"产地\\\":\\\"昆明\\\"}]}\",\"id\":50,\"new\":false,\"defaultImg\":355,\"stock\":1,\"originalPrice\":null,\"topImg\":{\"id\":359,\"new\":false,\"file\":null,\"name\":null,\"datestamp\":null,\"checksum\":null,\"mimeType\":null,\"size\":0},\"auditingStatus\":null,\"sales\":0,\"name\":\"玫瑰\",\"topTime\":1453172115000,\"commentTarget\":0,\"user\":{\"phone\":null,\"loginTime\":null,\"basketShopAmount\":0,\"permission\":{\"permissionIds\":null,\"permissions\":\"\"},\"avatar\":null,\"password\":null,\"registerTime\":null,\"id\":38,\"new\":false,\"confirmPassword\":null,\"parseBirthDate\":null,\"servers\":null,\"administrator\":false,\"roles\":null,\"name\":\"jake\",\"permissions\":\"\",\"active\":false,\"gender\":null,\"login\":false,\"birthDate\":null,\"basketProviderAmount\":0,\"loginName\":\"2502932416@qq.com\"},\"imgIds\":[355,356,357],\"imageIds\":\"355,356,357\",\"top\":true}','\0','{\"goodsId\":\"50\",\"price\":\"1.00\",\"quantity\":\"1\",\"remarks\":\"\"}'),(58,56,'{\"shop\":{\"createTime\":null,\"invoiceRequirementList\":[],\"telephones\":null,\"defaultPhone\":\"jakeruan:18616910037\",\"othersObj\":{\"floristsResume\":null,\"managementField\":null,\"surroundingEnvironment\":null,\"legalRepresentResume\":null,\"businessConcept\":null},\"sendArea\":\"东至东大街,西至西稍门,南至南窑头,北至北大街,三环以内皆可免费配送,不在以上范围内，每5公里加收10元\",\"bankOfDeposit\":null,\"postage\":0,\"city\":null,\"creator\":null,\"id\":43,\"enterpriseType\":null,\"area\":null,\"tradingTypeList\":null,\"tradingType\":\"\",\"name\":\"测试数据\",\"province\":null,\"alipayAccount\":null,\"tradingTypeId\":null,\"profile\":null,\"mobilephones\":\"[{\\\"key\\\":\\\"jakeruan\\\",\\\"value\\\":\\\"18616910037\\\",\\\"flag\\\":true},{\\\"key\\\":\\\"egs\\\",\\\"value\\\":\\\"18616910037\\\",\\\"flag\\\":false}]\",\"logo\":null,\"others\":null,\"adminTop\":null,\"deleted\":false,\"new\":false,\"cardHolder\":null,\"address\":null,\"legalRepresent\":null,\"alipayName\":null,\"theMobilePhone\":\"18616910037\",\"invoiceRequirement\":null,\"cardNumber\":null},\"createTime\":1453172472000,\"adminTop\":null,\"goodsCategory\":{\"subGoodsCategorys\":null,\"id\":101,\"shop\":null,\"new\":false,\"name\":\"鲜切花\",\"parameters\":null,\"deleted\":false},\"currentPrice\":99999,\"shopCategory\":{\"subGoodsCategorys\":null,\"id\":99,\"shop\":null,\"new\":false,\"name\":\"玫瑰\",\"parameters\":null,\"deleted\":false},\"intro\":\"<p><span style=\\\"white-space: normal;\\\">我是测试数据<\\/span>\\n\\t\\t\\t<\\/p>\",\"marketable\":\"PUTAWAY\",\"customProperty\":\"{\\\"option\\\":[{\\\"name\\\":\\\"使用场景\\\",\\\"type\\\":\\\"2\\\",\\\"options\\\":\\\"婚庆,求婚,道歉\\\"},{\\\"name\\\":\\\"使用对象\\\",\\\"type\\\":\\\"2\\\",\\\"options\\\":\\\"恋人,女友,老师,父亲,母亲\\\"}],\\\"optionProperty\\\":[{\\\"使用场景\\\":\\\"求婚\\\"},{\\\"使用对象\\\":\\\"女友\\\"}],\\\"customProperty\\\":[{\\\"品牌\\\":\\\"我是测试数据\\\"},{\\\"品牌\\\":\\\"我是测试数据\\\"}]}\",\"id\":52,\"new\":false,\"defaultImg\":367,\"stock\":11110,\"originalPrice\":null,\"topImg\":{\"id\":370,\"new\":false,\"file\":null,\"name\":null,\"datestamp\":null,\"checksum\":null,\"mimeType\":null,\"size\":0},\"auditingStatus\":null,\"sales\":0,\"name\":\"测试玫瑰\",\"topTime\":null,\"commentTarget\":0,\"user\":{\"phone\":null,\"loginTime\":null,\"basketShopAmount\":0,\"permission\":{\"permissionIds\":null,\"permissions\":\"\"},\"avatar\":null,\"password\":null,\"registerTime\":null,\"id\":38,\"new\":false,\"confirmPassword\":null,\"parseBirthDate\":null,\"servers\":null,\"administrator\":false,\"roles\":null,\"name\":\"jake\",\"permissions\":\"\",\"active\":false,\"gender\":null,\"login\":false,\"birthDate\":null,\"basketProviderAmount\":0,\"loginName\":\"2502932416@qq.com\"},\"imgIds\":[367],\"imageIds\":\"367\",\"top\":false}','\0','{\"goodsId\":\"52\",\"price\":\"99999.00\",\"quantity\":\"1\",\"remarks\":\"\"}'),(59,57,'{\"shop\":{\"createTime\":null,\"invoiceRequirementList\":[],\"telephones\":null,\"defaultPhone\":\"jakeruan:18616910037\",\"othersObj\":{\"floristsResume\":null,\"managementField\":null,\"surroundingEnvironment\":null,\"legalRepresentResume\":null,\"businessConcept\":null},\"sendArea\":\"东至东大街,西至西稍门,南至南窑头,北至北大街,三环以内皆可免费配送,不在以上范围内，每5公里加收10元\",\"bankOfDeposit\":null,\"postage\":0,\"city\":null,\"creator\":null,\"id\":43,\"enterpriseType\":null,\"area\":null,\"tradingTypeList\":null,\"tradingType\":\"\",\"name\":\"测试数据\",\"province\":null,\"alipayAccount\":null,\"tradingTypeId\":null,\"profile\":null,\"mobilephones\":\"[{\\\"key\\\":\\\"jakeruan\\\",\\\"value\\\":\\\"18616910037\\\",\\\"flag\\\":true},{\\\"key\\\":\\\"egs\\\",\\\"value\\\":\\\"18616910037\\\",\\\"flag\\\":false}]\",\"logo\":null,\"others\":null,\"adminTop\":null,\"deleted\":false,\"new\":false,\"cardHolder\":null,\"address\":null,\"legalRepresent\":null,\"alipayName\":null,\"theMobilePhone\":\"18616910037\",\"invoiceRequirement\":null,\"cardNumber\":null},\"createTime\":1453171629000,\"adminTop\":null,\"goodsCategory\":{\"subGoodsCategorys\":null,\"id\":101,\"shop\":null,\"new\":false,\"name\":\"鲜切花\",\"parameters\":null,\"deleted\":false},\"currentPrice\":1,\"shopCategory\":{\"subGoodsCategorys\":null,\"id\":99,\"shop\":null,\"new\":false,\"name\":\"玫瑰\",\"parameters\":null,\"deleted\":false},\"intro\":\"<h3 style=\\\"margin-top: 10px;margin-right: 0px;margin-left: 0px;padding: 0px;line-height: 1.35;color: rgb(33, 33, 33);font-size: 13px;font-weight: lighter;font-family: &#39;Times New Roman&#39;, &#39;Microsoft YaHei&#39;, Times, serif, simhei;border-bottom-width: 1px;border-bottom-style: solid;border-bottom-color: black;height: 35px\\\"><img src=\\\"http://jiupinhua.com/floriationtest/file/download?view.id=358\\\" _src=\\\"http://jiupinhua.com/floriationtest/file/download?view.id=358\\\" style=\\\"width: 450px; height: 236px;\\\"/><\\/h3><h3 style=\\\"margin-top: 10px;margin-right: 0px;margin-left: 0px;padding: 0px;line-height: 1.35;color: rgb(33, 33, 33);font-size: 13px;font-weight: lighter;font-family: &#39;Times New Roman&#39;, &#39;Microsoft YaHei&#39;, Times, serif, simhei;border-bottom-width: 1px;border-bottom-style: solid;border-bottom-color: black;height: 35px\\\">推荐理由<span style=\\\";padding: 0px;clear: both;width: 270px;height: 0px;display: block\\\">STYLE NOTES<\\/span><\\/h3><p style=\\\"margin-top: 0px;margin-bottom: 0px;padding: 0px;list-style: none;color: rgb(130, 130, 130)\\\"><\\/p><p style=\\\"margin-top: 0px;margin-bottom: 0px;padding: 0px;list-style: none;color: rgb(130, 130, 130);font-size: 13.3333px\\\"><span style=\\\";padding: 0px\\\">2016<\\/span><span style=\\\";padding: 0px\\\">年情人节，野兽派获得日本樱桃小丸子官方授权，推出史上最性感的小丸子和她的女同学们！头顶章鱼，戴着牡蛎，<\\/span><span style=\\\";padding: 0px\\\">机灵慧黠<\\/span><span style=\\\";padding: 0px\\\">的可爱。<\\/span><\\/p><p style=\\\"margin-top: 0px;margin-bottom: 0px;padding: 0px;list-style: none;color: rgb(130, 130, 130);font-size: 13.3333px\\\">&nbsp;<\\/p><p style=\\\"margin-top: 0px;margin-bottom: 0px;padding: 0px;list-style: none;color: rgb(130, 130, 130);font-size: 13.3333px\\\"><span style=\\\";padding: 0px\\\">特别设计的复古陶瓷托盘配时髦的粉晶色、静谧蓝，放在床头或桌面，既可做永生花托盘摆放欣赏，也可以存放戒指等首饰小物。<\\/span><\\/p><p style=\\\"margin-top: 0px;margin-bottom: 0px;padding: 0px;list-style: none;color: rgb(130, 130, 130);font-size: 13.3333px\\\"><span style=\\\";padding: 0px\\\">立体的动物造型则希望你拥有最纯粹的爱，或温柔长吻的喵们，或霸道激吻的长耳兔，肆无忌惮爱得热烈。<\\/span><\\/p><p style=\\\"margin-top: 0px;margin-bottom: 0px;padding: 0px;list-style: none;color: rgb(130, 130, 130);font-size: 13.3333px\\\"><span style=\\\";padding: 0px\\\">我们选择了奥斯汀玫瑰为主的进口永生花花材，寓意永久守护的爱。沉醉在花丛中，甜蜜在心间。<\\/span><\\/p><p style=\\\"margin-top: 0px;margin-bottom: 0px;padding: 0px;list-style: none;color: rgb(130, 130, 130)\\\"><\\/p><h3 style=\\\"margin-top: 10px;margin-right: 0px;margin-left: 0px;padding: 0px;line-height: 1.35;color: rgb(33, 33, 33);font-size: 13px;font-weight: lighter;font-family: &#39;Times New Roman&#39;, &#39;Microsoft YaHei&#39;, Times, serif, simhei;border-bottom-width: 1px;border-bottom-style: solid;border-bottom-color: black;height: 35px\\\">保养说明<span style=\\\";padding: 0px;clear: both;width: 270px;height: 0px;display: block\\\">CARING<\\/span><\\/h3><p style=\\\"margin-top: 0px;margin-bottom: 0px;padding: 0px;list-style: none;color: rgb(130, 130, 130)\\\">保养须知：勿浇水或经常用手触碰，勿放置室外。勿太阳直晒。如蒙上灰尘，用吹风机冷风，将灰尘轻轻吹掉。如室内潮湿，请勿将花材长时间暴露在空气中。 特别说明：南方潮湿地区干花可能会发霉，建议潮湿天气时注意放在干燥环境。永生花在运输过程中，可能会出现少数花瓣碎裂的情况，这是正常现象，可用修眉小剪刀将花瓣边缘修剪整齐。<\\/p><p><br/><\\/p>\",\"marketable\":\"PUTAWAY\",\"customProperty\":\"{\\\"option\\\":[{\\\"name\\\":\\\"使用场景\\\",\\\"type\\\":\\\"2\\\",\\\"options\\\":\\\"婚庆,求婚,道歉\\\"},{\\\"name\\\":\\\"使用对象\\\",\\\"type\\\":\\\"2\\\",\\\"options\\\":\\\"恋人,女友,老师,父亲,母亲\\\"}],\\\"optionProperty\\\":[{\\\"使用场景\\\":\\\"求婚\\\"},{\\\"使用对象\\\":\\\"老师\\\"}],\\\"customProperty\\\":[{\\\"产地\\\":\\\"昆明\\\"}]}\",\"id\":50,\"new\":false,\"defaultImg\":355,\"stock\":1,\"originalPrice\":null,\"topImg\":{\"id\":359,\"new\":false,\"file\":null,\"name\":null,\"datestamp\":null,\"checksum\":null,\"mimeType\":null,\"size\":0},\"auditingStatus\":null,\"sales\":0,\"name\":\"玫瑰\",\"topTime\":1453172115000,\"commentTarget\":0,\"user\":{\"phone\":null,\"loginTime\":null,\"basketShopAmount\":0,\"permission\":{\"permissionIds\":null,\"permissions\":\"\"},\"avatar\":null,\"password\":null,\"registerTime\":null,\"id\":38,\"new\":false,\"confirmPassword\":null,\"parseBirthDate\":null,\"servers\":null,\"administrator\":false,\"roles\":null,\"name\":\"jake\",\"permissions\":\"\",\"active\":false,\"gender\":null,\"login\":false,\"birthDate\":null,\"basketProviderAmount\":0,\"loginName\":\"2502932416@qq.com\"},\"imgIds\":[355,356,357],\"imageIds\":\"355,356,357\",\"top\":true}','\0','{\"goodsId\":\"50\",\"price\":\"1.00\",\"quantity\":\"1\",\"remarks\":\"\"}'),(60,58,'{\"shop\":{\"createTime\":null,\"invoiceRequirementList\":[],\"telephones\":null,\"defaultPhone\":\"jakeruan:18616910037\",\"othersObj\":{\"floristsResume\":null,\"managementField\":null,\"surroundingEnvironment\":null,\"legalRepresentResume\":null,\"businessConcept\":null},\"sendArea\":\"东至东大街,西至西稍门,南至南窑头,北至北大街,三环以内皆可免费配送,不在以上范围内，每5公里加收10元\",\"bankOfDeposit\":null,\"postage\":0,\"city\":null,\"creator\":null,\"id\":43,\"enterpriseType\":null,\"area\":null,\"tradingTypeList\":null,\"tradingType\":\"\",\"name\":\"测试数据\",\"province\":null,\"alipayAccount\":null,\"tradingTypeId\":null,\"profile\":null,\"mobilephones\":\"[{\\\"key\\\":\\\"jakeruan\\\",\\\"value\\\":\\\"18616910037\\\",\\\"flag\\\":true},{\\\"key\\\":\\\"egs\\\",\\\"value\\\":\\\"18616910037\\\",\\\"flag\\\":false}]\",\"logo\":null,\"others\":null,\"adminTop\":null,\"deleted\":false,\"new\":false,\"cardHolder\":null,\"address\":null,\"legalRepresent\":null,\"alipayName\":null,\"theMobilePhone\":\"18616910037\",\"invoiceRequirement\":null,\"cardNumber\":null},\"createTime\":1453172472000,\"adminTop\":null,\"goodsCategory\":{\"subGoodsCategorys\":null,\"id\":101,\"shop\":null,\"new\":false,\"name\":\"鲜切花\",\"parameters\":null,\"deleted\":false},\"currentPrice\":99999,\"shopCategory\":{\"subGoodsCategorys\":null,\"id\":99,\"shop\":null,\"new\":false,\"name\":\"玫瑰\",\"parameters\":null,\"deleted\":false},\"intro\":\"<p><span style=\\\"white-space: normal;\\\">我是测试数据<\\/span>\\n\\t\\t\\t<\\/p>\",\"marketable\":\"PUTAWAY\",\"customProperty\":\"{\\\"option\\\":[{\\\"name\\\":\\\"使用场景\\\",\\\"type\\\":\\\"2\\\",\\\"options\\\":\\\"婚庆,求婚,道歉\\\"},{\\\"name\\\":\\\"使用对象\\\",\\\"type\\\":\\\"2\\\",\\\"options\\\":\\\"恋人,女友,老师,父亲,母亲\\\"}],\\\"optionProperty\\\":[{\\\"使用场景\\\":\\\"求婚\\\"},{\\\"使用对象\\\":\\\"女友\\\"}],\\\"customProperty\\\":[{\\\"品牌\\\":\\\"我是测试数据\\\"},{\\\"品牌\\\":\\\"我是测试数据\\\"}]}\",\"id\":52,\"new\":false,\"defaultImg\":367,\"stock\":11109,\"originalPrice\":null,\"topImg\":{\"id\":370,\"new\":false,\"file\":null,\"name\":null,\"datestamp\":null,\"checksum\":null,\"mimeType\":null,\"size\":0},\"auditingStatus\":null,\"sales\":0,\"name\":\"测试玫瑰\",\"topTime\":null,\"commentTarget\":0,\"user\":{\"phone\":null,\"loginTime\":null,\"basketShopAmount\":0,\"permission\":{\"permissionIds\":null,\"permissions\":\"\"},\"avatar\":null,\"password\":null,\"registerTime\":null,\"id\":38,\"new\":false,\"confirmPassword\":null,\"parseBirthDate\":null,\"servers\":null,\"administrator\":false,\"roles\":null,\"name\":\"jake\",\"permissions\":\"\",\"active\":false,\"gender\":null,\"login\":false,\"birthDate\":null,\"basketProviderAmount\":0,\"loginName\":\"2502932416@qq.com\"},\"imgIds\":[367],\"imageIds\":\"367\",\"top\":false}','\0','{\"goodsId\":\"52\",\"price\":\"99999.00\",\"quantity\":\"1\",\"remarks\":\"\"}'),(61,59,'{\"shop\":{\"createTime\":null,\"invoiceRequirementList\":[],\"telephones\":null,\"defaultPhone\":\"jakeruan:18616910037\",\"othersObj\":{\"floristsResume\":null,\"managementField\":null,\"surroundingEnvironment\":null,\"legalRepresentResume\":null,\"businessConcept\":null},\"sendArea\":\"东至东大街,西至西稍门,南至南窑头,北至北大街,三环以内皆可免费配送,不在以上范围内，每5公里加收10元\",\"bankOfDeposit\":null,\"postage\":0,\"city\":null,\"creator\":null,\"id\":43,\"enterpriseType\":null,\"area\":null,\"tradingTypeList\":null,\"tradingType\":\"\",\"name\":\"测试数据\",\"province\":null,\"alipayAccount\":null,\"tradingTypeId\":null,\"profile\":null,\"mobilephones\":\"[{\\\"key\\\":\\\"jakeruan\\\",\\\"value\\\":\\\"18616910037\\\",\\\"flag\\\":true},{\\\"key\\\":\\\"egs\\\",\\\"value\\\":\\\"18616910037\\\",\\\"flag\\\":false}]\",\"logo\":null,\"others\":null,\"adminTop\":null,\"deleted\":false,\"new\":false,\"cardHolder\":null,\"address\":null,\"legalRepresent\":null,\"alipayName\":null,\"theMobilePhone\":\"18616910037\",\"invoiceRequirement\":null,\"cardNumber\":null},\"createTime\":1453172472000,\"adminTop\":null,\"goodsCategory\":{\"subGoodsCategorys\":null,\"id\":101,\"shop\":null,\"new\":false,\"name\":\"鲜切花\",\"parameters\":null,\"deleted\":false},\"currentPrice\":99999,\"shopCategory\":{\"subGoodsCategorys\":null,\"id\":99,\"shop\":null,\"new\":false,\"name\":\"玫瑰\",\"parameters\":null,\"deleted\":false},\"intro\":\"<p><span style=\\\"white-space: normal;\\\">我是测试数据<\\/span>\\n\\t\\t\\t<\\/p>\",\"marketable\":\"PUTAWAY\",\"customProperty\":\"{\\\"option\\\":[{\\\"name\\\":\\\"使用场景\\\",\\\"type\\\":\\\"2\\\",\\\"options\\\":\\\"婚庆,求婚,道歉\\\"},{\\\"name\\\":\\\"使用对象\\\",\\\"type\\\":\\\"2\\\",\\\"options\\\":\\\"恋人,女友,老师,父亲,母亲\\\"}],\\\"optionProperty\\\":[{\\\"使用场景\\\":\\\"求婚\\\"},{\\\"使用对象\\\":\\\"女友\\\"}],\\\"customProperty\\\":[{\\\"品牌\\\":\\\"我是测试数据\\\"},{\\\"品牌\\\":\\\"我是测试数据\\\"}]}\",\"id\":52,\"new\":false,\"defaultImg\":367,\"stock\":11109,\"originalPrice\":null,\"topImg\":{\"id\":370,\"new\":false,\"file\":null,\"name\":null,\"datestamp\":null,\"checksum\":null,\"mimeType\":null,\"size\":0},\"auditingStatus\":null,\"sales\":0,\"name\":\"测试玫瑰\",\"topTime\":null,\"commentTarget\":0,\"user\":{\"phone\":null,\"loginTime\":null,\"basketShopAmount\":0,\"permission\":{\"permissionIds\":null,\"permissions\":\"\"},\"avatar\":null,\"password\":null,\"registerTime\":null,\"id\":38,\"new\":false,\"confirmPassword\":null,\"parseBirthDate\":null,\"servers\":null,\"administrator\":false,\"roles\":null,\"name\":\"jake\",\"permissions\":\"\",\"active\":false,\"gender\":null,\"login\":false,\"birthDate\":null,\"basketProviderAmount\":0,\"loginName\":\"2502932416@qq.com\"},\"imgIds\":[367],\"imageIds\":\"367\",\"top\":false}','\0','{\"goodsId\":\"52\",\"price\":\"99999.00\",\"quantity\":\"1\",\"remarks\":\"asdsdfasdfsdffasdf\"}'),(62,60,'{\"shop\":{\"createTime\":null,\"invoiceRequirementList\":[],\"telephones\":null,\"defaultPhone\":\"jakeruan:18616910037\",\"othersObj\":{\"floristsResume\":null,\"managementField\":null,\"surroundingEnvironment\":null,\"legalRepresentResume\":null,\"businessConcept\":null},\"sendArea\":\"东至东大街,西至西稍门,南至南窑头,北至北大街,三环以内皆可免费配送,不在以上范围内，每5公里加收10元\",\"bankOfDeposit\":null,\"postage\":0,\"city\":null,\"creator\":null,\"id\":43,\"enterpriseType\":null,\"area\":null,\"tradingTypeList\":null,\"tradingType\":\"\",\"name\":\"测试数据\",\"province\":null,\"alipayAccount\":null,\"tradingTypeId\":null,\"profile\":null,\"mobilephones\":\"[{\\\"key\\\":\\\"jakeruan\\\",\\\"value\\\":\\\"18616910037\\\",\\\"flag\\\":true},{\\\"key\\\":\\\"egs\\\",\\\"value\\\":\\\"18616910037\\\",\\\"flag\\\":false}]\",\"logo\":null,\"others\":null,\"adminTop\":null,\"deleted\":false,\"new\":false,\"cardHolder\":null,\"address\":null,\"legalRepresent\":null,\"alipayName\":null,\"theMobilePhone\":\"18616910037\",\"invoiceRequirement\":null,\"cardNumber\":null},\"createTime\":1453448176000,\"adminTop\":null,\"goodsCategory\":{\"subGoodsCategorys\":null,\"id\":101,\"shop\":null,\"new\":false,\"name\":\"鲜切花\",\"parameters\":null,\"deleted\":false},\"currentPrice\":0.01,\"shopCategory\":{\"subGoodsCategorys\":null,\"id\":99,\"shop\":null,\"new\":false,\"name\":\"玫瑰\",\"parameters\":null,\"deleted\":false},\"intro\":\"我是测试数据<p>\\n\\t\\t\\t<\\/p>\",\"marketable\":\"PUTAWAY\",\"customProperty\":\"{\\\"option\\\":[{\\\"name\\\":\\\"适用场景\\\",\\\"type\\\":\\\"1\\\",\\\"options\\\":\\\"爱意表达,祝福,求婚,友情,周年纪念,探望,道歉,婚礼,商务\\\"},{\\\"name\\\":\\\"适用对象\\\",\\\"type\\\":\\\"1\\\",\\\"options\\\":\\\"爱人,朋友,老师,领导/长辈,客户,病人\\\"},{\\\"name\\\":\\\"适用节日\\\",\\\"type\\\":\\\"1\\\",\\\"options\\\":\\\"情人节,圣诞节,七夕,3.8妇女节,母亲节,白色情人节,教师节,感恩节,春节,元旦,父亲节,中秋节,建军节,清明\\\"},{\\\"name\\\":\\\"品牌\\\",\\\"type\\\":\\\"1\\\",\\\"options\\\":\\\"九子花饰,其他\\\"}],\\\"optionProperty\\\":[{\\\"适用场景\\\":\\\"求婚\\\"},{\\\"适用对象\\\":\\\"爱人\\\"},{\\\"适用节日\\\":\\\"情人节\\\"},{\\\"品牌\\\":\\\"九子花饰\\\"}],\\\"customProperty\\\":[{\\\"产地\\\":\\\"昆明\\\"}]}\",\"id\":56,\"new\":false,\"defaultImg\":448,\"stock\":3,\"originalPrice\":null,\"topImg\":{\"id\":450,\"new\":false,\"file\":null,\"name\":null,\"datestamp\":null,\"checksum\":null,\"mimeType\":null,\"size\":0},\"auditingStatus\":null,\"sales\":0,\"name\":\"情人节\\u201c百合\\u201d专属你我\",\"topTime\":1453448218000,\"commentTarget\":0,\"user\":{\"phone\":null,\"loginTime\":null,\"basketShopAmount\":0,\"permission\":{\"permissionIds\":null,\"permissions\":\"\"},\"avatar\":null,\"password\":null,\"registerTime\":null,\"id\":38,\"new\":false,\"confirmPassword\":null,\"parseBirthDate\":null,\"servers\":null,\"administrator\":false,\"roles\":null,\"name\":\"jake\",\"permissions\":\"\",\"active\":false,\"gender\":null,\"login\":false,\"birthDate\":null,\"basketProviderAmount\":0,\"loginName\":\"2502932416@qq.com\"},\"imgIds\":[448],\"imageIds\":\"448\",\"top\":true}','\0','{\"goodsId\":\"56\",\"price\":\"0.01\",\"quantity\":\"1\",\"remarks\":\"\"}'),(63,61,'{\"shop\":{\"createTime\":null,\"invoiceRequirementList\":[],\"telephones\":null,\"defaultPhone\":\"jakeruan:18616910037\",\"othersObj\":{\"floristsResume\":null,\"managementField\":null,\"surroundingEnvironment\":null,\"legalRepresentResume\":null,\"businessConcept\":null},\"sendArea\":\"东至东大街,西至西稍门,南至南窑头,北至北大街,三环以内皆可免费配送,不在以上范围内，每5公里加收10元\",\"bankOfDeposit\":null,\"postage\":0,\"city\":null,\"creator\":null,\"id\":43,\"enterpriseType\":null,\"area\":null,\"tradingTypeList\":null,\"tradingType\":\"\",\"name\":\"测试数据\",\"province\":null,\"alipayAccount\":null,\"tradingTypeId\":null,\"profile\":null,\"mobilephones\":\"[{\\\"key\\\":\\\"jakeruan\\\",\\\"value\\\":\\\"18616910037\\\",\\\"flag\\\":true},{\\\"key\\\":\\\"egs\\\",\\\"value\\\":\\\"18616910037\\\",\\\"flag\\\":false}]\",\"logo\":null,\"others\":null,\"adminTop\":null,\"deleted\":false,\"new\":false,\"cardHolder\":null,\"address\":null,\"legalRepresent\":null,\"alipayName\":null,\"theMobilePhone\":\"18616910037\",\"invoiceRequirement\":null,\"cardNumber\":null},\"createTime\":1453448176000,\"adminTop\":null,\"goodsCategory\":{\"subGoodsCategorys\":null,\"id\":101,\"shop\":null,\"new\":false,\"name\":\"鲜切花\",\"parameters\":null,\"deleted\":false},\"currentPrice\":0.01,\"shopCategory\":{\"subGoodsCategorys\":null,\"id\":99,\"shop\":null,\"new\":false,\"name\":\"玫瑰\",\"parameters\":null,\"deleted\":false},\"intro\":\"我是测试数据<p>\\n\\t\\t\\t<\\/p>\",\"marketable\":\"PUTAWAY\",\"customProperty\":\"{\\\"option\\\":[{\\\"name\\\":\\\"适用场景\\\",\\\"type\\\":\\\"1\\\",\\\"options\\\":\\\"爱意表达,祝福,求婚,友情,周年纪念,探望,道歉,婚礼,商务\\\"},{\\\"name\\\":\\\"适用对象\\\",\\\"type\\\":\\\"1\\\",\\\"options\\\":\\\"爱人,朋友,老师,领导/长辈,客户,病人\\\"},{\\\"name\\\":\\\"适用节日\\\",\\\"type\\\":\\\"1\\\",\\\"options\\\":\\\"情人节,圣诞节,七夕,3.8妇女节,母亲节,白色情人节,教师节,感恩节,春节,元旦,父亲节,中秋节,建军节,清明\\\"},{\\\"name\\\":\\\"品牌\\\",\\\"type\\\":\\\"1\\\",\\\"options\\\":\\\"九子花饰,其他\\\"}],\\\"optionProperty\\\":[{\\\"适用场景\\\":\\\"求婚\\\"},{\\\"适用对象\\\":\\\"爱人\\\"},{\\\"适用节日\\\":\\\"情人节\\\"},{\\\"品牌\\\":\\\"九子花饰\\\"}],\\\"customProperty\\\":[{\\\"产地\\\":\\\"昆明\\\"}]}\",\"id\":56,\"new\":false,\"defaultImg\":448,\"stock\":3,\"originalPrice\":null,\"topImg\":{\"id\":450,\"new\":false,\"file\":null,\"name\":null,\"datestamp\":null,\"checksum\":null,\"mimeType\":null,\"size\":0},\"auditingStatus\":null,\"sales\":0,\"name\":\"情人节\\u201c百合\\u201d专属你我\",\"topTime\":1453448218000,\"commentTarget\":0,\"user\":{\"phone\":null,\"loginTime\":null,\"basketShopAmount\":0,\"permission\":{\"permissionIds\":null,\"permissions\":\"\"},\"avatar\":null,\"password\":null,\"registerTime\":null,\"id\":38,\"new\":false,\"confirmPassword\":null,\"parseBirthDate\":null,\"servers\":null,\"administrator\":false,\"roles\":null,\"name\":\"jake\",\"permissions\":\"\",\"active\":false,\"gender\":null,\"login\":false,\"birthDate\":null,\"basketProviderAmount\":0,\"loginName\":\"2502932416@qq.com\"},\"imgIds\":[448],\"imageIds\":\"448\",\"top\":true}','\0','{\"goodsId\":\"56\",\"price\":\"0.01\",\"quantity\":\"1\",\"remarks\":\"\"}'),(64,62,'{\"shop\":{\"createTime\":null,\"invoiceRequirementList\":[],\"telephones\":null,\"defaultPhone\":\"jakeruan:18616910037\",\"othersObj\":{\"floristsResume\":null,\"managementField\":null,\"surroundingEnvironment\":null,\"legalRepresentResume\":null,\"businessConcept\":null},\"sendArea\":\"东至东大街,西至西稍门,南至南窑头,北至北大街,三环以内皆可免费配送,不在以上范围内，每5公里加收10元\",\"bankOfDeposit\":null,\"postage\":0,\"city\":null,\"creator\":null,\"id\":43,\"enterpriseType\":null,\"area\":null,\"tradingTypeList\":null,\"tradingType\":\"\",\"name\":\"测试数据\",\"province\":null,\"alipayAccount\":null,\"tradingTypeId\":null,\"profile\":null,\"mobilephones\":\"[{\\\"key\\\":\\\"jakeruan\\\",\\\"value\\\":\\\"18616910037\\\",\\\"flag\\\":true},{\\\"key\\\":\\\"egs\\\",\\\"value\\\":\\\"18616910037\\\",\\\"flag\\\":false}]\",\"logo\":null,\"others\":null,\"adminTop\":null,\"deleted\":false,\"new\":false,\"cardHolder\":null,\"address\":null,\"legalRepresent\":null,\"alipayName\":null,\"theMobilePhone\":\"18616910037\",\"invoiceRequirement\":null,\"cardNumber\":null},\"createTime\":1453448176000,\"adminTop\":null,\"goodsCategory\":{\"subGoodsCategorys\":null,\"id\":101,\"shop\":null,\"new\":false,\"name\":\"鲜切花\",\"parameters\":null,\"deleted\":false},\"currentPrice\":0.01,\"shopCategory\":{\"subGoodsCategorys\":null,\"id\":99,\"shop\":null,\"new\":false,\"name\":\"玫瑰\",\"parameters\":null,\"deleted\":false},\"intro\":\"我是测试数据<p>\\n\\t\\t\\t<\\/p>\",\"marketable\":\"PUTAWAY\",\"customProperty\":\"{\\\"option\\\":[{\\\"name\\\":\\\"适用场景\\\",\\\"type\\\":\\\"1\\\",\\\"options\\\":\\\"爱意表达,祝福,求婚,友情,周年纪念,探望,道歉,婚礼,商务\\\"},{\\\"name\\\":\\\"适用对象\\\",\\\"type\\\":\\\"1\\\",\\\"options\\\":\\\"爱人,朋友,老师,领导/长辈,客户,病人\\\"},{\\\"name\\\":\\\"适用节日\\\",\\\"type\\\":\\\"1\\\",\\\"options\\\":\\\"情人节,圣诞节,七夕,3.8妇女节,母亲节,白色情人节,教师节,感恩节,春节,元旦,父亲节,中秋节,建军节,清明\\\"},{\\\"name\\\":\\\"品牌\\\",\\\"type\\\":\\\"1\\\",\\\"options\\\":\\\"九子花饰,其他\\\"}],\\\"optionProperty\\\":[{\\\"适用场景\\\":\\\"求婚\\\"},{\\\"适用对象\\\":\\\"爱人\\\"},{\\\"适用节日\\\":\\\"情人节\\\"},{\\\"品牌\\\":\\\"九子花饰\\\"}],\\\"customProperty\\\":[{\\\"产地\\\":\\\"昆明\\\"}]}\",\"id\":56,\"new\":false,\"defaultImg\":448,\"stock\":3,\"originalPrice\":null,\"topImg\":{\"id\":450,\"new\":false,\"file\":null,\"name\":null,\"datestamp\":null,\"checksum\":null,\"mimeType\":null,\"size\":0},\"auditingStatus\":null,\"sales\":0,\"name\":\"情人节\\u201c百合\\u201d专属你我\",\"topTime\":1453448218000,\"commentTarget\":0,\"user\":{\"phone\":null,\"loginTime\":null,\"basketShopAmount\":0,\"permission\":{\"permissionIds\":null,\"permissions\":\"\"},\"avatar\":null,\"password\":null,\"registerTime\":null,\"id\":38,\"new\":false,\"confirmPassword\":null,\"parseBirthDate\":null,\"servers\":null,\"administrator\":false,\"roles\":null,\"name\":\"jake\",\"permissions\":\"\",\"active\":false,\"gender\":null,\"login\":false,\"birthDate\":null,\"basketProviderAmount\":0,\"loginName\":\"2502932416@qq.com\"},\"imgIds\":[448],\"imageIds\":\"448\",\"top\":true}','\0','{\"goodsId\":\"56\",\"price\":\"0.01\",\"quantity\":\"1\",\"remarks\":\"\"}'),(65,63,'{\"shop\":{\"createTime\":null,\"invoiceRequirementList\":[],\"telephones\":null,\"defaultPhone\":\"jakeruan:18616910037\",\"othersObj\":{\"floristsResume\":null,\"managementField\":null,\"surroundingEnvironment\":null,\"legalRepresentResume\":null,\"businessConcept\":null},\"sendArea\":\"东至东大街,西至西稍门,南至南窑头,北至北大街,三环以内皆可免费配送,不在以上范围内，每5公里加收10元\",\"bankOfDeposit\":null,\"postage\":0,\"city\":null,\"creator\":null,\"id\":43,\"enterpriseType\":null,\"area\":null,\"tradingTypeList\":null,\"tradingType\":\"\",\"name\":\"测试数据\",\"province\":null,\"alipayAccount\":null,\"tradingTypeId\":null,\"profile\":null,\"mobilephones\":\"[{\\\"key\\\":\\\"jakeruan\\\",\\\"value\\\":\\\"18616910037\\\",\\\"flag\\\":true},{\\\"key\\\":\\\"egs\\\",\\\"value\\\":\\\"18616910037\\\",\\\"flag\\\":false}]\",\"logo\":null,\"others\":null,\"adminTop\":null,\"deleted\":false,\"new\":false,\"cardHolder\":null,\"address\":null,\"legalRepresent\":null,\"alipayName\":null,\"theMobilePhone\":\"18616910037\",\"invoiceRequirement\":null,\"cardNumber\":null},\"createTime\":1453172320000,\"adminTop\":null,\"goodsCategory\":{\"subGoodsCategorys\":null,\"id\":101,\"shop\":null,\"new\":false,\"name\":\"鲜切花\",\"parameters\":null,\"deleted\":false},\"currentPrice\":0.01,\"shopCategory\":{\"subGoodsCategorys\":null,\"id\":100,\"shop\":null,\"new\":false,\"name\":\"鲜切花\",\"parameters\":null,\"deleted\":false},\"intro\":\"<p>我是测试数据<\\/p>\",\"marketable\":\"PUTAWAY\",\"customProperty\":\"{\\\"option\\\":[{\\\"name\\\":\\\"适用场景\\\",\\\"type\\\":\\\"1\\\",\\\"options\\\":\\\"爱意表达,祝福,求婚,友情,周年纪念,探望,道歉,婚礼,商务\\\"},{\\\"name\\\":\\\"适用对象\\\",\\\"type\\\":\\\"1\\\",\\\"options\\\":\\\"爱人,朋友,老师,领导/长辈,客户,病人\\\"},{\\\"name\\\":\\\"适用节日\\\",\\\"type\\\":\\\"1\\\",\\\"options\\\":\\\"情人节,圣诞节,七夕,3.8妇女节,母亲节,白色情人节,教师节,感恩节,春节,元旦,父亲节,中秋节,建军节,清明\\\"},{\\\"name\\\":\\\"品牌\\\",\\\"type\\\":\\\"1\\\",\\\"options\\\":\\\"九子花饰,其他\\\"}],\\\"optionProperty\\\":[{\\\"使用场景\\\":\\\"求婚\\\"},{\\\"使用对象\\\":\\\"老师\\\"}],\\\"customProperty\\\":[{\\\"产地\\\":\\\"北京\\\"}]}\",\"id\":51,\"new\":false,\"defaultImg\":440,\"stock\":1,\"originalPrice\":null,\"topImg\":{\"id\":441,\"new\":false,\"file\":null,\"name\":null,\"datestamp\":null,\"checksum\":null,\"mimeType\":null,\"size\":0},\"auditingStatus\":null,\"sales\":0,\"name\":\"测试玫瑰\",\"topTime\":1453172358000,\"commentTarget\":0,\"user\":{\"phone\":null,\"loginTime\":null,\"basketShopAmount\":0,\"permission\":{\"permissionIds\":null,\"permissions\":\"\"},\"avatar\":null,\"password\":null,\"registerTime\":null,\"id\":38,\"new\":false,\"confirmPassword\":null,\"parseBirthDate\":null,\"servers\":null,\"administrator\":false,\"roles\":null,\"name\":\"jake\",\"permissions\":\"\",\"active\":false,\"gender\":null,\"login\":false,\"birthDate\":null,\"basketProviderAmount\":0,\"loginName\":\"2502932416@qq.com\"},\"imgIds\":[440],\"imageIds\":\"440\",\"top\":true}','\0','{\"goodsId\":\"51\",\"price\":\"0.01\",\"quantity\":\"1\",\"remarks\":\"\"}'),(66,64,'{\"shop\":{\"createTime\":null,\"invoiceRequirementList\":[],\"telephones\":null,\"defaultPhone\":\"jakeruan:18616910037\",\"othersObj\":{\"floristsResume\":null,\"managementField\":null,\"surroundingEnvironment\":null,\"legalRepresentResume\":null,\"businessConcept\":null},\"sendArea\":\"东至东大街,西至西稍门,南至南窑头,北至北大街,三环以内皆可免费配送,不在以上范围内，每5公里加收10元\",\"bankOfDeposit\":null,\"postage\":0,\"city\":null,\"creator\":null,\"id\":43,\"enterpriseType\":null,\"area\":null,\"tradingTypeList\":null,\"tradingType\":\"\",\"name\":\"测试数据\",\"province\":null,\"alipayAccount\":null,\"tradingTypeId\":null,\"profile\":null,\"mobilephones\":\"[{\\\"key\\\":\\\"jakeruan\\\",\\\"value\\\":\\\"18616910037\\\",\\\"flag\\\":true},{\\\"key\\\":\\\"egs\\\",\\\"value\\\":\\\"18616910037\\\",\\\"flag\\\":false}]\",\"logo\":null,\"others\":null,\"adminTop\":null,\"deleted\":false,\"new\":false,\"cardHolder\":null,\"address\":null,\"legalRepresent\":null,\"alipayName\":null,\"theMobilePhone\":\"18616910037\",\"invoiceRequirement\":null,\"cardNumber\":null},\"createTime\":1453448176000,\"adminTop\":null,\"goodsCategory\":{\"subGoodsCategorys\":null,\"id\":101,\"shop\":null,\"new\":false,\"name\":\"鲜切花\",\"parameters\":null,\"deleted\":false},\"currentPrice\":0.01,\"shopCategory\":{\"subGoodsCategorys\":null,\"id\":99,\"shop\":null,\"new\":false,\"name\":\"玫瑰\",\"parameters\":null,\"deleted\":false},\"intro\":\"我是测试数据<p>\\n\\t\\t\\t<\\/p>\",\"marketable\":\"PUTAWAY\",\"customProperty\":\"{\\\"option\\\":[{\\\"name\\\":\\\"适用场景\\\",\\\"type\\\":\\\"1\\\",\\\"options\\\":\\\"爱意表达,祝福,求婚,友情,周年纪念,探望,道歉,婚礼,商务\\\"},{\\\"name\\\":\\\"适用对象\\\",\\\"type\\\":\\\"1\\\",\\\"options\\\":\\\"爱人,朋友,老师,领导/长辈,客户,病人\\\"},{\\\"name\\\":\\\"适用节日\\\",\\\"type\\\":\\\"1\\\",\\\"options\\\":\\\"情人节,圣诞节,七夕,3.8妇女节,母亲节,白色情人节,教师节,感恩节,春节,元旦,父亲节,中秋节,建军节,清明\\\"},{\\\"name\\\":\\\"品牌\\\",\\\"type\\\":\\\"1\\\",\\\"options\\\":\\\"九子花饰,其他\\\"}],\\\"optionProperty\\\":[{\\\"适用场景\\\":\\\"求婚\\\"},{\\\"适用对象\\\":\\\"爱人\\\"},{\\\"适用节日\\\":\\\"情人节\\\"},{\\\"品牌\\\":\\\"九子花饰\\\"}],\\\"customProperty\\\":[{\\\"产地\\\":\\\"昆明\\\"}]}\",\"id\":56,\"new\":false,\"defaultImg\":448,\"stock\":3,\"originalPrice\":null,\"topImg\":{\"id\":450,\"new\":false,\"file\":null,\"name\":null,\"datestamp\":null,\"checksum\":null,\"mimeType\":null,\"size\":0},\"auditingStatus\":null,\"sales\":0,\"name\":\"情人节\\u201c百合\\u201d专属你我\",\"topTime\":1453448218000,\"commentTarget\":0,\"user\":{\"phone\":null,\"loginTime\":null,\"basketShopAmount\":0,\"permission\":{\"permissionIds\":null,\"permissions\":\"\"},\"avatar\":null,\"password\":null,\"registerTime\":null,\"id\":38,\"new\":false,\"confirmPassword\":null,\"parseBirthDate\":null,\"servers\":null,\"administrator\":false,\"roles\":null,\"name\":\"jake\",\"permissions\":\"\",\"active\":false,\"gender\":null,\"login\":false,\"birthDate\":null,\"basketProviderAmount\":0,\"loginName\":\"2502932416@qq.com\"},\"imgIds\":[448],\"imageIds\":\"448\",\"top\":true}','\0','{\"goodsId\":\"56\",\"price\":\"0.01\",\"quantity\":\"1\",\"remarks\":\"\"}'),(67,65,'{\"shop\":{\"createTime\":null,\"invoiceRequirementList\":[],\"telephones\":null,\"defaultPhone\":\"jakeruan:18616910037\",\"othersObj\":{\"floristsResume\":null,\"managementField\":null,\"surroundingEnvironment\":null,\"legalRepresentResume\":null,\"businessConcept\":null},\"sendArea\":\"东至东大街,西至西稍门,南至南窑头,北至北大街,三环以内皆可免费配送,不在以上范围内，每5公里加收10元\",\"bankOfDeposit\":null,\"postage\":0,\"city\":null,\"creator\":null,\"id\":43,\"enterpriseType\":null,\"area\":null,\"tradingTypeList\":null,\"tradingType\":\"\",\"name\":\"测试数据\",\"province\":null,\"alipayAccount\":null,\"tradingTypeId\":null,\"profile\":null,\"mobilephones\":\"[{\\\"key\\\":\\\"jakeruan\\\",\\\"value\\\":\\\"18616910037\\\",\\\"flag\\\":true},{\\\"key\\\":\\\"egs\\\",\\\"value\\\":\\\"18616910037\\\",\\\"flag\\\":false}]\",\"logo\":null,\"others\":null,\"adminTop\":null,\"deleted\":false,\"new\":false,\"cardHolder\":null,\"address\":null,\"legalRepresent\":null,\"alipayName\":null,\"theMobilePhone\":\"18616910037\",\"invoiceRequirement\":null,\"cardNumber\":null},\"createTime\":1453172320000,\"adminTop\":null,\"goodsCategory\":{\"subGoodsCategorys\":null,\"id\":101,\"shop\":null,\"new\":false,\"name\":\"鲜切花\",\"parameters\":null,\"deleted\":false},\"currentPrice\":0.01,\"shopCategory\":{\"subGoodsCategorys\":null,\"id\":100,\"shop\":null,\"new\":false,\"name\":\"鲜切花\",\"parameters\":null,\"deleted\":false},\"intro\":\"<p>我是测试数据<\\/p>\",\"marketable\":\"PUTAWAY\",\"customProperty\":\"{\\\"option\\\":[{\\\"name\\\":\\\"适用场景\\\",\\\"type\\\":\\\"1\\\",\\\"options\\\":\\\"爱意表达,祝福,求婚,友情,周年纪念,探望,道歉,婚礼,商务\\\"},{\\\"name\\\":\\\"适用对象\\\",\\\"type\\\":\\\"1\\\",\\\"options\\\":\\\"爱人,朋友,老师,领导/长辈,客户,病人\\\"},{\\\"name\\\":\\\"适用节日\\\",\\\"type\\\":\\\"1\\\",\\\"options\\\":\\\"情人节,圣诞节,七夕,3.8妇女节,母亲节,白色情人节,教师节,感恩节,春节,元旦,父亲节,中秋节,建军节,清明\\\"},{\\\"name\\\":\\\"品牌\\\",\\\"type\\\":\\\"1\\\",\\\"options\\\":\\\"九子花饰,其他\\\"}],\\\"optionProperty\\\":[{\\\"使用场景\\\":\\\"求婚\\\"},{\\\"使用对象\\\":\\\"老师\\\"}],\\\"customProperty\\\":[{\\\"产地\\\":\\\"北京\\\"}]}\",\"id\":51,\"new\":false,\"defaultImg\":440,\"stock\":1,\"originalPrice\":null,\"topImg\":{\"id\":441,\"new\":false,\"file\":null,\"name\":null,\"datestamp\":null,\"checksum\":null,\"mimeType\":null,\"size\":0},\"auditingStatus\":null,\"sales\":0,\"name\":\"测试玫瑰\",\"topTime\":1453172358000,\"commentTarget\":0,\"user\":{\"phone\":null,\"loginTime\":null,\"basketShopAmount\":0,\"permission\":{\"permissionIds\":null,\"permissions\":\"\"},\"avatar\":null,\"password\":null,\"registerTime\":null,\"id\":38,\"new\":false,\"confirmPassword\":null,\"parseBirthDate\":null,\"servers\":null,\"administrator\":false,\"roles\":null,\"name\":\"jake\",\"permissions\":\"\",\"active\":false,\"gender\":null,\"login\":false,\"birthDate\":null,\"basketProviderAmount\":0,\"loginName\":\"2502932416@qq.com\"},\"imgIds\":[440],\"imageIds\":\"440\",\"top\":true}','\0','{\"goodsId\":\"51\",\"price\":\"0.01\",\"quantity\":\"1\",\"remarks\":\"\"}'),(68,66,'{\"shop\":{\"createTime\":null,\"invoiceRequirementList\":[],\"telephones\":null,\"defaultPhone\":\"jakeruan:18616910037\",\"othersObj\":{\"floristsResume\":null,\"managementField\":null,\"surroundingEnvironment\":null,\"legalRepresentResume\":null,\"businessConcept\":null},\"sendArea\":\"东至东大街,西至西稍门,南至南窑头,北至北大街,三环以内皆可免费配送,不在以上范围内，每5公里加收10元\",\"bankOfDeposit\":null,\"postage\":0,\"city\":null,\"creator\":null,\"id\":43,\"enterpriseType\":null,\"area\":null,\"tradingTypeList\":null,\"tradingType\":\"\",\"name\":\"测试数据\",\"province\":null,\"alipayAccount\":null,\"tradingTypeId\":null,\"profile\":null,\"mobilephones\":\"[{\\\"key\\\":\\\"jakeruan\\\",\\\"value\\\":\\\"18616910037\\\",\\\"flag\\\":true},{\\\"key\\\":\\\"egs\\\",\\\"value\\\":\\\"18616910037\\\",\\\"flag\\\":false}]\",\"logo\":null,\"others\":null,\"adminTop\":null,\"deleted\":false,\"new\":false,\"cardHolder\":null,\"address\":null,\"legalRepresent\":null,\"alipayName\":null,\"theMobilePhone\":\"18616910037\",\"invoiceRequirement\":null,\"cardNumber\":null},\"createTime\":1453448176000,\"adminTop\":null,\"goodsCategory\":{\"subGoodsCategorys\":null,\"id\":101,\"shop\":null,\"new\":false,\"name\":\"鲜切花\",\"parameters\":null,\"deleted\":false},\"currentPrice\":0.01,\"shopCategory\":{\"subGoodsCategorys\":null,\"id\":99,\"shop\":null,\"new\":false,\"name\":\"玫瑰\",\"parameters\":null,\"deleted\":false},\"intro\":\"我是测试数据<p>\\n\\t\\t\\t<\\/p>\",\"marketable\":\"PUTAWAY\",\"customProperty\":\"{\\\"option\\\":[{\\\"name\\\":\\\"适用场景\\\",\\\"type\\\":\\\"1\\\",\\\"options\\\":\\\"爱意表达,祝福,求婚,友情,周年纪念,探望,道歉,婚礼,商务\\\"},{\\\"name\\\":\\\"适用对象\\\",\\\"type\\\":\\\"1\\\",\\\"options\\\":\\\"爱人,朋友,老师,领导/长辈,客户,病人\\\"},{\\\"name\\\":\\\"适用节日\\\",\\\"type\\\":\\\"1\\\",\\\"options\\\":\\\"情人节,圣诞节,七夕,3.8妇女节,母亲节,白色情人节,教师节,感恩节,春节,元旦,父亲节,中秋节,建军节,清明\\\"},{\\\"name\\\":\\\"品牌\\\",\\\"type\\\":\\\"1\\\",\\\"options\\\":\\\"九子花饰,其他\\\"}],\\\"optionProperty\\\":[{\\\"适用场景\\\":\\\"求婚\\\"},{\\\"适用对象\\\":\\\"爱人\\\"},{\\\"适用节日\\\":\\\"情人节\\\"},{\\\"品牌\\\":\\\"九子花饰\\\"}],\\\"customProperty\\\":[{\\\"产地\\\":\\\"昆明\\\"}]}\",\"id\":56,\"new\":false,\"defaultImg\":448,\"stock\":3,\"originalPrice\":null,\"topImg\":{\"id\":450,\"new\":false,\"file\":null,\"name\":null,\"datestamp\":null,\"checksum\":null,\"mimeType\":null,\"size\":0},\"auditingStatus\":null,\"sales\":0,\"name\":\"情人节\\u201c百合\\u201d专属你我\",\"topTime\":1453448218000,\"commentTarget\":0,\"user\":{\"phone\":null,\"loginTime\":null,\"basketShopAmount\":0,\"permission\":{\"permissionIds\":null,\"permissions\":\"\"},\"avatar\":null,\"password\":null,\"registerTime\":null,\"id\":38,\"new\":false,\"confirmPassword\":null,\"parseBirthDate\":null,\"servers\":null,\"administrator\":false,\"roles\":null,\"name\":\"jake\",\"permissions\":\"\",\"active\":false,\"gender\":null,\"login\":false,\"birthDate\":null,\"basketProviderAmount\":0,\"loginName\":\"2502932416@qq.com\"},\"imgIds\":[448],\"imageIds\":\"448\",\"top\":true}','\0','{\"goodsId\":\"56\",\"price\":\"0.01\",\"quantity\":\"1\",\"remarks\":\"\"}'),(69,67,'{\"shop\":{\"createTime\":null,\"invoiceRequirementList\":[],\"telephones\":null,\"defaultPhone\":\"jakeruan:18616910037\",\"othersObj\":{\"floristsResume\":null,\"managementField\":null,\"surroundingEnvironment\":null,\"legalRepresentResume\":null,\"businessConcept\":null},\"sendArea\":\"东至东大街,西至西稍门,南至南窑头,北至北大街,三环以内皆可免费配送,不在以上范围内，每5公里加收10元\",\"bankOfDeposit\":null,\"postage\":0,\"city\":null,\"creator\":null,\"id\":43,\"enterpriseType\":null,\"area\":null,\"tradingTypeList\":null,\"tradingType\":\"\",\"name\":\"测试数据\",\"province\":null,\"alipayAccount\":null,\"tradingTypeId\":null,\"profile\":null,\"mobilephones\":\"[{\\\"key\\\":\\\"jakeruan\\\",\\\"value\\\":\\\"18616910037\\\",\\\"flag\\\":true},{\\\"key\\\":\\\"egs\\\",\\\"value\\\":\\\"18616910037\\\",\\\"flag\\\":false}]\",\"logo\":null,\"others\":null,\"adminTop\":null,\"deleted\":false,\"new\":false,\"cardHolder\":null,\"address\":null,\"legalRepresent\":null,\"alipayName\":null,\"theMobilePhone\":\"18616910037\",\"invoiceRequirement\":null,\"cardNumber\":null},\"createTime\":1453448176000,\"adminTop\":null,\"goodsCategory\":{\"subGoodsCategorys\":null,\"id\":101,\"shop\":null,\"new\":false,\"name\":\"鲜切花\",\"parameters\":null,\"deleted\":false},\"currentPrice\":0.01,\"shopCategory\":{\"subGoodsCategorys\":null,\"id\":99,\"shop\":null,\"new\":false,\"name\":\"玫瑰\",\"parameters\":null,\"deleted\":false},\"intro\":\"我是测试数据<p>\\n\\t\\t\\t<\\/p>\",\"marketable\":\"PUTAWAY\",\"customProperty\":\"{\\\"option\\\":[{\\\"name\\\":\\\"适用场景\\\",\\\"type\\\":\\\"1\\\",\\\"options\\\":\\\"爱意表达,祝福,求婚,友情,周年纪念,探望,道歉,婚礼,商务\\\"},{\\\"name\\\":\\\"适用对象\\\",\\\"type\\\":\\\"1\\\",\\\"options\\\":\\\"爱人,朋友,老师,领导/长辈,客户,病人\\\"},{\\\"name\\\":\\\"适用节日\\\",\\\"type\\\":\\\"1\\\",\\\"options\\\":\\\"情人节,圣诞节,七夕,3.8妇女节,母亲节,白色情人节,教师节,感恩节,春节,元旦,父亲节,中秋节,建军节,清明\\\"},{\\\"name\\\":\\\"品牌\\\",\\\"type\\\":\\\"1\\\",\\\"options\\\":\\\"九子花饰,其他\\\"}],\\\"optionProperty\\\":[{\\\"适用场景\\\":\\\"求婚\\\"},{\\\"适用对象\\\":\\\"爱人\\\"},{\\\"适用节日\\\":\\\"情人节\\\"},{\\\"品牌\\\":\\\"九子花饰\\\"}],\\\"customProperty\\\":[{\\\"产地\\\":\\\"昆明\\\"}]}\",\"id\":56,\"new\":false,\"defaultImg\":448,\"stock\":2,\"originalPrice\":null,\"topImg\":{\"id\":450,\"new\":false,\"file\":null,\"name\":null,\"datestamp\":null,\"checksum\":null,\"mimeType\":null,\"size\":0},\"auditingStatus\":null,\"sales\":0,\"name\":\"情人节\\u201c百合\\u201d专属你我\",\"topTime\":1453448218000,\"commentTarget\":0,\"user\":{\"phone\":null,\"loginTime\":null,\"basketShopAmount\":0,\"permission\":{\"permissionIds\":null,\"permissions\":\"\"},\"avatar\":null,\"password\":null,\"registerTime\":null,\"id\":38,\"new\":false,\"confirmPassword\":null,\"parseBirthDate\":null,\"servers\":null,\"administrator\":false,\"roles\":null,\"name\":\"jake\",\"permissions\":\"\",\"active\":false,\"gender\":null,\"login\":false,\"birthDate\":null,\"basketProviderAmount\":0,\"loginName\":\"2502932416@qq.com\"},\"imgIds\":[448],\"imageIds\":\"448\",\"top\":true}','\0','{\"goodsId\":\"56\",\"price\":\"0.01\",\"quantity\":\"1\",\"remarks\":\"test\"}'),(70,68,'{\"shop\":{\"createTime\":null,\"invoiceRequirementList\":[],\"telephones\":null,\"defaultPhone\":\"jakeruan:18616910037\",\"othersObj\":{\"floristsResume\":null,\"managementField\":null,\"surroundingEnvironment\":null,\"legalRepresentResume\":null,\"businessConcept\":null},\"sendArea\":\"东至东大街,西至西稍门,南至南窑头,北至北大街,三环以内皆可免费配送,不在以上范围内，每5公里加收10元\",\"bankOfDeposit\":null,\"postage\":0,\"city\":null,\"creator\":null,\"id\":43,\"enterpriseType\":null,\"area\":null,\"tradingTypeList\":null,\"tradingType\":\"\",\"name\":\"测试数据\",\"province\":null,\"alipayAccount\":null,\"tradingTypeId\":null,\"profile\":null,\"mobilephones\":\"[{\\\"key\\\":\\\"jakeruan\\\",\\\"value\\\":\\\"18616910037\\\",\\\"flag\\\":true},{\\\"key\\\":\\\"egs\\\",\\\"value\\\":\\\"18616910037\\\",\\\"flag\\\":false}]\",\"logo\":null,\"others\":null,\"adminTop\":null,\"deleted\":false,\"new\":false,\"cardHolder\":null,\"address\":null,\"legalRepresent\":null,\"alipayName\":null,\"theMobilePhone\":\"18616910037\",\"invoiceRequirement\":null,\"cardNumber\":null},\"createTime\":1453172320000,\"adminTop\":null,\"goodsCategory\":{\"subGoodsCategorys\":null,\"id\":101,\"shop\":null,\"new\":false,\"name\":\"鲜切花\",\"parameters\":null,\"deleted\":false},\"currentPrice\":0.01,\"shopCategory\":{\"subGoodsCategorys\":null,\"id\":100,\"shop\":null,\"new\":false,\"name\":\"鲜切花\",\"parameters\":null,\"deleted\":false},\"intro\":\"<p>我是测试数据<\\/p>\",\"marketable\":\"PUTAWAY\",\"customProperty\":\"{\\\"option\\\":[{\\\"name\\\":\\\"适用场景\\\",\\\"type\\\":\\\"1\\\",\\\"options\\\":\\\"爱意表达,祝福,求婚,友情,周年纪念,探望,道歉,婚礼,商务\\\"},{\\\"name\\\":\\\"适用对象\\\",\\\"type\\\":\\\"1\\\",\\\"options\\\":\\\"爱人,朋友,老师,领导/长辈,客户,病人\\\"},{\\\"name\\\":\\\"适用节日\\\",\\\"type\\\":\\\"1\\\",\\\"options\\\":\\\"情人节,圣诞节,七夕,3.8妇女节,母亲节,白色情人节,教师节,感恩节,春节,元旦,父亲节,中秋节,建军节,清明\\\"},{\\\"name\\\":\\\"品牌\\\",\\\"type\\\":\\\"1\\\",\\\"options\\\":\\\"九子花饰,其他\\\"}],\\\"optionProperty\\\":[{\\\"使用场景\\\":\\\"求婚\\\"},{\\\"使用对象\\\":\\\"老师\\\"}],\\\"customProperty\\\":[{\\\"产地\\\":\\\"北京\\\"}]}\",\"id\":51,\"new\":false,\"defaultImg\":440,\"stock\":1,\"originalPrice\":null,\"topImg\":{\"id\":441,\"new\":false,\"file\":null,\"name\":null,\"datestamp\":null,\"checksum\":null,\"mimeType\":null,\"size\":0},\"auditingStatus\":null,\"sales\":0,\"name\":\"测试玫瑰\",\"topTime\":1453172358000,\"commentTarget\":0,\"user\":{\"phone\":null,\"loginTime\":null,\"basketShopAmount\":0,\"permission\":{\"permissionIds\":null,\"permissions\":\"\"},\"avatar\":null,\"password\":null,\"registerTime\":null,\"id\":38,\"new\":false,\"confirmPassword\":null,\"parseBirthDate\":null,\"servers\":null,\"administrator\":false,\"roles\":null,\"name\":\"jake\",\"permissions\":\"\",\"active\":false,\"gender\":null,\"login\":false,\"birthDate\":null,\"basketProviderAmount\":0,\"loginName\":\"2502932416@qq.com\"},\"imgIds\":[440],\"imageIds\":\"440\",\"top\":true}','\0','{\"goodsId\":\"51\",\"price\":\"0.01\",\"quantity\":\"1\",\"remarks\":\"nothing\"}'),(71,69,'{\"shop\":{\"createTime\":null,\"invoiceRequirementList\":[],\"telephones\":null,\"defaultPhone\":\"jakeruan:18616910037\",\"othersObj\":{\"floristsResume\":null,\"managementField\":null,\"surroundingEnvironment\":null,\"legalRepresentResume\":null,\"businessConcept\":null},\"sendArea\":\"东至东大街,西至西稍门,南至南窑头,北至北大街,三环以内皆可免费配送,不在以上范围内，每5公里加收10元\",\"bankOfDeposit\":null,\"postage\":0,\"city\":null,\"creator\":null,\"id\":43,\"enterpriseType\":null,\"area\":null,\"tradingTypeList\":null,\"tradingType\":\"\",\"name\":\"测试数据\",\"province\":null,\"alipayAccount\":null,\"tradingTypeId\":null,\"profile\":null,\"mobilephones\":\"[{\\\"key\\\":\\\"jakeruan\\\",\\\"value\\\":\\\"18616910037\\\",\\\"flag\\\":true},{\\\"key\\\":\\\"egs\\\",\\\"value\\\":\\\"18616910037\\\",\\\"flag\\\":false}]\",\"logo\":null,\"others\":null,\"adminTop\":null,\"deleted\":false,\"new\":false,\"cardHolder\":null,\"address\":null,\"legalRepresent\":null,\"alipayName\":null,\"theMobilePhone\":\"18616910037\",\"invoiceRequirement\":null,\"cardNumber\":null},\"createTime\":1453172472000,\"adminTop\":null,\"goodsCategory\":{\"subGoodsCategorys\":null,\"id\":101,\"shop\":null,\"new\":false,\"name\":\"鲜切花\",\"parameters\":null,\"deleted\":false},\"currentPrice\":99999,\"shopCategory\":{\"subGoodsCategorys\":null,\"id\":99,\"shop\":null,\"new\":false,\"name\":\"玫瑰\",\"parameters\":null,\"deleted\":false},\"intro\":\"<p><span style=\\\"white-space: normal;\\\">我是测试数据<\\/span>\\n\\t\\t\\t<\\/p>\",\"marketable\":\"PUTAWAY\",\"customProperty\":\"{\\\"option\\\":[{\\\"name\\\":\\\"适用场景\\\",\\\"type\\\":\\\"1\\\",\\\"options\\\":\\\"爱意表达,祝福,求婚,友情,周年纪念,探望,道歉,婚礼,商务\\\"},{\\\"name\\\":\\\"适用对象\\\",\\\"type\\\":\\\"1\\\",\\\"options\\\":\\\"爱人,朋友,老师,领导/长辈,客户,病人\\\"},{\\\"name\\\":\\\"适用节日\\\",\\\"type\\\":\\\"1\\\",\\\"options\\\":\\\"情人节,圣诞节,七夕,3.8妇女节,母亲节,白色情人节,教师节,感恩节,春节,元旦,父亲节,中秋节,建军节,清明\\\"},{\\\"name\\\":\\\"品牌\\\",\\\"type\\\":\\\"1\\\",\\\"options\\\":\\\"九子花饰,其他\\\"}],\\\"optionProperty\\\":[{\\\"适用场景\\\":\\\"爱意表达\\\"},{\\\"适用对象\\\":\\\"爱人\\\"},{\\\"适用节日\\\":\\\"情人节\\\"},{\\\"品牌\\\":\\\"九子花饰\\\"}],\\\"customProperty\\\":[{\\\"品牌\\\":\\\"我是测试数据\\\"},{\\\"品牌\\\":\\\"我是测试数据\\\"}]}\",\"id\":52,\"new\":false,\"defaultImg\":438,\"stock\":3,\"originalPrice\":null,\"topImg\":{\"id\":439,\"new\":false,\"file\":null,\"name\":null,\"datestamp\":null,\"checksum\":null,\"mimeType\":null,\"size\":0},\"auditingStatus\":null,\"sales\":0,\"name\":\"测试 玫瑰\",\"topTime\":1453448359000,\"commentTarget\":0,\"user\":{\"phone\":null,\"loginTime\":null,\"basketShopAmount\":0,\"permission\":{\"permissionIds\":null,\"permissions\":\"\"},\"avatar\":null,\"password\":null,\"registerTime\":null,\"id\":38,\"new\":false,\"confirmPassword\":null,\"parseBirthDate\":null,\"servers\":null,\"administrator\":false,\"roles\":null,\"name\":\"jake\",\"permissions\":\"\",\"active\":false,\"gender\":null,\"login\":false,\"birthDate\":null,\"basketProviderAmount\":0,\"loginName\":\"2502932416@qq.com\"},\"imgIds\":[438],\"imageIds\":\"438\",\"top\":true}','\0','{\"goodsId\":\"52\",\"price\":\"99999.00\",\"quantity\":\"1\",\"remarks\":\"\"}'),(72,69,'{\"shop\":{\"createTime\":null,\"invoiceRequirementList\":[],\"telephones\":null,\"defaultPhone\":\"jakeruan:18616910037\",\"othersObj\":{\"floristsResume\":null,\"managementField\":null,\"surroundingEnvironment\":null,\"legalRepresentResume\":null,\"businessConcept\":null},\"sendArea\":\"东至东大街,西至西稍门,南至南窑头,北至北大街,三环以内皆可免费配送,不在以上范围内，每5公里加收10元\",\"bankOfDeposit\":null,\"postage\":0,\"city\":null,\"creator\":null,\"id\":43,\"enterpriseType\":null,\"area\":null,\"tradingTypeList\":null,\"tradingType\":\"\",\"name\":\"测试数据\",\"province\":null,\"alipayAccount\":null,\"tradingTypeId\":null,\"profile\":null,\"mobilephones\":\"[{\\\"key\\\":\\\"jakeruan\\\",\\\"value\\\":\\\"18616910037\\\",\\\"flag\\\":true},{\\\"key\\\":\\\"egs\\\",\\\"value\\\":\\\"18616910037\\\",\\\"flag\\\":false}]\",\"logo\":null,\"others\":null,\"adminTop\":null,\"deleted\":false,\"new\":false,\"cardHolder\":null,\"address\":null,\"legalRepresent\":null,\"alipayName\":null,\"theMobilePhone\":\"18616910037\",\"invoiceRequirement\":null,\"cardNumber\":null},\"createTime\":1453171629000,\"adminTop\":null,\"goodsCategory\":{\"subGoodsCategorys\":null,\"id\":101,\"shop\":null,\"new\":false,\"name\":\"鲜切花\",\"parameters\":null,\"deleted\":false},\"currentPrice\":11,\"shopCategory\":{\"subGoodsCategorys\":null,\"id\":99,\"shop\":null,\"new\":false,\"name\":\"玫瑰\",\"parameters\":null,\"deleted\":false},\"intro\":\"<h3 style=\\\"margin-top: 10px;margin-right: 0px;margin-left: 0px;padding: 0px;line-height: 1.35;color: rgb(33, 33, 33);font-size: 13px;font-weight: lighter;font-family: &#39;Times New Roman&#39;, &#39;Microsoft YaHei&#39;, Times, serif, simhei;border-bottom-width: 1px;border-bottom-style: solid;border-bottom-color: black;height: 35px\\\"><img src=\\\"http://jiupinhua.com/floriationtest/file/download?view.id=358\\\" _src=\\\"http://jiupinhua.com/floriationtest/file/download?view.id=358\\\" style=\\\"width: 450px; height: 236px;\\\"/><\\/h3><h3 style=\\\"margin-top: 10px;margin-right: 0px;margin-left: 0px;padding: 0px;line-height: 1.35;color: rgb(33, 33, 33);font-size: 13px;font-weight: lighter;font-family: &#39;Times New Roman&#39;, &#39;Microsoft YaHei&#39;, Times, serif, simhei;border-bottom-width: 1px;border-bottom-style: solid;border-bottom-color: black;height: 35px\\\">推荐理由<span style=\\\";padding: 0px;clear: both;width: 270px;height: 0px;display: block\\\">STYLE NOTES<\\/span><\\/h3><p style=\\\"margin-top: 0px;margin-bottom: 0px;padding: 0px;list-style: none;color: rgb(130, 130, 130)\\\"><\\/p><p style=\\\"margin-top: 0px;margin-bottom: 0px;padding: 0px;list-style: none;color: rgb(130, 130, 130);font-size: 13.3333px\\\"><span style=\\\";padding: 0px\\\">2016<\\/span><span style=\\\";padding: 0px\\\">年情人节，野兽派获得日本樱桃小丸子官方授权，推出史上最性感的小丸子和她的女同学们！头顶章鱼，戴着牡蛎，<\\/span><span style=\\\";padding: 0px\\\">机灵慧黠<\\/span><span style=\\\";padding: 0px\\\">的可爱。<\\/span><\\/p><p style=\\\"margin-top: 0px;margin-bottom: 0px;padding: 0px;list-style: none;color: rgb(130, 130, 130);font-size: 13.3333px\\\">&nbsp;<\\/p><p style=\\\"margin-top: 0px;margin-bottom: 0px;padding: 0px;list-style: none;color: rgb(130, 130, 130);font-size: 13.3333px\\\"><span style=\\\";padding: 0px\\\">特别设计的复古陶瓷托盘配时髦的粉晶色、静谧蓝，放在床头或桌面，既可做永生花托盘摆放欣赏，也可以存放戒指等首饰小物。<\\/span><\\/p><p style=\\\"margin-top: 0px;margin-bottom: 0px;padding: 0px;list-style: none;color: rgb(130, 130, 130);font-size: 13.3333px\\\"><span style=\\\";padding: 0px\\\">立体的动物造型则希望你拥有最纯粹的爱，或温柔长吻的喵们，或霸道激吻的长耳兔，肆无忌惮爱得热烈。<\\/span><\\/p><p style=\\\"margin-top: 0px;margin-bottom: 0px;padding: 0px;list-style: none;color: rgb(130, 130, 130);font-size: 13.3333px\\\"><span style=\\\";padding: 0px\\\">我们选择了奥斯汀玫瑰为主的进口永生花花材，寓意永久守护的爱。沉醉在花丛中，甜蜜在心间。<\\/span><\\/p><p style=\\\"margin-top: 0px;margin-bottom: 0px;padding: 0px;list-style: none;color: rgb(130, 130, 130)\\\"><\\/p><h3 style=\\\"margin-top: 10px;margin-right: 0px;margin-left: 0px;padding: 0px;line-height: 1.35;color: rgb(33, 33, 33);font-size: 13px;font-weight: lighter;font-family: &#39;Times New Roman&#39;, &#39;Microsoft YaHei&#39;, Times, serif, simhei;border-bottom-width: 1px;border-bottom-style: solid;border-bottom-color: black;height: 35px\\\">保养说明<span style=\\\";padding: 0px;clear: both;width: 270px;height: 0px;display: block\\\">CARING<\\/span><\\/h3><p style=\\\"margin-top: 0px;margin-bottom: 0px;padding: 0px;list-style: none;color: rgb(130, 130, 130)\\\">保养须知：勿浇水或经常用手触碰，勿放置室外。勿太阳直晒。如蒙上灰尘，用吹风机冷风，将灰尘轻轻吹掉。如室内潮湿，请勿将花材长时间暴露在空气中。 特别说明：南方潮湿地区干花可能会发霉，建议潮湿天气时注意放在干燥环境。永生花在运输过程中，可能会出现少数花瓣碎裂的情况，这是正常现象，可用修眉小剪刀将花瓣边缘修剪整齐。<\\/p><p><br/><\\/p>\",\"marketable\":\"PUTAWAY\",\"customProperty\":\"{\\\"option\\\":[{\\\"name\\\":\\\"适用场景\\\",\\\"type\\\":\\\"1\\\",\\\"options\\\":\\\"爱意表达,祝福,求婚,友情,周年纪念,探望,道歉,婚礼,商务\\\"},{\\\"name\\\":\\\"适用对象\\\",\\\"type\\\":\\\"1\\\",\\\"options\\\":\\\"爱人,朋友,老师,领导/长辈,客户,病人\\\"},{\\\"name\\\":\\\"适用节日\\\",\\\"type\\\":\\\"1\\\",\\\"options\\\":\\\"情人节,圣诞节,七夕,3.8妇女节,母亲节,白色情人节,教师节,感恩节,春节,元旦,父亲节,中秋节,建军节,清明\\\"},{\\\"name\\\":\\\"品牌\\\",\\\"type\\\":\\\"1\\\",\\\"options\\\":\\\"九子花饰,其他\\\"}],\\\"optionProperty\\\":[{\\\"适用场景\\\":\\\"爱意表达\\\"},{\\\"适用对象\\\":\\\"爱人\\\"},{\\\"适用节日\\\":\\\"情人节\\\"},{\\\"品牌\\\":\\\"九子花饰\\\"}],\\\"customProperty\\\":[{\\\"产地\\\":\\\"昆明\\\"}]}\",\"id\":50,\"new\":false,\"defaultImg\":442,\"stock\":21,\"originalPrice\":null,\"topImg\":{\"id\":445,\"new\":false,\"file\":null,\"name\":null,\"datestamp\":null,\"checksum\":null,\"mimeType\":null,\"size\":0},\"auditingStatus\":null,\"sales\":0,\"name\":\"kiro jake\",\"topTime\":1453448195000,\"commentTarget\":0,\"user\":{\"phone\":null,\"loginTime\":null,\"basketShopAmount\":0,\"permission\":{\"permissionIds\":null,\"permissions\":\"\"},\"avatar\":null,\"password\":null,\"registerTime\":null,\"id\":38,\"new\":false,\"confirmPassword\":null,\"parseBirthDate\":null,\"servers\":null,\"administrator\":false,\"roles\":null,\"name\":\"jake\",\"permissions\":\"\",\"active\":false,\"gender\":null,\"login\":false,\"birthDate\":null,\"basketProviderAmount\":0,\"loginName\":\"2502932416@qq.com\"},\"imgIds\":[442,443,444],\"imageIds\":\"442,443,444\",\"top\":true}','\0','{\"goodsId\":\"50\",\"price\":\"11.00\",\"quantity\":\"1\",\"remarks\":\"\"}'),(73,70,'{\"shop\":{\"createTime\":null,\"invoiceRequirementList\":[],\"telephones\":null,\"defaultPhone\":\"jakeruan:18616910037\",\"othersObj\":{\"floristsResume\":null,\"managementField\":null,\"surroundingEnvironment\":null,\"legalRepresentResume\":null,\"businessConcept\":null},\"sendArea\":\"东至东大街,西至西稍门,南至南窑头,北至北大街,三环以内皆可免费配送,不在以上范围内，每5公里加收10元\",\"bankOfDeposit\":null,\"postage\":0,\"city\":null,\"creator\":null,\"id\":43,\"enterpriseType\":null,\"area\":null,\"tradingTypeList\":null,\"tradingType\":\"\",\"name\":\"测试数据\",\"province\":null,\"alipayAccount\":null,\"tradingTypeId\":null,\"profile\":null,\"mobilephones\":\"[{\\\"key\\\":\\\"jakeruan\\\",\\\"value\\\":\\\"18616910037\\\",\\\"flag\\\":true},{\\\"key\\\":\\\"egs\\\",\\\"value\\\":\\\"18616910037\\\",\\\"flag\\\":false}]\",\"logo\":null,\"others\":null,\"adminTop\":null,\"deleted\":false,\"new\":false,\"cardHolder\":null,\"address\":null,\"legalRepresent\":null,\"alipayName\":null,\"theMobilePhone\":\"18616910037\",\"invoiceRequirement\":null,\"cardNumber\":null},\"createTime\":1453172320000,\"adminTop\":null,\"goodsCategory\":{\"subGoodsCategorys\":null,\"id\":101,\"shop\":null,\"new\":false,\"name\":\"鲜切花\",\"parameters\":null,\"deleted\":false},\"currentPrice\":0.01,\"shopCategory\":{\"subGoodsCategorys\":null,\"id\":100,\"shop\":null,\"new\":false,\"name\":\"鲜切花\",\"parameters\":null,\"deleted\":false},\"intro\":\"<p>我是测试数据<\\/p>\",\"marketable\":\"PUTAWAY\",\"customProperty\":\"{\\\"option\\\":[{\\\"name\\\":\\\"适用场景\\\",\\\"type\\\":\\\"1\\\",\\\"options\\\":\\\"爱意表达,祝福,求婚,友情,周年纪念,探望,道歉,婚礼,商务\\\"},{\\\"name\\\":\\\"适用对象\\\",\\\"type\\\":\\\"1\\\",\\\"options\\\":\\\"爱人,朋友,老师,领导/长辈,客户,病人\\\"},{\\\"name\\\":\\\"适用节日\\\",\\\"type\\\":\\\"1\\\",\\\"options\\\":\\\"情人节,圣诞节,七夕,3.8妇女节,母亲节,白色情人节,教师节,感恩节,春节,元旦,父亲节,中秋节,建军节,清明\\\"},{\\\"name\\\":\\\"品牌\\\",\\\"type\\\":\\\"1\\\",\\\"options\\\":\\\"九子花饰,其他\\\"}],\\\"optionProperty\\\":[{\\\"使用场景\\\":\\\"求婚\\\"},{\\\"使用对象\\\":\\\"老师\\\"}],\\\"customProperty\\\":[{\\\"产地\\\":\\\"北京\\\"}]}\",\"id\":51,\"new\":false,\"defaultImg\":440,\"stock\":1,\"originalPrice\":null,\"topImg\":{\"id\":441,\"new\":false,\"file\":null,\"name\":null,\"datestamp\":null,\"checksum\":null,\"mimeType\":null,\"size\":0},\"auditingStatus\":null,\"sales\":0,\"name\":\"测试玫瑰\",\"topTime\":1453172358000,\"commentTarget\":0,\"user\":{\"phone\":null,\"loginTime\":null,\"basketShopAmount\":0,\"permission\":{\"permissionIds\":null,\"permissions\":\"\"},\"avatar\":null,\"password\":null,\"registerTime\":null,\"id\":38,\"new\":false,\"confirmPassword\":null,\"parseBirthDate\":null,\"servers\":null,\"administrator\":false,\"roles\":null,\"name\":\"jake\",\"permissions\":\"\",\"active\":false,\"gender\":null,\"login\":false,\"birthDate\":null,\"basketProviderAmount\":0,\"loginName\":\"2502932416@qq.com\"},\"imgIds\":[440],\"imageIds\":\"440\",\"top\":true}','\0','{\"goodsId\":\"51\",\"price\":\"0.01\",\"quantity\":\"1\",\"remarks\":\"我是备注\"}'),(74,71,'{\"shop\":{\"createTime\":null,\"invoiceRequirementList\":[],\"telephones\":null,\"defaultPhone\":\"jakeruan:18616910037\",\"othersObj\":{\"floristsResume\":null,\"managementField\":null,\"surroundingEnvironment\":null,\"legalRepresentResume\":null,\"businessConcept\":null},\"sendArea\":\"东至东大街,西至西稍门,南至南窑头,北至北大街,三环以内皆可免费配送,不在以上范围内，每5公里加收10元\",\"bankOfDeposit\":null,\"postage\":0,\"city\":null,\"creator\":null,\"id\":43,\"enterpriseType\":null,\"area\":null,\"tradingTypeList\":null,\"tradingType\":\"\",\"name\":\"测试数据\",\"province\":null,\"alipayAccount\":null,\"tradingTypeId\":null,\"profile\":null,\"mobilephones\":\"[{\\\"key\\\":\\\"jakeruan\\\",\\\"value\\\":\\\"18616910037\\\",\\\"flag\\\":true},{\\\"key\\\":\\\"egs\\\",\\\"value\\\":\\\"18616910037\\\",\\\"flag\\\":false}]\",\"logo\":null,\"others\":null,\"adminTop\":null,\"deleted\":false,\"new\":false,\"cardHolder\":null,\"address\":null,\"legalRepresent\":null,\"alipayName\":null,\"theMobilePhone\":\"18616910037\",\"invoiceRequirement\":null,\"cardNumber\":null},\"createTime\":1453448176000,\"adminTop\":null,\"goodsCategory\":{\"subGoodsCategorys\":null,\"id\":101,\"shop\":null,\"new\":false,\"name\":\"鲜切花\",\"parameters\":null,\"deleted\":false},\"currentPrice\":0.02,\"shopCategory\":{\"subGoodsCategorys\":null,\"id\":99,\"shop\":null,\"new\":false,\"name\":\"玫瑰\",\"parameters\":null,\"deleted\":false},\"intro\":\"我是测试数据<p>\\n\\t\\t\\t<\\/p>\",\"marketable\":\"PUTAWAY\",\"customProperty\":\"{\\\"option\\\":[{\\\"name\\\":\\\"适用场景\\\",\\\"type\\\":\\\"1\\\",\\\"options\\\":\\\"爱意表达,祝福,求婚,友情,周年纪念,探望,道歉,婚礼,商务\\\"},{\\\"name\\\":\\\"适用对象\\\",\\\"type\\\":\\\"1\\\",\\\"options\\\":\\\"爱人,朋友,老师,领导/长辈,客户,病人\\\"},{\\\"name\\\":\\\"适用节日\\\",\\\"type\\\":\\\"1\\\",\\\"options\\\":\\\"情人节,圣诞节,七夕,3.8妇女节,母亲节,白色情人节,教师节,感恩节,春节,元旦,父亲节,中秋节,建军节,清明\\\"},{\\\"name\\\":\\\"品牌\\\",\\\"type\\\":\\\"1\\\",\\\"options\\\":\\\"九子花饰,其他\\\"}],\\\"optionProperty\\\":[{\\\"适用场景\\\":\\\"求婚\\\"},{\\\"适用对象\\\":\\\"爱人\\\"},{\\\"适用节日\\\":\\\"情人节\\\"},{\\\"品牌\\\":\\\"九子花饰\\\"}],\\\"customProperty\\\":[{\\\"产地\\\":\\\"昆明\\\"}]}\",\"id\":56,\"new\":false,\"defaultImg\":448,\"stock\":3,\"originalPrice\":null,\"topImg\":{\"id\":450,\"new\":false,\"file\":null,\"name\":null,\"datestamp\":null,\"checksum\":null,\"mimeType\":null,\"size\":0},\"auditingStatus\":null,\"sales\":0,\"name\":\"情人节\\u201c百合\\u201d专属你我\",\"topTime\":1453448218000,\"commentTarget\":0,\"user\":{\"phone\":null,\"loginTime\":null,\"basketShopAmount\":0,\"permission\":{\"permissionIds\":null,\"permissions\":\"\"},\"avatar\":null,\"password\":null,\"registerTime\":null,\"id\":38,\"new\":false,\"confirmPassword\":null,\"parseBirthDate\":null,\"servers\":null,\"administrator\":false,\"roles\":null,\"name\":\"jake\",\"permissions\":\"\",\"active\":false,\"gender\":null,\"login\":false,\"birthDate\":null,\"basketProviderAmount\":0,\"loginName\":\"2502932416@qq.com\"},\"imgIds\":[448],\"imageIds\":\"448\",\"top\":true}','\0','{\"goodsId\":\"56\",\"price\":\"0.02\",\"quantity\":\"1\",\"remarks\":\"\"}'),(75,72,'{\"shop\":{\"createTime\":null,\"invoiceRequirementList\":[],\"telephones\":null,\"defaultPhone\":\"jakeruan:18616910037\",\"othersObj\":{\"floristsResume\":null,\"managementField\":null,\"surroundingEnvironment\":null,\"legalRepresentResume\":null,\"businessConcept\":null},\"sendArea\":\"东至东大街,西至西稍门,南至南窑头,北至北大街,三环以内皆可免费配送,不在以上范围内，每5公里加收10元\",\"bankOfDeposit\":null,\"postage\":0,\"city\":null,\"creator\":null,\"id\":43,\"enterpriseType\":null,\"area\":null,\"tradingTypeList\":null,\"tradingType\":\"\",\"name\":\"测试数据\",\"province\":null,\"alipayAccount\":null,\"tradingTypeId\":null,\"profile\":null,\"mobilephones\":\"[{\\\"key\\\":\\\"jakeruan\\\",\\\"value\\\":\\\"18616910037\\\",\\\"flag\\\":true},{\\\"key\\\":\\\"egs\\\",\\\"value\\\":\\\"18616910037\\\",\\\"flag\\\":false}]\",\"logo\":null,\"others\":null,\"adminTop\":null,\"deleted\":false,\"new\":false,\"cardHolder\":null,\"address\":null,\"legalRepresent\":null,\"alipayName\":null,\"theMobilePhone\":\"18616910037\",\"invoiceRequirement\":null,\"cardNumber\":null},\"createTime\":1453448176000,\"adminTop\":null,\"goodsCategory\":{\"subGoodsCategorys\":null,\"id\":101,\"shop\":null,\"new\":false,\"name\":\"鲜切花\",\"parameters\":null,\"deleted\":false},\"currentPrice\":0.02,\"shopCategory\":{\"subGoodsCategorys\":null,\"id\":99,\"shop\":null,\"new\":false,\"name\":\"玫瑰\",\"parameters\":null,\"deleted\":false},\"intro\":\"我是测试数据<p>\\n\\t\\t\\t<\\/p>\",\"marketable\":\"PUTAWAY\",\"customProperty\":\"{\\\"option\\\":[{\\\"name\\\":\\\"适用场景\\\",\\\"type\\\":\\\"1\\\",\\\"options\\\":\\\"爱意表达,祝福,求婚,友情,周年纪念,探望,道歉,婚礼,商务\\\"},{\\\"name\\\":\\\"适用对象\\\",\\\"type\\\":\\\"1\\\",\\\"options\\\":\\\"爱人,朋友,老师,领导/长辈,客户,病人\\\"},{\\\"name\\\":\\\"适用节日\\\",\\\"type\\\":\\\"1\\\",\\\"options\\\":\\\"情人节,圣诞节,七夕,3.8妇女节,母亲节,白色情人节,教师节,感恩节,春节,元旦,父亲节,中秋节,建军节,清明\\\"},{\\\"name\\\":\\\"品牌\\\",\\\"type\\\":\\\"1\\\",\\\"options\\\":\\\"九子花饰,其他\\\"}],\\\"optionProperty\\\":[{\\\"适用场景\\\":\\\"求婚\\\"},{\\\"适用对象\\\":\\\"爱人\\\"},{\\\"适用节日\\\":\\\"情人节\\\"},{\\\"品牌\\\":\\\"九子花饰\\\"}],\\\"customProperty\\\":[{\\\"产地\\\":\\\"昆明\\\"}]}\",\"id\":56,\"new\":false,\"defaultImg\":448,\"stock\":2,\"originalPrice\":null,\"topImg\":{\"id\":450,\"new\":false,\"file\":null,\"name\":null,\"datestamp\":null,\"checksum\":null,\"mimeType\":null,\"size\":0},\"auditingStatus\":null,\"sales\":0,\"name\":\"情人节\\u201c百合\\u201d专属你我\",\"topTime\":1453448218000,\"commentTarget\":0,\"user\":{\"phone\":null,\"loginTime\":null,\"basketShopAmount\":0,\"permission\":{\"permissionIds\":null,\"permissions\":\"\"},\"avatar\":null,\"password\":null,\"registerTime\":null,\"id\":38,\"new\":false,\"confirmPassword\":null,\"parseBirthDate\":null,\"servers\":null,\"administrator\":false,\"roles\":null,\"name\":\"jake\",\"permissions\":\"\",\"active\":false,\"gender\":null,\"login\":false,\"birthDate\":null,\"basketProviderAmount\":0,\"loginName\":\"2502932416@qq.com\"},\"imgIds\":[448],\"imageIds\":\"448\",\"top\":true}','\0','{\"goodsId\":\"56\",\"price\":\"0.02\",\"quantity\":\"1\",\"remarks\":\"\"}'),(76,73,'{\"shop\":{\"createTime\":null,\"invoiceRequirementList\":[],\"telephones\":null,\"defaultPhone\":\"jakeruan:18616910037\",\"othersObj\":{\"floristsResume\":null,\"managementField\":null,\"surroundingEnvironment\":null,\"legalRepresentResume\":null,\"businessConcept\":null},\"sendArea\":\"东至东大街,西至西稍门,南至南窑头,北至北大街,三环以内皆可免费配送,不在以上范围内，每5公里加收10元\",\"bankOfDeposit\":null,\"postage\":0,\"city\":null,\"creator\":null,\"id\":43,\"enterpriseType\":null,\"area\":null,\"tradingTypeList\":null,\"tradingType\":\"\",\"name\":\"测试数据\",\"province\":null,\"alipayAccount\":null,\"tradingTypeId\":null,\"profile\":null,\"mobilephones\":\"[{\\\"key\\\":\\\"jakeruan\\\",\\\"value\\\":\\\"18616910037\\\",\\\"flag\\\":true},{\\\"key\\\":\\\"egs\\\",\\\"value\\\":\\\"18616910037\\\",\\\"flag\\\":false}]\",\"logo\":null,\"others\":null,\"adminTop\":null,\"deleted\":false,\"new\":false,\"cardHolder\":null,\"address\":null,\"legalRepresent\":null,\"alipayName\":null,\"theMobilePhone\":\"18616910037\",\"invoiceRequirement\":null,\"cardNumber\":null},\"createTime\":1453172320000,\"adminTop\":null,\"goodsCategory\":{\"subGoodsCategorys\":null,\"id\":101,\"shop\":null,\"new\":false,\"name\":\"鲜切花\",\"parameters\":null,\"deleted\":false},\"currentPrice\":0.02,\"shopCategory\":{\"subGoodsCategorys\":null,\"id\":100,\"shop\":null,\"new\":false,\"name\":\"鲜切花\",\"parameters\":null,\"deleted\":false},\"intro\":\"<p>我是测试数据<\\/p>\",\"marketable\":\"PUTAWAY\",\"customProperty\":\"{\\\"option\\\":[{\\\"name\\\":\\\"适用场景\\\",\\\"type\\\":\\\"1\\\",\\\"options\\\":\\\"爱意表达,祝福,求婚,友情,周年纪念,探望,道歉,婚礼,商务\\\"},{\\\"name\\\":\\\"适用对象\\\",\\\"type\\\":\\\"1\\\",\\\"options\\\":\\\"爱人,朋友,老师,领导/长辈,客户,病人\\\"},{\\\"name\\\":\\\"适用节日\\\",\\\"type\\\":\\\"1\\\",\\\"options\\\":\\\"情人节,圣诞节,七夕,3.8妇女节,母亲节,白色情人节,教师节,感恩节,春节,元旦,父亲节,中秋节,建军节,清明\\\"},{\\\"name\\\":\\\"品牌\\\",\\\"type\\\":\\\"1\\\",\\\"options\\\":\\\"九子花饰,其他\\\"}],\\\"optionProperty\\\":[{\\\"使用场景\\\":\\\"求婚\\\"},{\\\"使用对象\\\":\\\"老师\\\"}],\\\"customProperty\\\":[{\\\"产地\\\":\\\"北京\\\"}]}\",\"id\":51,\"new\":false,\"defaultImg\":440,\"stock\":10,\"originalPrice\":null,\"topImg\":{\"id\":441,\"new\":false,\"file\":null,\"name\":null,\"datestamp\":null,\"checksum\":null,\"mimeType\":null,\"size\":0},\"auditingStatus\":null,\"sales\":0,\"name\":\"测试玫瑰\",\"topTime\":1453172358000,\"commentTarget\":0,\"user\":{\"phone\":null,\"loginTime\":null,\"basketShopAmount\":0,\"permission\":{\"permissionIds\":null,\"permissions\":\"\"},\"avatar\":null,\"password\":null,\"registerTime\":null,\"id\":38,\"new\":false,\"confirmPassword\":null,\"parseBirthDate\":null,\"servers\":null,\"administrator\":false,\"roles\":null,\"name\":\"jake\",\"permissions\":\"\",\"active\":false,\"gender\":null,\"login\":false,\"birthDate\":null,\"basketProviderAmount\":0,\"loginName\":\"2502932416@qq.com\"},\"imgIds\":[440],\"imageIds\":\"440\",\"top\":true}','\0','{\"goodsId\":\"51\",\"price\":\"0.02\",\"quantity\":\"1\",\"remarks\":\"\"}'),(77,74,'{\"shop\":{\"createTime\":null,\"invoiceRequirementList\":[],\"telephones\":null,\"defaultPhone\":\"jakeruan:18616910037\",\"othersObj\":{\"floristsResume\":null,\"managementField\":null,\"surroundingEnvironment\":null,\"legalRepresentResume\":null,\"businessConcept\":null},\"sendArea\":\"东至东大街,西至西稍门,南至南窑头,北至北大街,三环以内皆可免费配送,不在以上范围内，每5公里加收10元\",\"bankOfDeposit\":null,\"postage\":0,\"city\":null,\"creator\":null,\"id\":43,\"enterpriseType\":null,\"area\":null,\"tradingTypeList\":null,\"tradingType\":\"\",\"name\":\"测试数据\",\"province\":null,\"alipayAccount\":null,\"tradingTypeId\":null,\"profile\":null,\"mobilephones\":\"[{\\\"key\\\":\\\"jakeruan\\\",\\\"value\\\":\\\"18616910037\\\",\\\"flag\\\":true},{\\\"key\\\":\\\"egs\\\",\\\"value\\\":\\\"18616910037\\\",\\\"flag\\\":false}]\",\"logo\":null,\"others\":null,\"adminTop\":null,\"deleted\":false,\"new\":false,\"cardHolder\":null,\"address\":null,\"legalRepresent\":null,\"alipayName\":null,\"theMobilePhone\":\"18616910037\",\"invoiceRequirement\":null,\"cardNumber\":null},\"createTime\":1453172320000,\"adminTop\":null,\"goodsCategory\":{\"subGoodsCategorys\":null,\"id\":101,\"shop\":null,\"new\":false,\"name\":\"鲜切花\",\"parameters\":null,\"deleted\":false},\"currentPrice\":0.02,\"shopCategory\":{\"subGoodsCategorys\":null,\"id\":100,\"shop\":null,\"new\":false,\"name\":\"鲜切花\",\"parameters\":null,\"deleted\":false},\"intro\":\"<p>我是测试数据<\\/p>\",\"marketable\":\"PUTAWAY\",\"customProperty\":\"{\\\"option\\\":[{\\\"name\\\":\\\"适用场景\\\",\\\"type\\\":\\\"1\\\",\\\"options\\\":\\\"爱意表达,祝福,求婚,友情,周年纪念,探望,道歉,婚礼,商务\\\"},{\\\"name\\\":\\\"适用对象\\\",\\\"type\\\":\\\"1\\\",\\\"options\\\":\\\"爱人,朋友,老师,领导/长辈,客户,病人\\\"},{\\\"name\\\":\\\"适用节日\\\",\\\"type\\\":\\\"1\\\",\\\"options\\\":\\\"情人节,圣诞节,七夕,3.8妇女节,母亲节,白色情人节,教师节,感恩节,春节,元旦,父亲节,中秋节,建军节,清明\\\"},{\\\"name\\\":\\\"品牌\\\",\\\"type\\\":\\\"1\\\",\\\"options\\\":\\\"九子花饰,其他\\\"}],\\\"optionProperty\\\":[{\\\"使用场景\\\":\\\"求婚\\\"},{\\\"使用对象\\\":\\\"老师\\\"}],\\\"customProperty\\\":[{\\\"产地\\\":\\\"北京\\\"}]}\",\"id\":51,\"new\":false,\"defaultImg\":440,\"stock\":9,\"originalPrice\":null,\"topImg\":{\"id\":441,\"new\":false,\"file\":null,\"name\":null,\"datestamp\":null,\"checksum\":null,\"mimeType\":null,\"size\":0},\"auditingStatus\":null,\"sales\":1,\"name\":\"测试玫瑰\",\"topTime\":1453172358000,\"commentTarget\":0,\"user\":{\"phone\":null,\"loginTime\":null,\"basketShopAmount\":0,\"permission\":{\"permissionIds\":null,\"permissions\":\"\"},\"avatar\":null,\"password\":null,\"registerTime\":null,\"id\":38,\"new\":false,\"confirmPassword\":null,\"parseBirthDate\":null,\"servers\":null,\"administrator\":false,\"roles\":null,\"name\":\"jake\",\"permissions\":\"\",\"active\":false,\"gender\":null,\"login\":false,\"birthDate\":null,\"basketProviderAmount\":0,\"loginName\":\"2502932416@qq.com\"},\"imgIds\":[440],\"imageIds\":\"440\",\"top\":true}','\0','{\"goodsId\":\"51\",\"price\":\"0.02\",\"quantity\":\"1\",\"remarks\":\"\"}'),(78,75,'{\"shop\":{\"createTime\":null,\"invoiceRequirementList\":[],\"telephones\":null,\"defaultPhone\":\"jakeruan:18616910037\",\"othersObj\":{\"floristsResume\":null,\"managementField\":null,\"surroundingEnvironment\":null,\"legalRepresentResume\":null,\"businessConcept\":null},\"sendArea\":\"东至东大街,西至西稍门,南至南窑头,北至北大街,三环以内皆可免费配送,不在以上范围内，每5公里加收10元\",\"bankOfDeposit\":null,\"postage\":0,\"city\":null,\"creator\":null,\"id\":43,\"enterpriseType\":null,\"area\":null,\"tradingTypeList\":null,\"tradingType\":\"\",\"name\":\"测试数据\",\"province\":null,\"alipayAccount\":null,\"tradingTypeId\":null,\"profile\":null,\"mobilephones\":\"[{\\\"key\\\":\\\"jakeruan\\\",\\\"value\\\":\\\"18616910037\\\",\\\"flag\\\":true},{\\\"key\\\":\\\"egs\\\",\\\"value\\\":\\\"18616910037\\\",\\\"flag\\\":false}]\",\"logo\":null,\"others\":null,\"adminTop\":null,\"deleted\":false,\"new\":false,\"cardHolder\":null,\"address\":null,\"legalRepresent\":null,\"alipayName\":null,\"theMobilePhone\":\"18616910037\",\"invoiceRequirement\":null,\"cardNumber\":null},\"createTime\":1453172320000,\"adminTop\":null,\"goodsCategory\":{\"subGoodsCategorys\":null,\"id\":101,\"shop\":null,\"new\":false,\"name\":\"鲜切花\",\"parameters\":null,\"deleted\":false},\"currentPrice\":0.01,\"shopCategory\":{\"subGoodsCategorys\":null,\"id\":100,\"shop\":null,\"new\":false,\"name\":\"鲜切花\",\"parameters\":null,\"deleted\":false},\"intro\":\"<p>我是测试数据<\\/p>\",\"marketable\":\"PUTAWAY\",\"customProperty\":\"{\\\"option\\\":[{\\\"name\\\":\\\"适用场景\\\",\\\"type\\\":\\\"1\\\",\\\"options\\\":\\\"爱意表达,祝福,求婚,友情,周年纪念,探望,道歉,婚礼,商务\\\"},{\\\"name\\\":\\\"适用对象\\\",\\\"type\\\":\\\"1\\\",\\\"options\\\":\\\"爱人,朋友,老师,领导/长辈,客户,病人\\\"},{\\\"name\\\":\\\"适用节日\\\",\\\"type\\\":\\\"1\\\",\\\"options\\\":\\\"情人节,圣诞节,七夕,3.8妇女节,母亲节,白色情人节,教师节,感恩节,春节,元旦,父亲节,中秋节,建军节,清明\\\"},{\\\"name\\\":\\\"品牌\\\",\\\"type\\\":\\\"1\\\",\\\"options\\\":\\\"九子花饰,其他\\\"}],\\\"optionProperty\\\":[{\\\"使用场景\\\":\\\"求婚\\\"},{\\\"使用对象\\\":\\\"老师\\\"}],\\\"customProperty\\\":[{\\\"产地\\\":\\\"北京\\\"}]}\",\"id\":51,\"new\":false,\"defaultImg\":440,\"stock\":9,\"originalPrice\":null,\"topImg\":{\"id\":441,\"new\":false,\"file\":null,\"name\":null,\"datestamp\":null,\"checksum\":null,\"mimeType\":null,\"size\":0},\"auditingStatus\":null,\"sales\":1,\"name\":\"测试玫瑰\",\"topTime\":1453172358000,\"commentTarget\":0,\"user\":{\"phone\":null,\"loginTime\":null,\"basketShopAmount\":0,\"permission\":{\"permissionIds\":null,\"permissions\":\"\"},\"avatar\":null,\"password\":null,\"registerTime\":null,\"id\":38,\"new\":false,\"confirmPassword\":null,\"parseBirthDate\":null,\"servers\":null,\"administrator\":false,\"roles\":null,\"name\":\"jake\",\"permissions\":\"\",\"active\":false,\"gender\":null,\"login\":false,\"birthDate\":null,\"basketProviderAmount\":0,\"loginName\":\"2502932416@qq.com\"},\"imgIds\":[440],\"imageIds\":\"440\",\"top\":true}','\0','{\"goodsId\":\"51\",\"price\":\"0.01\",\"quantity\":\"1\",\"remarks\":\"我是备注\"}'),(79,76,'{\"shop\":{\"createTime\":null,\"invoiceRequirementList\":[],\"telephones\":null,\"defaultPhone\":\"jakeruan:18616910037\",\"othersObj\":{\"floristsResume\":null,\"managementField\":null,\"surroundingEnvironment\":null,\"legalRepresentResume\":null,\"businessConcept\":null},\"sendArea\":\"东至东大街,西至西稍门,南至南窑头,北至北大街,三环以内皆可免费配送,不在以上范围内，每5公里加收10元\",\"bankOfDeposit\":null,\"postage\":0,\"city\":null,\"creator\":null,\"id\":43,\"enterpriseType\":null,\"area\":null,\"tradingTypeList\":null,\"tradingType\":\"\",\"name\":\"测试数据\",\"province\":null,\"alipayAccount\":null,\"tradingTypeId\":null,\"profile\":null,\"mobilephones\":\"[{\\\"key\\\":\\\"jakeruan\\\",\\\"value\\\":\\\"18616910037\\\",\\\"flag\\\":true},{\\\"key\\\":\\\"egs\\\",\\\"value\\\":\\\"18616910037\\\",\\\"flag\\\":true}]\",\"logo\":null,\"others\":null,\"adminTop\":null,\"deleted\":false,\"new\":false,\"cardHolder\":null,\"address\":null,\"legalRepresent\":null,\"alipayName\":null,\"theMobilePhone\":\"18616910037\",\"invoiceRequirement\":null,\"cardNumber\":null},\"createTime\":1453171629000,\"adminTop\":null,\"goodsCategory\":{\"subGoodsCategorys\":null,\"id\":101,\"shop\":null,\"new\":false,\"name\":\"鲜切花\",\"parameters\":null,\"deleted\":false},\"currentPrice\":1,\"shopCategory\":{\"subGoodsCategorys\":null,\"id\":99,\"shop\":null,\"new\":false,\"name\":\"玫瑰\",\"parameters\":null,\"deleted\":false},\"intro\":\"<h3 style=\\\"margin-top: 10px;margin-right: 0px;margin-left: 0px;padding: 0px;line-height: 1.35;color: rgb(33, 33, 33);font-size: 13px;font-weight: lighter;font-family: &#39;Times New Roman&#39;, &#39;Microsoft YaHei&#39;, Times, serif, simhei;border-bottom-width: 1px;border-bottom-style: solid;border-bottom-color: black;height: 35px\\\"><img src=\\\"http://jiupinhua.com/floriationtest/file/download?view.id=358\\\" _src=\\\"http://jiupinhua.com/floriationtest/file/download?view.id=358\\\" style=\\\"width: 450px; height: 236px;\\\"/><\\/h3><h3 style=\\\"margin-top: 10px;margin-right: 0px;margin-left: 0px;padding: 0px;line-height: 1.35;color: rgb(33, 33, 33);font-size: 13px;font-weight: lighter;font-family: &#39;Times New Roman&#39;, &#39;Microsoft YaHei&#39;, Times, serif, simhei;border-bottom-width: 1px;border-bottom-style: solid;border-bottom-color: black;height: 35px\\\">推荐理由<span style=\\\";padding: 0px;clear: both;width: 270px;height: 0px;display: block\\\">STYLE NOTES<\\/span><\\/h3><p style=\\\"margin-top: 0px;margin-bottom: 0px;padding: 0px;list-style: none;color: rgb(130, 130, 130)\\\"><\\/p><p style=\\\"margin-top: 0px;margin-bottom: 0px;padding: 0px;list-style: none;color: rgb(130, 130, 130);font-size: 13.3333px\\\"><span style=\\\";padding: 0px\\\">2016<\\/span><span style=\\\";padding: 0px\\\">年情人节，野兽派获得日本樱桃小丸子官方授权，推出史上最性感的小丸子和她的女同学们！头顶章鱼，戴着牡蛎，<\\/span><span style=\\\";padding: 0px\\\">机灵慧黠<\\/span><span style=\\\";padding: 0px\\\">的可爱。<\\/span><\\/p><p style=\\\"margin-top: 0px;margin-bottom: 0px;padding: 0px;list-style: none;color: rgb(130, 130, 130);font-size: 13.3333px\\\">&nbsp;<\\/p><p style=\\\"margin-top: 0px;margin-bottom: 0px;padding: 0px;list-style: none;color: rgb(130, 130, 130);font-size: 13.3333px\\\"><span style=\\\";padding: 0px\\\">特别设计的复古陶瓷托盘配时髦的粉晶色、静谧蓝，放在床头或桌面，既可做永生花托盘摆放欣赏，也可以存放戒指等首饰小物。<\\/span><\\/p><p style=\\\"margin-top: 0px;margin-bottom: 0px;padding: 0px;list-style: none;color: rgb(130, 130, 130);font-size: 13.3333px\\\"><span style=\\\";padding: 0px\\\">立体的动物造型则希望你拥有最纯粹的爱，或温柔长吻的喵们，或霸道激吻的长耳兔，肆无忌惮爱得热烈。<\\/span><\\/p><p style=\\\"margin-top: 0px;margin-bottom: 0px;padding: 0px;list-style: none;color: rgb(130, 130, 130);font-size: 13.3333px\\\"><span style=\\\";padding: 0px\\\">我们选择了奥斯汀玫瑰为主的进口永生花花材，寓意永久守护的爱。沉醉在花丛中，甜蜜在心间。<\\/span><\\/p><p style=\\\"margin-top: 0px;margin-bottom: 0px;padding: 0px;list-style: none;color: rgb(130, 130, 130)\\\"><\\/p><h3 style=\\\"margin-top: 10px;margin-right: 0px;margin-left: 0px;padding: 0px;line-height: 1.35;color: rgb(33, 33, 33);font-size: 13px;font-weight: lighter;font-family: &#39;Times New Roman&#39;, &#39;Microsoft YaHei&#39;, Times, serif, simhei;border-bottom-width: 1px;border-bottom-style: solid;border-bottom-color: black;height: 35px\\\">保养说明<span style=\\\";padding: 0px;clear: both;width: 270px;height: 0px;display: block\\\">CARING<\\/span><\\/h3><p style=\\\"margin-top: 0px;margin-bottom: 0px;padding: 0px;list-style: none;color: rgb(130, 130, 130)\\\">保养须知：勿浇水或经常用手触碰，勿放置室外。勿太阳直晒。如蒙上灰尘，用吹风机冷风，将灰尘轻轻吹掉。如室内潮湿，请勿将花材长时间暴露在空气中。 特别说明：南方潮湿地区干花可能会发霉，建议潮湿天气时注意放在干燥环境。永生花在运输过程中，可能会出现少数花瓣碎裂的情况，这是正常现象，可用修眉小剪刀将花瓣边缘修剪整齐。<\\/p><p><br/><\\/p>\",\"marketable\":\"PUTAWAY\",\"customProperty\":\"{\\\"option\\\":[{\\\"name\\\":\\\"适用场景\\\",\\\"type\\\":\\\"1\\\",\\\"options\\\":\\\"爱意表达,祝福,求婚,友情,周年纪念,探望,道歉,婚礼,商务\\\"},{\\\"name\\\":\\\"适用对象\\\",\\\"type\\\":\\\"1\\\",\\\"options\\\":\\\"爱人,朋友,老师,领导/长辈,客户,病人\\\"},{\\\"name\\\":\\\"适用节日\\\",\\\"type\\\":\\\"1\\\",\\\"options\\\":\\\"情人节,圣诞节,七夕,3.8妇女节,母亲节,白色情人节,教师节,感恩节,春节,元旦,父亲节,中秋节,建军节,清明\\\"},{\\\"name\\\":\\\"品牌\\\",\\\"type\\\":\\\"1\\\",\\\"options\\\":\\\"九子花饰,其他\\\"}],\\\"optionProperty\\\":[{\\\"适用场景\\\":\\\"爱意表达\\\"},{\\\"适用对象\\\":\\\"爱人\\\"},{\\\"适用节日\\\":\\\"情人节\\\"},{\\\"品牌\\\":\\\"九子花饰\\\"}],\\\"customProperty\\\":[{\\\"产地\\\":\\\"昆明\\\"}]}\",\"id\":50,\"new\":false,\"defaultImg\":442,\"stock\":2,\"originalPrice\":null,\"topImg\":{\"id\":445,\"new\":false,\"file\":null,\"name\":null,\"datestamp\":null,\"checksum\":null,\"mimeType\":null,\"size\":0},\"auditingStatus\":null,\"sales\":0,\"name\":\"kiro jake\",\"topTime\":1453448195000,\"commentTarget\":0,\"user\":{\"phone\":null,\"loginTime\":null,\"basketShopAmount\":0,\"permission\":{\"permissionIds\":null,\"permissions\":\"\"},\"avatar\":null,\"password\":null,\"registerTime\":null,\"id\":38,\"new\":false,\"confirmPassword\":null,\"parseBirthDate\":null,\"servers\":null,\"administrator\":false,\"roles\":null,\"name\":\"jake\",\"permissions\":\"\",\"active\":false,\"gender\":null,\"login\":false,\"birthDate\":null,\"basketProviderAmount\":0,\"loginName\":\"2502932416@qq.com\"},\"imgIds\":[442,443,444],\"imageIds\":\"442,443,444\",\"top\":true}','\0','{\"goodsId\":\"50\",\"price\":\"1.00\",\"quantity\":\"1\",\"remarks\":\"\"}'),(80,77,'{\"createTime\":1453448176000,\"shop\":{\"createTime\":null,\"invoiceRequirementList\":[],\"showCreateTime\":null,\"telephones\":null,\"defaultPhone\":\"jakeruan:18616910037\",\"othersObj\":{\"floristsResume\":null,\"managementField\":null,\"surroundingEnvironment\":null,\"legalRepresentResume\":null,\"businessConcept\":null},\"sendArea\":\"东至东大街,西至西稍门,南至南窑头,北至北大街,三环以内皆可免费配送,不在以上范围内，每5公里加收10元\",\"bankOfDeposit\":null,\"postage\":0,\"city\":null,\"creator\":null,\"id\":43,\"enterpriseType\":null,\"area\":null,\"tradingTypeList\":null,\"tradingType\":\"\",\"name\":\"测试数\",\"province\":null,\"alipayAccount\":null,\"tradingTypeId\":null,\"profile\":null,\"mobilephones\":\"[{\\\"key\\\":\\\"jakeruan\\\",\\\"value\\\":\\\"18616910037\\\",\\\"flag\\\":true},{\\\"key\\\":\\\"egs\\\",\\\"value\\\":\\\"18616910037\\\",\\\"flag\\\":true}]\",\"logo\":null,\"others\":null,\"adminTop\":null,\"deleted\":false,\"new\":false,\"cardHolder\":null,\"address\":\"我是测试地址\",\"legalRepresent\":null,\"alipayName\":null,\"theMobilePhone\":\"18616910037\",\"invoiceRequirement\":null,\"cardNumber\":null},\"goodsCategory\":{\"subGoodsCategorys\":null,\"id\":101,\"shop\":null,\"new\":false,\"name\":\"鲜切花\",\"parameters\":null,\"deleted\":false},\"productsParams\":[{\"id\":0,\"new\":true,\"value\":\"求婚\",\"key\":\"适用场景\"},{\"id\":0,\"new\":true,\"value\":\"爱人\",\"key\":\"适用对象\"},{\"id\":0,\"new\":true,\"value\":\"情人节\",\"key\":\"适用节日\"},{\"id\":0,\"new\":true,\"value\":\"九子花饰\",\"key\":\"品牌\"},{\"id\":0,\"new\":true,\"value\":\"昆明\",\"key\":\"产地\"}],\"customProperty\":\"{\\\"option\\\":[{\\\"name\\\":\\\"适用场景\\\",\\\"type\\\":\\\"1\\\",\\\"options\\\":\\\"爱意表达,祝福,求婚,友情,周年纪念,探望,道歉,婚礼,商务\\\"},{\\\"name\\\":\\\"适用对象\\\",\\\"type\\\":\\\"1\\\",\\\"options\\\":\\\"爱人,朋友,老师,领导/长辈,客户,病人\\\"},{\\\"name\\\":\\\"适用节日\\\",\\\"type\\\":\\\"1\\\",\\\"options\\\":\\\"情人节,圣诞节,七夕,3.8妇女节,母亲节,白色情人节,教师节,感恩节,春节,元旦,父亲节,中秋节,建军节,清明\\\"},{\\\"name\\\":\\\"品牌\\\",\\\"type\\\":\\\"1\\\",\\\"options\\\":\\\"九子花饰,其他\\\"}],\\\"optionProperty\\\":[{\\\"适用场景\\\":\\\"求婚\\\"},{\\\"适用对象\\\":\\\"爱人\\\"},{\\\"适用节日\\\":\\\"情人节\\\"},{\\\"品牌\\\":\\\"九子花饰\\\"}],\\\"customProperty\\\":[{\\\"产地\\\":\\\"昆明\\\"}]}\",\"marketable\":\"PUTAWAY\",\"id\":56,\"defaultImg\":448,\"stock\":201,\"sales\":0,\"name\":\"情人节\\u201c百合\\u201d专属你我\",\"imgIds\":[448],\"top\":true,\"adminTop\":null,\"integer\":\"0\",\"currentPrice\":0.01,\"shopCategory\":{\"subGoodsCategorys\":null,\"id\":99,\"shop\":null,\"new\":false,\"name\":\"玫瑰\",\"parameters\":null,\"deleted\":false},\"decimal\":\"01\",\"intro\":\"<p>我是测试数据<\\/p><p><img src=\\\"http://121.41.22.252:8080/file/download?view.id=570\\\" _src=\\\"http://121.41.22.252:8080/file/download?view.id=570\\\" style=\\\"\\\"/><\\/p><p><\\/p><p>\\n\\t\\t\\t<\\/p>\",\"new\":false,\"originalPrice\":null,\"auditingStatus\":null,\"topImg\":{\"id\":450,\"new\":false,\"file\":null,\"name\":null,\"datestamp\":null,\"checksum\":null,\"mimeType\":null,\"size\":0},\"firstImg\":448,\"commentTarget\":0,\"topTime\":1453448218000,\"user\":{\"phone\":null,\"loginTime\":null,\"basketShopAmount\":0,\"permission\":{\"permissionIds\":null,\"permissions\":\"\"},\"avatar\":null,\"password\":null,\"registerTime\":null,\"id\":38,\"new\":false,\"confirmPassword\":null,\"parseBirthDate\":null,\"servers\":null,\"administrator\":false,\"roles\":null,\"name\":\"jake\",\"permissions\":\"\",\"active\":false,\"gender\":null,\"login\":false,\"birthDate\":null,\"basketProviderAmount\":0,\"loginName\":\"2502932416@qq.com\"},\"imageIds\":\"448\"}','\0','{\"goodsId\":\"56\",\"price\":\"0.01\",\"quantity\":\"1\",\"remarks\":\"\"}'),(81,78,'{\"createTime\":1453448176000,\"shop\":{\"createTime\":null,\"invoiceRequirementList\":[],\"showCreateTime\":null,\"telephones\":null,\"defaultPhone\":\"jakeruan:18616910037\",\"othersObj\":{\"floristsResume\":null,\"managementField\":null,\"surroundingEnvironment\":null,\"legalRepresentResume\":null,\"businessConcept\":null},\"sendArea\":\"东至东大街,西至西稍门,南至南窑头,北至北大街,三环以内皆可免费配送,不在以上范围内，每5公里加收10元\",\"bankOfDeposit\":null,\"postage\":0,\"city\":null,\"creator\":null,\"id\":43,\"enterpriseType\":null,\"area\":null,\"tradingTypeList\":null,\"tradingType\":\"\",\"name\":\"测试数\",\"province\":null,\"alipayAccount\":null,\"tradingTypeId\":null,\"profile\":null,\"mobilephones\":\"[{\\\"key\\\":\\\"jakeruan\\\",\\\"value\\\":\\\"18616910037\\\",\\\"flag\\\":true},{\\\"key\\\":\\\"egs\\\",\\\"value\\\":\\\"18616910037\\\",\\\"flag\\\":true}]\",\"logo\":null,\"others\":null,\"adminTop\":null,\"deleted\":false,\"new\":false,\"cardHolder\":null,\"address\":\"我是测试地址\",\"legalRepresent\":null,\"alipayName\":null,\"theMobilePhone\":\"18616910037\",\"invoiceRequirement\":null,\"cardNumber\":null},\"goodsCategory\":{\"subGoodsCategorys\":null,\"id\":101,\"shop\":null,\"new\":false,\"name\":\"鲜切花\",\"parameters\":null,\"deleted\":false},\"productsParams\":[{\"id\":0,\"new\":true,\"value\":\"求婚\",\"key\":\"适用场景\"},{\"id\":0,\"new\":true,\"value\":\"爱人\",\"key\":\"适用对象\"},{\"id\":0,\"new\":true,\"value\":\"情人节\",\"key\":\"适用节日\"},{\"id\":0,\"new\":true,\"value\":\"九子花饰\",\"key\":\"品牌\"},{\"id\":0,\"new\":true,\"value\":\"昆明\",\"key\":\"产地\"}],\"customProperty\":\"{\\\"option\\\":[{\\\"name\\\":\\\"适用场景\\\",\\\"type\\\":\\\"1\\\",\\\"options\\\":\\\"爱意表达,祝福,求婚,友情,周年纪念,探望,道歉,婚礼,商务\\\"},{\\\"name\\\":\\\"适用对象\\\",\\\"type\\\":\\\"1\\\",\\\"options\\\":\\\"爱人,朋友,老师,领导/长辈,客户,病人\\\"},{\\\"name\\\":\\\"适用节日\\\",\\\"type\\\":\\\"1\\\",\\\"options\\\":\\\"情人节,圣诞节,七夕,3.8妇女节,母亲节,白色情人节,教师节,感恩节,春节,元旦,父亲节,中秋节,建军节,清明\\\"},{\\\"name\\\":\\\"品牌\\\",\\\"type\\\":\\\"1\\\",\\\"options\\\":\\\"九子花饰,其他\\\"}],\\\"optionProperty\\\":[{\\\"适用场景\\\":\\\"求婚\\\"},{\\\"适用对象\\\":\\\"爱人\\\"},{\\\"适用节日\\\":\\\"情人节\\\"},{\\\"品牌\\\":\\\"九子花饰\\\"}],\\\"customProperty\\\":[{\\\"产地\\\":\\\"昆明\\\"}]}\",\"marketable\":\"PUTAWAY\",\"id\":56,\"defaultImg\":448,\"stock\":200,\"sales\":0,\"name\":\"情人节\\u201c百合\\u201d专属你我\",\"imgIds\":[448],\"top\":true,\"adminTop\":null,\"integer\":\"0\",\"currentPrice\":0.01,\"shopCategory\":{\"subGoodsCategorys\":null,\"id\":99,\"shop\":null,\"new\":false,\"name\":\"玫瑰\",\"parameters\":null,\"deleted\":false},\"decimal\":\"01\",\"intro\":\"<p>我是测试数据<\\/p><p><img src=\\\"http://121.41.22.252:8080/file/download?view.id=570\\\" _src=\\\"http://121.41.22.252:8080/file/download?view.id=570\\\" style=\\\"\\\"/><\\/p><p><\\/p><p>\\n\\t\\t\\t<\\/p>\",\"new\":false,\"originalPrice\":null,\"auditingStatus\":null,\"topImg\":{\"id\":450,\"new\":false,\"file\":null,\"name\":null,\"datestamp\":null,\"checksum\":null,\"mimeType\":null,\"size\":0},\"firstImg\":448,\"commentTarget\":0,\"topTime\":1453448218000,\"user\":{\"phone\":null,\"loginTime\":null,\"basketShopAmount\":0,\"permission\":{\"permissionIds\":null,\"permissions\":\"\"},\"avatar\":null,\"password\":null,\"registerTime\":null,\"id\":38,\"new\":false,\"confirmPassword\":null,\"parseBirthDate\":null,\"servers\":null,\"administrator\":false,\"roles\":null,\"name\":\"jake\",\"permissions\":\"\",\"active\":false,\"gender\":null,\"login\":false,\"birthDate\":null,\"basketProviderAmount\":0,\"loginName\":\"2502932416@qq.com\"},\"imageIds\":\"448\"}','\0','{\"goodsId\":\"56\",\"price\":\"0.01\",\"quantity\":\"1\",\"remarks\":\"\"}'),(82,79,'{\"createTime\":1453448176000,\"shop\":{\"createTime\":null,\"invoiceRequirementList\":[],\"showCreateTime\":null,\"telephones\":null,\"defaultPhone\":\"jakeruan:18616910037\",\"othersObj\":{\"floristsResume\":null,\"managementField\":null,\"surroundingEnvironment\":null,\"legalRepresentResume\":null,\"businessConcept\":null},\"sendArea\":\"东至东大街,西至西稍门,南至南窑头,北至北大街,三环以内皆可免费配送,不在以上范围内，每5公里加收10元\",\"bankOfDeposit\":null,\"postage\":0,\"city\":null,\"creator\":null,\"id\":43,\"enterpriseType\":null,\"area\":null,\"tradingTypeList\":null,\"tradingType\":\"\",\"name\":\"测试数\",\"province\":null,\"alipayAccount\":null,\"tradingTypeId\":null,\"profile\":null,\"mobilephones\":\"[{\\\"key\\\":\\\"jakeruan\\\",\\\"value\\\":\\\"18616910037\\\",\\\"flag\\\":true},{\\\"key\\\":\\\"egs\\\",\\\"value\\\":\\\"18616910037\\\",\\\"flag\\\":true}]\",\"logo\":null,\"others\":null,\"adminTop\":null,\"deleted\":false,\"new\":false,\"cardHolder\":null,\"address\":\"我是测试地址\",\"legalRepresent\":null,\"alipayName\":null,\"theMobilePhone\":\"18616910037\",\"invoiceRequirement\":null,\"cardNumber\":null},\"goodsCategory\":{\"subGoodsCategorys\":null,\"id\":101,\"shop\":null,\"new\":false,\"name\":\"鲜切花\",\"parameters\":null,\"deleted\":false},\"productsParams\":[{\"id\":0,\"new\":true,\"value\":\"求婚\",\"key\":\"适用场景\"},{\"id\":0,\"new\":true,\"value\":\"爱人\",\"key\":\"适用对象\"},{\"id\":0,\"new\":true,\"value\":\"情人节\",\"key\":\"适用节日\"},{\"id\":0,\"new\":true,\"value\":\"九子花饰\",\"key\":\"品牌\"},{\"id\":0,\"new\":true,\"value\":\"昆明\",\"key\":\"产地\"}],\"customProperty\":\"{\\\"option\\\":[{\\\"name\\\":\\\"适用场景\\\",\\\"type\\\":\\\"1\\\",\\\"options\\\":\\\"爱意表达,祝福,求婚,友情,周年纪念,探望,道歉,婚礼,商务\\\"},{\\\"name\\\":\\\"适用对象\\\",\\\"type\\\":\\\"1\\\",\\\"options\\\":\\\"爱人,朋友,老师,领导/长辈,客户,病人\\\"},{\\\"name\\\":\\\"适用节日\\\",\\\"type\\\":\\\"1\\\",\\\"options\\\":\\\"情人节,圣诞节,七夕,3.8妇女节,母亲节,白色情人节,教师节,感恩节,春节,元旦,父亲节,中秋节,建军节,清明\\\"},{\\\"name\\\":\\\"品牌\\\",\\\"type\\\":\\\"1\\\",\\\"options\\\":\\\"九子花饰,其他\\\"}],\\\"optionProperty\\\":[{\\\"适用场景\\\":\\\"求婚\\\"},{\\\"适用对象\\\":\\\"爱人\\\"},{\\\"适用节日\\\":\\\"情人节\\\"},{\\\"品牌\\\":\\\"九子花饰\\\"}],\\\"customProperty\\\":[{\\\"产地\\\":\\\"昆明\\\"}]}\",\"marketable\":\"PUTAWAY\",\"id\":56,\"defaultImg\":448,\"stock\":199,\"sales\":0,\"name\":\"情人节\\u201c百合\\u201d专属你我\",\"imgIds\":[448],\"top\":true,\"adminTop\":null,\"integer\":\"0\",\"currentPrice\":0.01,\"shopCategory\":{\"subGoodsCategorys\":null,\"id\":99,\"shop\":null,\"new\":false,\"name\":\"玫瑰\",\"parameters\":null,\"deleted\":false},\"decimal\":\"01\",\"intro\":\"<p>我是测试数据<\\/p><p><img src=\\\"http://121.41.22.252:8080/file/download?view.id=570\\\" _src=\\\"http://121.41.22.252:8080/file/download?view.id=570\\\" style=\\\"\\\"/><\\/p><p><\\/p><p>\\n\\t\\t\\t<\\/p>\",\"new\":false,\"originalPrice\":null,\"auditingStatus\":null,\"topImg\":{\"id\":450,\"new\":false,\"file\":null,\"name\":null,\"datestamp\":null,\"checksum\":null,\"mimeType\":null,\"size\":0},\"firstImg\":448,\"commentTarget\":0,\"topTime\":1453448218000,\"user\":{\"phone\":null,\"loginTime\":null,\"basketShopAmount\":0,\"permission\":{\"permissionIds\":null,\"permissions\":\"\"},\"avatar\":null,\"password\":null,\"registerTime\":null,\"id\":38,\"new\":false,\"confirmPassword\":null,\"parseBirthDate\":null,\"servers\":null,\"administrator\":false,\"roles\":null,\"name\":\"jake\",\"permissions\":\"\",\"active\":false,\"gender\":null,\"login\":false,\"birthDate\":null,\"basketProviderAmount\":0,\"loginName\":\"2502932416@qq.com\"},\"imageIds\":\"448\"}','\0','{\"goodsId\":\"56\",\"price\":\"0.01\",\"quantity\":\"1\",\"remarks\":\"\"}'),(83,80,'{\"createTime\":1453448176000,\"shop\":{\"createTime\":null,\"invoiceRequirementList\":[],\"showCreateTime\":null,\"telephones\":null,\"defaultPhone\":\"jakeruan:18616910037\",\"othersObj\":{\"floristsResume\":null,\"managementField\":null,\"surroundingEnvironment\":null,\"legalRepresentResume\":null,\"businessConcept\":null},\"sendArea\":\"东至东大街,西至西稍门,南至南窑头,北至北大街,三环以内皆可免费配送,不在以上范围内，每5公里加收10元\",\"bankOfDeposit\":null,\"postage\":0,\"city\":null,\"creator\":null,\"id\":43,\"enterpriseType\":null,\"area\":null,\"tradingTypeList\":null,\"tradingType\":\"\",\"name\":\"测试数\",\"province\":null,\"alipayAccount\":null,\"tradingTypeId\":null,\"profile\":null,\"mobilephones\":\"[{\\\"key\\\":\\\"jakeruan\\\",\\\"value\\\":\\\"18616910037\\\",\\\"flag\\\":true},{\\\"key\\\":\\\"egs\\\",\\\"value\\\":\\\"18616910037\\\",\\\"flag\\\":true}]\",\"logo\":null,\"others\":null,\"adminTop\":null,\"deleted\":false,\"new\":false,\"cardHolder\":null,\"address\":\"我是测试地址\",\"legalRepresent\":null,\"alipayName\":null,\"theMobilePhone\":\"18616910037\",\"invoiceRequirement\":null,\"cardNumber\":null},\"goodsCategory\":{\"subGoodsCategorys\":null,\"id\":101,\"shop\":null,\"new\":false,\"name\":\"鲜切花\",\"parameters\":null,\"deleted\":false},\"productsParams\":[{\"id\":0,\"new\":true,\"value\":\"求婚\",\"key\":\"适用场景\"},{\"id\":0,\"new\":true,\"value\":\"爱人\",\"key\":\"适用对象\"},{\"id\":0,\"new\":true,\"value\":\"情人节\",\"key\":\"适用节日\"},{\"id\":0,\"new\":true,\"value\":\"九子花饰\",\"key\":\"品牌\"},{\"id\":0,\"new\":true,\"value\":\"昆明\",\"key\":\"产地\"}],\"customProperty\":\"{\\\"option\\\":[{\\\"name\\\":\\\"适用场景\\\",\\\"type\\\":\\\"1\\\",\\\"options\\\":\\\"爱意表达,祝福,求婚,友情,周年纪念,探望,道歉,婚礼,商务\\\"},{\\\"name\\\":\\\"适用对象\\\",\\\"type\\\":\\\"1\\\",\\\"options\\\":\\\"爱人,朋友,老师,领导/长辈,客户,病人\\\"},{\\\"name\\\":\\\"适用节日\\\",\\\"type\\\":\\\"1\\\",\\\"options\\\":\\\"情人节,圣诞节,七夕,3.8妇女节,母亲节,白色情人节,教师节,感恩节,春节,元旦,父亲节,中秋节,建军节,清明\\\"},{\\\"name\\\":\\\"品牌\\\",\\\"type\\\":\\\"1\\\",\\\"options\\\":\\\"九子花饰,其他\\\"}],\\\"optionProperty\\\":[{\\\"适用场景\\\":\\\"求婚\\\"},{\\\"适用对象\\\":\\\"爱人\\\"},{\\\"适用节日\\\":\\\"情人节\\\"},{\\\"品牌\\\":\\\"九子花饰\\\"}],\\\"customProperty\\\":[{\\\"产地\\\":\\\"昆明\\\"}]}\",\"marketable\":\"PUTAWAY\",\"id\":56,\"defaultImg\":448,\"stock\":198,\"sales\":0,\"name\":\"情人节\\u201c百合\\u201d专属你我\",\"imgIds\":[448],\"top\":true,\"adminTop\":null,\"integer\":\"0\",\"currentPrice\":0.01,\"shopCategory\":{\"subGoodsCategorys\":null,\"id\":99,\"shop\":null,\"new\":false,\"name\":\"玫瑰\",\"parameters\":null,\"deleted\":false},\"decimal\":\"01\",\"intro\":\"<p>我是测试数据<\\/p><p><img src=\\\"http://121.41.22.252:8080/file/download?view.id=570\\\" _src=\\\"http://121.41.22.252:8080/file/download?view.id=570\\\" style=\\\"\\\"/><\\/p><p><\\/p><p>\\n\\t\\t\\t<\\/p>\",\"new\":false,\"originalPrice\":null,\"auditingStatus\":null,\"topImg\":{\"id\":450,\"new\":false,\"file\":null,\"name\":null,\"datestamp\":null,\"checksum\":null,\"mimeType\":null,\"size\":0},\"firstImg\":448,\"commentTarget\":0,\"topTime\":1453448218000,\"user\":{\"phone\":null,\"loginTime\":null,\"basketShopAmount\":0,\"permission\":{\"permissionIds\":null,\"permissions\":\"\"},\"avatar\":null,\"password\":null,\"registerTime\":null,\"id\":38,\"new\":false,\"confirmPassword\":null,\"parseBirthDate\":null,\"servers\":null,\"administrator\":false,\"roles\":null,\"name\":\"jake\",\"permissions\":\"\",\"active\":false,\"gender\":null,\"login\":false,\"birthDate\":null,\"basketProviderAmount\":0,\"loginName\":\"2502932416@qq.com\"},\"imageIds\":\"448\"}','\0','{\"goodsId\":\"56\",\"price\":\"0.01\",\"quantity\":\"1\",\"remarks\":\"\"}'),(84,81,'{\"createTime\":1453448176000,\"shop\":{\"createTime\":null,\"showCreateTime\":null,\"invoiceRequirementList\":[],\"telephones\":null,\"defaultPhone\":\"jakeruan:18616910037\",\"othersObj\":{\"floristsResume\":null,\"managementField\":null,\"surroundingEnvironment\":null,\"legalRepresentResume\":null,\"businessConcept\":null},\"sendArea\":\"东至东大街,西至西稍门,南至南窑头,北至北大街,三环以内皆可免费配送,不在以上范围内，每5公里加收10元\",\"bankOfDeposit\":null,\"postage\":0,\"city\":null,\"creator\":null,\"id\":43,\"enterpriseType\":null,\"area\":null,\"tradingTypeList\":null,\"tradingType\":\"\",\"name\":\"测试数\",\"province\":null,\"alipayAccount\":null,\"tradingTypeId\":null,\"profile\":null,\"mobilephones\":\"[{\\\"key\\\":\\\"jakeruan\\\",\\\"value\\\":\\\"18616910037\\\",\\\"flag\\\":true},{\\\"key\\\":\\\"egs\\\",\\\"value\\\":\\\"18616910037\\\",\\\"flag\\\":true}]\",\"logo\":null,\"others\":null,\"adminTop\":null,\"deleted\":false,\"new\":false,\"cardHolder\":null,\"address\":\"我是测试地址\",\"legalRepresent\":null,\"alipayName\":null,\"theMobilePhone\":\"18616910037\",\"invoiceRequirement\":null,\"cardNumber\":null},\"goodsCategory\":{\"subGoodsCategorys\":null,\"id\":101,\"shop\":null,\"new\":false,\"name\":\"鲜切花\",\"parameters\":null,\"deleted\":false},\"productsParams\":[{\"id\":0,\"new\":true,\"value\":\"求婚\",\"key\":\"适用场景\"},{\"id\":0,\"new\":true,\"value\":\"爱人\",\"key\":\"适用对象\"},{\"id\":0,\"new\":true,\"value\":\"情人节\",\"key\":\"适用节日\"},{\"id\":0,\"new\":true,\"value\":\"九子花饰\",\"key\":\"品牌\"},{\"id\":0,\"new\":true,\"value\":\"昆明\",\"key\":\"产地\"}],\"customProperty\":\"{\\\"option\\\":[{\\\"name\\\":\\\"适用场景\\\",\\\"type\\\":\\\"1\\\",\\\"options\\\":\\\"爱意表达,祝福,求婚,友情,周年纪念,探望,道歉,婚礼,商务\\\"},{\\\"name\\\":\\\"适用对象\\\",\\\"type\\\":\\\"1\\\",\\\"options\\\":\\\"爱人,朋友,老师,领导/长辈,客户,病人\\\"},{\\\"name\\\":\\\"适用节日\\\",\\\"type\\\":\\\"1\\\",\\\"options\\\":\\\"情人节,圣诞节,七夕,3.8妇女节,母亲节,白色情人节,教师节,感恩节,春节,元旦,父亲节,中秋节,建军节,清明\\\"},{\\\"name\\\":\\\"品牌\\\",\\\"type\\\":\\\"1\\\",\\\"options\\\":\\\"九子花饰,其他\\\"}],\\\"optionProperty\\\":[{\\\"适用场景\\\":\\\"求婚\\\"},{\\\"适用对象\\\":\\\"爱人\\\"},{\\\"适用节日\\\":\\\"情人节\\\"},{\\\"品牌\\\":\\\"九子花饰\\\"}],\\\"customProperty\\\":[{\\\"产地\\\":\\\"昆明\\\"}]}\",\"marketable\":\"PUTAWAY\",\"id\":56,\"defaultImg\":448,\"stock\":201,\"sales\":0,\"name\":\"情人节\\u201c百合\\u201d专属你我\",\"imgIds\":[448],\"top\":true,\"adminTop\":null,\"integer\":\"0\",\"currentPrice\":0.01,\"shopCategory\":{\"subGoodsCategorys\":null,\"id\":99,\"shop\":null,\"new\":false,\"name\":\"玫瑰\",\"parameters\":null,\"deleted\":false},\"decimal\":\"01\",\"intro\":\"<p>我是测试数据<\\/p><p><img src=\\\"http://121.41.22.252:8080/file/download?view.id=570\\\" _src=\\\"http://121.41.22.252:8080/file/download?view.id=570\\\" style=\\\"\\\"/><\\/p><p><\\/p><p>\\n\\t\\t\\t<\\/p>\",\"new\":false,\"originalPrice\":null,\"auditingStatus\":null,\"topImg\":{\"id\":450,\"new\":false,\"file\":null,\"name\":null,\"datestamp\":null,\"checksum\":null,\"mimeType\":null,\"size\":0},\"firstImg\":448,\"commentTarget\":0,\"topTime\":1453448218000,\"user\":{\"phone\":null,\"loginTime\":null,\"basketShopAmount\":0,\"permission\":{\"permissionIds\":null,\"permissions\":\"\"},\"avatar\":null,\"password\":null,\"registerTime\":null,\"id\":38,\"new\":false,\"confirmPassword\":null,\"parseBirthDate\":null,\"servers\":null,\"administrator\":false,\"roles\":null,\"name\":\"jake\",\"permissions\":\"\",\"active\":false,\"gender\":null,\"login\":false,\"birthDate\":null,\"basketProviderAmount\":0,\"loginName\":\"2502932416@qq.com\"},\"imageIds\":\"448\"}','\0','{\"goodsId\":\"56\",\"price\":\"0.01\",\"quantity\":\"1\",\"remarks\":\"\"}'),(85,82,'{\"createTime\":1453448176000,\"shop\":{\"createTime\":null,\"invoiceRequirementList\":[],\"showCreateTime\":null,\"telephones\":null,\"defaultPhone\":\"jakeruan:18616910037\",\"othersObj\":{\"floristsResume\":null,\"managementField\":null,\"surroundingEnvironment\":null,\"legalRepresentResume\":null,\"businessConcept\":null},\"sendArea\":\"东至东大街,西至西稍门,南至南窑头,北至北大街,三环以内皆可免费配送,不在以上范围内，每5公里加收10元\",\"bankOfDeposit\":null,\"postage\":0,\"city\":null,\"creator\":null,\"id\":43,\"enterpriseType\":null,\"area\":null,\"tradingTypeList\":null,\"tradingType\":\"\",\"name\":\"测试数\",\"province\":null,\"alipayAccount\":null,\"tradingTypeId\":null,\"profile\":null,\"mobilephones\":\"[{\\\"key\\\":\\\"jakeruan\\\",\\\"value\\\":\\\"18616910037\\\",\\\"flag\\\":true},{\\\"key\\\":\\\"egs\\\",\\\"value\\\":\\\"18616910037\\\",\\\"flag\\\":true}]\",\"logo\":null,\"others\":null,\"adminTop\":null,\"deleted\":false,\"new\":false,\"cardHolder\":null,\"address\":\"我是测试地址\",\"legalRepresent\":null,\"alipayName\":null,\"theMobilePhone\":\"18616910037\",\"invoiceRequirement\":null,\"cardNumber\":null},\"goodsCategory\":{\"subGoodsCategorys\":null,\"id\":101,\"shop\":null,\"new\":false,\"name\":\"鲜切花\",\"parameters\":null,\"deleted\":false},\"productsParams\":[{\"id\":0,\"new\":true,\"value\":\"求婚\",\"key\":\"适用场景\"},{\"id\":0,\"new\":true,\"value\":\"爱人\",\"key\":\"适用对象\"},{\"id\":0,\"new\":true,\"value\":\"情人节\",\"key\":\"适用节日\"},{\"id\":0,\"new\":true,\"value\":\"九子花饰\",\"key\":\"品牌\"},{\"id\":0,\"new\":true,\"value\":\"昆明\",\"key\":\"产地\"}],\"customProperty\":\"{\\\"option\\\":[{\\\"name\\\":\\\"适用场景\\\",\\\"type\\\":\\\"1\\\",\\\"options\\\":\\\"爱意表达,祝福,求婚,友情,周年纪念,探望,道歉,婚礼,商务\\\"},{\\\"name\\\":\\\"适用对象\\\",\\\"type\\\":\\\"1\\\",\\\"options\\\":\\\"爱人,朋友,老师,领导/长辈,客户,病人\\\"},{\\\"name\\\":\\\"适用节日\\\",\\\"type\\\":\\\"1\\\",\\\"options\\\":\\\"情人节,圣诞节,七夕,3.8妇女节,母亲节,白色情人节,教师节,感恩节,春节,元旦,父亲节,中秋节,建军节,清明\\\"},{\\\"name\\\":\\\"品牌\\\",\\\"type\\\":\\\"1\\\",\\\"options\\\":\\\"九子花饰,其他\\\"}],\\\"optionProperty\\\":[{\\\"适用场景\\\":\\\"求婚\\\"},{\\\"适用对象\\\":\\\"爱人\\\"},{\\\"适用节日\\\":\\\"情人节\\\"},{\\\"品牌\\\":\\\"九子花饰\\\"}],\\\"customProperty\\\":[{\\\"产地\\\":\\\"昆明\\\"}]}\",\"marketable\":\"PUTAWAY\",\"id\":56,\"defaultImg\":448,\"stock\":201,\"sales\":0,\"name\":\"情人节\\u201c百合\\u201d专属你我\",\"imgIds\":[448],\"top\":true,\"adminTop\":null,\"integer\":\"0\",\"currentPrice\":0.01,\"shopCategory\":{\"subGoodsCategorys\":null,\"id\":99,\"shop\":null,\"new\":false,\"name\":\"玫瑰\",\"parameters\":null,\"deleted\":false},\"decimal\":\"01\",\"intro\":\"<p>我是测试数据<\\/p><p><img src=\\\"http://121.41.22.252:8080/file/download?view.id=570\\\" _src=\\\"http://121.41.22.252:8080/file/download?view.id=570\\\" style=\\\"\\\"/><\\/p><p><\\/p><p>\\n\\t\\t\\t<\\/p>\",\"new\":false,\"originalPrice\":null,\"auditingStatus\":null,\"topImg\":{\"id\":450,\"new\":false,\"file\":null,\"name\":null,\"datestamp\":null,\"checksum\":null,\"mimeType\":null,\"size\":0},\"firstImg\":448,\"commentTarget\":0,\"topTime\":1453448218000,\"user\":{\"phone\":null,\"loginTime\":null,\"basketShopAmount\":0,\"permission\":{\"permissionIds\":null,\"permissions\":\"\"},\"avatar\":null,\"password\":null,\"registerTime\":null,\"id\":38,\"new\":false,\"confirmPassword\":null,\"parseBirthDate\":null,\"servers\":null,\"administrator\":false,\"roles\":null,\"name\":\"jake\",\"permissions\":\"\",\"active\":false,\"gender\":null,\"login\":false,\"birthDate\":null,\"basketProviderAmount\":0,\"loginName\":\"2502932416@qq.com\"},\"imageIds\":\"448\"}','\0','{\"goodsId\":\"56\",\"price\":\"0.01\",\"quantity\":\"1\",\"remarks\":\"\"}'),(86,83,'{\"createTime\":1453448176000,\"shop\":{\"createTime\":null,\"invoiceRequirementList\":[],\"showCreateTime\":null,\"telephones\":null,\"defaultPhone\":\"jakeruan:18616910037\",\"othersObj\":{\"floristsResume\":null,\"managementField\":null,\"surroundingEnvironment\":null,\"legalRepresentResume\":null,\"businessConcept\":null},\"sendArea\":\"东至东大街,西至西稍门,南至南窑头,北至北大街,三环以内皆可免费配送,不在以上范围内，每5公里加收10元\",\"bankOfDeposit\":null,\"postage\":0,\"city\":null,\"creator\":null,\"id\":43,\"enterpriseType\":null,\"area\":null,\"tradingTypeList\":null,\"tradingType\":\"\",\"name\":\"测试数\",\"province\":null,\"alipayAccount\":null,\"tradingTypeId\":null,\"profile\":null,\"mobilephones\":\"[{\\\"key\\\":\\\"jakeruan\\\",\\\"value\\\":\\\"18616910037\\\",\\\"flag\\\":true},{\\\"key\\\":\\\"egs\\\",\\\"value\\\":\\\"18616910037\\\",\\\"flag\\\":true}]\",\"logo\":null,\"others\":null,\"adminTop\":null,\"deleted\":false,\"new\":false,\"cardHolder\":null,\"address\":\"我是测试地址\",\"legalRepresent\":null,\"alipayName\":null,\"theMobilePhone\":\"18616910037\",\"invoiceRequirement\":null,\"cardNumber\":null},\"goodsCategory\":{\"subGoodsCategorys\":null,\"id\":101,\"shop\":null,\"new\":false,\"name\":\"鲜切花\",\"parameters\":null,\"deleted\":false},\"productsParams\":[{\"id\":0,\"new\":true,\"value\":\"求婚\",\"key\":\"适用场景\"},{\"id\":0,\"new\":true,\"value\":\"爱人\",\"key\":\"适用对象\"},{\"id\":0,\"new\":true,\"value\":\"情人节\",\"key\":\"适用节日\"},{\"id\":0,\"new\":true,\"value\":\"九子花饰\",\"key\":\"品牌\"},{\"id\":0,\"new\":true,\"value\":\"昆明\",\"key\":\"产地\"}],\"customProperty\":\"{\\\"option\\\":[{\\\"name\\\":\\\"适用场景\\\",\\\"type\\\":\\\"1\\\",\\\"options\\\":\\\"爱意表达,祝福,求婚,友情,周年纪念,探望,道歉,婚礼,商务\\\"},{\\\"name\\\":\\\"适用对象\\\",\\\"type\\\":\\\"1\\\",\\\"options\\\":\\\"爱人,朋友,老师,领导/长辈,客户,病人\\\"},{\\\"name\\\":\\\"适用节日\\\",\\\"type\\\":\\\"1\\\",\\\"options\\\":\\\"情人节,圣诞节,七夕,3.8妇女节,母亲节,白色情人节,教师节,感恩节,春节,元旦,父亲节,中秋节,建军节,清明\\\"},{\\\"name\\\":\\\"品牌\\\",\\\"type\\\":\\\"1\\\",\\\"options\\\":\\\"九子花饰,其他\\\"}],\\\"optionProperty\\\":[{\\\"适用场景\\\":\\\"求婚\\\"},{\\\"适用对象\\\":\\\"爱人\\\"},{\\\"适用节日\\\":\\\"情人节\\\"},{\\\"品牌\\\":\\\"九子花饰\\\"}],\\\"customProperty\\\":[{\\\"产地\\\":\\\"昆明\\\"}]}\",\"marketable\":\"PUTAWAY\",\"id\":56,\"defaultImg\":448,\"stock\":200,\"sales\":0,\"name\":\"情人节\\u201c百合\\u201d专属你我\",\"imgIds\":[448],\"top\":true,\"adminTop\":null,\"integer\":\"0\",\"currentPrice\":0.01,\"shopCategory\":{\"subGoodsCategorys\":null,\"id\":99,\"shop\":null,\"new\":false,\"name\":\"玫瑰\",\"parameters\":null,\"deleted\":false},\"decimal\":\"01\",\"intro\":\"<p>我是测试数据<\\/p><p><img src=\\\"http://121.41.22.252:8080/file/download?view.id=570\\\" _src=\\\"http://121.41.22.252:8080/file/download?view.id=570\\\" style=\\\"\\\"/><\\/p><p><\\/p><p>\\n\\t\\t\\t<\\/p>\",\"new\":false,\"originalPrice\":null,\"auditingStatus\":null,\"topImg\":{\"id\":450,\"new\":false,\"file\":null,\"name\":null,\"datestamp\":null,\"checksum\":null,\"mimeType\":null,\"size\":0},\"firstImg\":448,\"commentTarget\":0,\"topTime\":1453448218000,\"user\":{\"phone\":null,\"loginTime\":null,\"basketShopAmount\":0,\"permission\":{\"permissionIds\":null,\"permissions\":\"\"},\"avatar\":null,\"password\":null,\"registerTime\":null,\"id\":38,\"new\":false,\"confirmPassword\":null,\"parseBirthDate\":null,\"servers\":null,\"administrator\":false,\"roles\":null,\"name\":\"jake\",\"permissions\":\"\",\"active\":false,\"gender\":null,\"login\":false,\"birthDate\":null,\"basketProviderAmount\":0,\"loginName\":\"2502932416@qq.com\"},\"imageIds\":\"448\"}','\0','{\"goodsId\":\"56\",\"price\":\"0.01\",\"quantity\":\"1\",\"remarks\":\"\"}'),(87,84,'{\"createTime\":1453448176000,\"shop\":{\"createTime\":null,\"invoiceRequirementList\":[],\"showCreateTime\":null,\"telephones\":null,\"defaultPhone\":\"jakeruan:18616910037\",\"othersObj\":{\"floristsResume\":null,\"managementField\":null,\"surroundingEnvironment\":null,\"legalRepresentResume\":null,\"businessConcept\":null},\"sendArea\":\"东至东大街,西至西稍门,南至南窑头,北至北大街,三环以内皆可免费配送,不在以上范围内，每5公里加收10元\",\"bankOfDeposit\":null,\"postage\":0,\"city\":null,\"creator\":null,\"id\":43,\"enterpriseType\":null,\"area\":null,\"tradingTypeList\":null,\"tradingType\":\"\",\"name\":\"测试数\",\"province\":null,\"alipayAccount\":null,\"tradingTypeId\":null,\"profile\":null,\"mobilephones\":\"[{\\\"key\\\":\\\"jakeruan\\\",\\\"value\\\":\\\"18616910037\\\",\\\"flag\\\":true},{\\\"key\\\":\\\"egs\\\",\\\"value\\\":\\\"18616910037\\\",\\\"flag\\\":true}]\",\"logo\":null,\"others\":null,\"adminTop\":null,\"deleted\":false,\"new\":false,\"cardHolder\":null,\"address\":\"我是测试地址\",\"legalRepresent\":null,\"alipayName\":null,\"theMobilePhone\":\"18616910037\",\"invoiceRequirement\":null,\"cardNumber\":null},\"goodsCategory\":{\"subGoodsCategorys\":null,\"id\":101,\"shop\":null,\"new\":false,\"name\":\"鲜切花\",\"parameters\":null,\"deleted\":false},\"productsParams\":[{\"id\":0,\"new\":true,\"value\":\"求婚\",\"key\":\"适用场景\"},{\"id\":0,\"new\":true,\"value\":\"爱人\",\"key\":\"适用对象\"},{\"id\":0,\"new\":true,\"value\":\"情人节\",\"key\":\"适用节日\"},{\"id\":0,\"new\":true,\"value\":\"九子花饰\",\"key\":\"品牌\"},{\"id\":0,\"new\":true,\"value\":\"昆明\",\"key\":\"产地\"}],\"customProperty\":\"{\\\"option\\\":[{\\\"name\\\":\\\"适用场景\\\",\\\"type\\\":\\\"1\\\",\\\"options\\\":\\\"爱意表达,祝福,求婚,友情,周年纪念,探望,道歉,婚礼,商务\\\"},{\\\"name\\\":\\\"适用对象\\\",\\\"type\\\":\\\"1\\\",\\\"options\\\":\\\"爱人,朋友,老师,领导/长辈,客户,病人\\\"},{\\\"name\\\":\\\"适用节日\\\",\\\"type\\\":\\\"1\\\",\\\"options\\\":\\\"情人节,圣诞节,七夕,3.8妇女节,母亲节,白色情人节,教师节,感恩节,春节,元旦,父亲节,中秋节,建军节,清明\\\"},{\\\"name\\\":\\\"品牌\\\",\\\"type\\\":\\\"1\\\",\\\"options\\\":\\\"九子花饰,其他\\\"}],\\\"optionProperty\\\":[{\\\"适用场景\\\":\\\"求婚\\\"},{\\\"适用对象\\\":\\\"爱人\\\"},{\\\"适用节日\\\":\\\"情人节\\\"},{\\\"品牌\\\":\\\"九子花饰\\\"}],\\\"customProperty\\\":[{\\\"产地\\\":\\\"昆明\\\"}]}\",\"marketable\":\"PUTAWAY\",\"id\":56,\"defaultImg\":448,\"stock\":199,\"sales\":0,\"name\":\"情人节\\u201c百合\\u201d专属你我\",\"imgIds\":[448],\"top\":true,\"adminTop\":null,\"integer\":\"0\",\"currentPrice\":0.01,\"shopCategory\":{\"subGoodsCategorys\":null,\"id\":99,\"shop\":null,\"new\":false,\"name\":\"玫瑰\",\"parameters\":null,\"deleted\":false},\"decimal\":\"01\",\"intro\":\"<p>我是测试数据<\\/p><p><img src=\\\"http://121.41.22.252:8080/file/download?view.id=570\\\" _src=\\\"http://121.41.22.252:8080/file/download?view.id=570\\\" style=\\\"\\\"/><\\/p><p><\\/p><p>\\n\\t\\t\\t<\\/p>\",\"new\":false,\"originalPrice\":null,\"auditingStatus\":null,\"topImg\":{\"id\":450,\"new\":false,\"file\":null,\"name\":null,\"datestamp\":null,\"checksum\":null,\"mimeType\":null,\"size\":0},\"firstImg\":448,\"commentTarget\":0,\"topTime\":1453448218000,\"user\":{\"phone\":null,\"loginTime\":null,\"basketShopAmount\":0,\"permission\":{\"permissionIds\":null,\"permissions\":\"\"},\"avatar\":null,\"password\":null,\"registerTime\":null,\"id\":38,\"new\":false,\"confirmPassword\":null,\"parseBirthDate\":null,\"servers\":null,\"administrator\":false,\"roles\":null,\"name\":\"jake\",\"permissions\":\"\",\"active\":false,\"gender\":null,\"login\":false,\"birthDate\":null,\"basketProviderAmount\":0,\"loginName\":\"2502932416@qq.com\"},\"imageIds\":\"448\"}','\0','{\"goodsId\":\"56\",\"price\":\"0.01\",\"quantity\":\"1\",\"remarks\":\"卡片\"}'),(88,85,'{\"createTime\":1453171629000,\"shop\":{\"createTime\":null,\"invoiceRequirementList\":[],\"showCreateTime\":null,\"telephones\":null,\"defaultPhone\":\"jakeruan:18616910037\",\"othersObj\":{\"floristsResume\":null,\"managementField\":null,\"surroundingEnvironment\":null,\"legalRepresentResume\":null,\"businessConcept\":null},\"sendArea\":\"东至东大街,西至西稍门,南至南窑头,北至北大街,三环以内皆可免费配送,不在以上范围内，每5公里加收10元\",\"bankOfDeposit\":null,\"postage\":0,\"city\":null,\"creator\":null,\"id\":43,\"enterpriseType\":null,\"area\":null,\"tradingTypeList\":null,\"tradingType\":\"\",\"name\":\"测试数\",\"province\":null,\"alipayAccount\":null,\"tradingTypeId\":null,\"profile\":null,\"mobilephones\":\"[{\\\"key\\\":\\\"jakeruan\\\",\\\"value\\\":\\\"18616910037\\\",\\\"flag\\\":true},{\\\"key\\\":\\\"egs\\\",\\\"value\\\":\\\"18616910037\\\",\\\"flag\\\":true}]\",\"logo\":null,\"others\":null,\"adminTop\":null,\"deleted\":false,\"new\":false,\"cardHolder\":null,\"address\":\"我是测试地址\",\"legalRepresent\":null,\"alipayName\":null,\"theMobilePhone\":\"18616910037\",\"invoiceRequirement\":null,\"cardNumber\":null},\"goodsCategory\":{\"subGoodsCategorys\":null,\"id\":101,\"shop\":null,\"new\":false,\"name\":\"鲜切花\",\"parameters\":null,\"deleted\":false},\"productsParams\":[{\"id\":0,\"new\":true,\"value\":\"爱意表达\",\"key\":\"适用场景\"},{\"id\":0,\"new\":true,\"value\":\"爱人\",\"key\":\"适用对象\"},{\"id\":0,\"new\":true,\"value\":\"情人节\",\"key\":\"适用节日\"},{\"id\":0,\"new\":true,\"value\":\"九子花饰\",\"key\":\"品牌\"},{\"id\":0,\"new\":true,\"value\":\"昆明\",\"key\":\"产地\"},{\"id\":0,\"new\":true,\"value\":\"个个\",\"key\":\"个个\"}],\"customProperty\":\"{\\\"option\\\":[{\\\"name\\\":\\\"适用场景\\\",\\\"type\\\":\\\"1\\\",\\\"options\\\":\\\"爱意表达,祝福,求婚,友情,周年纪念,探望,道歉,婚礼,商务\\\"},{\\\"name\\\":\\\"适用对象\\\",\\\"type\\\":\\\"1\\\",\\\"options\\\":\\\"爱人,朋友,老师,领导/长辈,客户,病人\\\"},{\\\"name\\\":\\\"适用节日\\\",\\\"type\\\":\\\"1\\\",\\\"options\\\":\\\"情人节,圣诞节,七夕,3.8妇女节,母亲节,白色情人节,教师节,感恩节,春节,元旦,父亲节,中秋节,建军节,清明\\\"},{\\\"name\\\":\\\"品牌\\\",\\\"type\\\":\\\"1\\\",\\\"options\\\":\\\"九子花饰,其他\\\"}],\\\"optionProperty\\\":[{\\\"适用场景\\\":\\\"爱意表达\\\"},{\\\"适用对象\\\":\\\"爱人\\\"},{\\\"适用节日\\\":\\\"情人节\\\"},{\\\"品牌\\\":\\\"九子花饰\\\"}],\\\"customProperty\\\":[{\\\"产地\\\":\\\"昆明\\\"},{\\\"个个\\\":\\\"个个\\\"}]}\",\"marketable\":\"PUTAWAY\",\"id\":50,\"defaultImg\":442,\"stock\":222,\"sales\":0,\"name\":\"kiro jake\",\"imgIds\":[442,443,444],\"top\":true,\"adminTop\":null,\"integer\":\"1\",\"currentPrice\":1,\"shopCategory\":{\"subGoodsCategorys\":null,\"id\":99,\"shop\":null,\"new\":false,\"name\":\"玫瑰\",\"parameters\":null,\"deleted\":false},\"decimal\":\"00\",\"intro\":\"<h3 style=\\\"margin-top: 10px;margin-right: 0px;margin-left: 0px;padding: 0px;line-height: 1.35;color: rgb(33, 33, 33);font-size: 13px;font-weight: lighter;font-family: &#39;Times New Roman&#39;, &#39;Microsoft YaHei&#39;, Times, serif, simhei;border-bottom-width: 1px;border-bottom-style: solid;border-bottom-color: black;height: 35px\\\">推荐理由<span style=\\\";padding: 0px;clear: both;width: 270px;height: 0px;display: block\\\">STYLE NOTES<\\/span><\\/h3><p style=\\\"margin-top: 0px;margin-bottom: 0px;padding: 0px;list-style: none;color: rgb(130, 130, 130)\\\"><\\/p><p style=\\\"margin-top: 0px;margin-bottom: 0px;padding: 0px;list-style: none;color: rgb(130, 130, 130);font-size: 13.3333px\\\"><span style=\\\";padding: 0px\\\">2016<\\/span><span style=\\\";padding: 0px\\\">年情人节，野兽派获得日本樱桃小丸子官方授权，推出史上最性感的小丸子和她的女同学们！头顶章鱼，戴着牡蛎，<\\/span><span style=\\\";padding: 0px\\\">机灵慧黠<\\/span><span style=\\\";padding: 0px\\\">的可爱。<\\/span><\\/p><p style=\\\"margin-top: 0px;margin-bottom: 0px;padding: 0px;list-style: none;color: rgb(130, 130, 130);font-size: 13.3333px\\\">&nbsp;<\\/p><p style=\\\"margin-top: 0px;margin-bottom: 0px;padding: 0px;list-style: none;color: rgb(130, 130, 130);font-size: 13.3333px\\\"><span style=\\\";padding: 0px\\\">特别设计的复古陶瓷托盘配时髦的粉晶色、静谧蓝，放在床头或桌面，既可做永生花托盘摆放欣赏，也可以存放戒指等首饰小物。<\\/span><\\/p><p style=\\\"margin-top: 0px;margin-bottom: 0px;padding: 0px;list-style: none;color: rgb(130, 130, 130);font-size: 13.3333px\\\"><span style=\\\";padding: 0px\\\">立体的动物造型则希望你拥有最纯粹的爱，或温柔长吻的喵们，或霸道激吻的长耳兔，肆无忌惮爱得热烈。<\\/span><\\/p><p style=\\\"margin-top: 0px;margin-bottom: 0px;padding: 0px;list-style: none;color: rgb(130, 130, 130);font-size: 13.3333px\\\"><span style=\\\";padding: 0px\\\">我们选择了奥斯汀玫瑰为主的进口永生花花材，寓意永久守护的爱。沉醉在花丛中，甜蜜在心间。<\\/span><\\/p><p style=\\\"margin-top: 0px;margin-bottom: 0px;padding: 0px;list-style: none;color: rgb(130, 130, 130)\\\"><\\/p><h3 style=\\\"margin-top: 10px;margin-right: 0px;margin-left: 0px;padding: 0px;line-height: 1.35;color: rgb(33, 33, 33);font-size: 13px;font-weight: lighter;font-family: &#39;Times New Roman&#39;, &#39;Microsoft YaHei&#39;, Times, serif, simhei;border-bottom-width: 1px;border-bottom-style: solid;border-bottom-color: black;height: 35px\\\">保养说明<span style=\\\";padding: 0px;clear: both;width: 270px;height: 0px;display: block\\\">CARING<\\/span><\\/h3><p style=\\\"margin-top: 0px;margin-bottom: 0px;padding: 0px;list-style: none;color: rgb(130, 130, 130)\\\">保养须知：勿浇水或经常用手触碰，勿放置室外。勿太阳直晒。如蒙上灰尘，用吹风机冷风，将灰尘轻轻吹掉。如室内潮湿，请勿将花材长时间暴露在空气中。 特别说明：南方潮湿地区干花可能会发霉，建议潮湿天气时注意放在干燥环境。永生花在运输过程中，可能会出现少数花瓣碎裂的情况，这是正常现象，可用修眉小剪刀将花瓣边缘修剪整齐。<\\/p><p><br/><\\/p>\",\"new\":false,\"originalPrice\":null,\"auditingStatus\":null,\"topImg\":{\"id\":445,\"new\":false,\"file\":null,\"name\":null,\"datestamp\":null,\"checksum\":null,\"mimeType\":null,\"size\":0},\"firstImg\":442,\"commentTarget\":0,\"topTime\":1453448195000,\"user\":{\"phone\":null,\"loginTime\":null,\"basketShopAmount\":0,\"permission\":{\"permissionIds\":null,\"permissions\":\"\"},\"avatar\":null,\"password\":null,\"registerTime\":null,\"id\":38,\"new\":false,\"confirmPassword\":null,\"parseBirthDate\":null,\"servers\":null,\"administrator\":false,\"roles\":null,\"name\":\"jake\",\"permissions\":\"\",\"active\":false,\"gender\":null,\"login\":false,\"birthDate\":null,\"basketProviderAmount\":0,\"loginName\":\"2502932416@qq.com\"},\"imageIds\":\"442,443,444\"}','\0','{\"goodsId\":\"50\",\"price\":\"1.00\",\"quantity\":\"1\",\"remarks\":\"\"}'),(89,86,'{\"createTime\":1453171629000,\"shop\":{\"createTime\":null,\"invoiceRequirementList\":[],\"showCreateTime\":null,\"telephones\":null,\"defaultPhone\":\"jakeruan:18616910037\",\"othersObj\":{\"floristsResume\":null,\"managementField\":null,\"surroundingEnvironment\":null,\"legalRepresentResume\":null,\"businessConcept\":null},\"sendArea\":\"东至东大街,西至西稍门,南至南窑头,北至北大街,三环以内皆可免费配送,不在以上范围内，每5公里加收10元\",\"bankOfDeposit\":null,\"postage\":0,\"city\":null,\"creator\":null,\"id\":43,\"enterpriseType\":null,\"area\":null,\"tradingTypeList\":null,\"tradingType\":\"\",\"name\":\"测试数\",\"province\":null,\"alipayAccount\":null,\"tradingTypeId\":null,\"profile\":null,\"mobilephones\":\"[{\\\"key\\\":\\\"jakeruan\\\",\\\"value\\\":\\\"18616910037\\\",\\\"flag\\\":true},{\\\"key\\\":\\\"egs\\\",\\\"value\\\":\\\"18616910037\\\",\\\"flag\\\":true}]\",\"logo\":null,\"others\":null,\"adminTop\":null,\"deleted\":false,\"new\":false,\"cardHolder\":null,\"address\":\"我是测试地址\",\"legalRepresent\":null,\"alipayName\":null,\"theMobilePhone\":\"18616910037\",\"invoiceRequirement\":null,\"cardNumber\":null},\"goodsCategory\":{\"subGoodsCategorys\":null,\"id\":101,\"shop\":null,\"new\":false,\"name\":\"鲜切花\",\"parameters\":null,\"deleted\":false},\"productsParams\":[{\"id\":0,\"new\":true,\"value\":\"爱意表达\",\"key\":\"适用场景\"},{\"id\":0,\"new\":true,\"value\":\"爱人\",\"key\":\"适用对象\"},{\"id\":0,\"new\":true,\"value\":\"情人节\",\"key\":\"适用节日\"},{\"id\":0,\"new\":true,\"value\":\"九子花饰\",\"key\":\"品牌\"},{\"id\":0,\"new\":true,\"value\":\"昆明\",\"key\":\"产地\"},{\"id\":0,\"new\":true,\"value\":\"个个\",\"key\":\"个个\"}],\"customProperty\":\"{\\\"option\\\":[{\\\"name\\\":\\\"适用场景\\\",\\\"type\\\":\\\"1\\\",\\\"options\\\":\\\"爱意表达,祝福,求婚,友情,周年纪念,探望,道歉,婚礼,商务\\\"},{\\\"name\\\":\\\"适用对象\\\",\\\"type\\\":\\\"1\\\",\\\"options\\\":\\\"爱人,朋友,老师,领导/长辈,客户,病人\\\"},{\\\"name\\\":\\\"适用节日\\\",\\\"type\\\":\\\"1\\\",\\\"options\\\":\\\"情人节,圣诞节,七夕,3.8妇女节,母亲节,白色情人节,教师节,感恩节,春节,元旦,父亲节,中秋节,建军节,清明\\\"},{\\\"name\\\":\\\"品牌\\\",\\\"type\\\":\\\"1\\\",\\\"options\\\":\\\"九子花饰,其他\\\"}],\\\"optionProperty\\\":[{\\\"适用场景\\\":\\\"爱意表达\\\"},{\\\"适用对象\\\":\\\"爱人\\\"},{\\\"适用节日\\\":\\\"情人节\\\"},{\\\"品牌\\\":\\\"九子花饰\\\"}],\\\"customProperty\\\":[{\\\"产地\\\":\\\"昆明\\\"},{\\\"个个\\\":\\\"个个\\\"}]}\",\"marketable\":\"PUTAWAY\",\"id\":50,\"defaultImg\":442,\"stock\":221,\"sales\":0,\"name\":\"kiro jake\",\"imgIds\":[442,443,444],\"top\":true,\"adminTop\":null,\"integer\":\"1\",\"currentPrice\":1,\"shopCategory\":{\"subGoodsCategorys\":null,\"id\":99,\"shop\":null,\"new\":false,\"name\":\"玫瑰\",\"parameters\":null,\"deleted\":false},\"decimal\":\"00\",\"intro\":\"<h3 style=\\\"margin-top: 10px;margin-right: 0px;margin-left: 0px;padding: 0px;line-height: 1.35;color: rgb(33, 33, 33);font-size: 13px;font-weight: lighter;font-family: &#39;Times New Roman&#39;, &#39;Microsoft YaHei&#39;, Times, serif, simhei;border-bottom-width: 1px;border-bottom-style: solid;border-bottom-color: black;height: 35px\\\">推荐理由<span style=\\\";padding: 0px;clear: both;width: 270px;height: 0px;display: block\\\">STYLE NOTES<\\/span><\\/h3><p style=\\\"margin-top: 0px;margin-bottom: 0px;padding: 0px;list-style: none;color: rgb(130, 130, 130)\\\"><\\/p><p style=\\\"margin-top: 0px;margin-bottom: 0px;padding: 0px;list-style: none;color: rgb(130, 130, 130);font-size: 13.3333px\\\"><span style=\\\";padding: 0px\\\">2016<\\/span><span style=\\\";padding: 0px\\\">年情人节，野兽派获得日本樱桃小丸子官方授权，推出史上最性感的小丸子和她的女同学们！头顶章鱼，戴着牡蛎，<\\/span><span style=\\\";padding: 0px\\\">机灵慧黠<\\/span><span style=\\\";padding: 0px\\\">的可爱。<\\/span><\\/p><p style=\\\"margin-top: 0px;margin-bottom: 0px;padding: 0px;list-style: none;color: rgb(130, 130, 130);font-size: 13.3333px\\\">&nbsp;<\\/p><p style=\\\"margin-top: 0px;margin-bottom: 0px;padding: 0px;list-style: none;color: rgb(130, 130, 130);font-size: 13.3333px\\\"><span style=\\\";padding: 0px\\\">特别设计的复古陶瓷托盘配时髦的粉晶色、静谧蓝，放在床头或桌面，既可做永生花托盘摆放欣赏，也可以存放戒指等首饰小物。<\\/span><\\/p><p style=\\\"margin-top: 0px;margin-bottom: 0px;padding: 0px;list-style: none;color: rgb(130, 130, 130);font-size: 13.3333px\\\"><span style=\\\";padding: 0px\\\">立体的动物造型则希望你拥有最纯粹的爱，或温柔长吻的喵们，或霸道激吻的长耳兔，肆无忌惮爱得热烈。<\\/span><\\/p><p style=\\\"margin-top: 0px;margin-bottom: 0px;padding: 0px;list-style: none;color: rgb(130, 130, 130);font-size: 13.3333px\\\"><span style=\\\";padding: 0px\\\">我们选择了奥斯汀玫瑰为主的进口永生花花材，寓意永久守护的爱。沉醉在花丛中，甜蜜在心间。<\\/span><\\/p><p style=\\\"margin-top: 0px;margin-bottom: 0px;padding: 0px;list-style: none;color: rgb(130, 130, 130)\\\"><\\/p><h3 style=\\\"margin-top: 10px;margin-right: 0px;margin-left: 0px;padding: 0px;line-height: 1.35;color: rgb(33, 33, 33);font-size: 13px;font-weight: lighter;font-family: &#39;Times New Roman&#39;, &#39;Microsoft YaHei&#39;, Times, serif, simhei;border-bottom-width: 1px;border-bottom-style: solid;border-bottom-color: black;height: 35px\\\">保养说明<span style=\\\";padding: 0px;clear: both;width: 270px;height: 0px;display: block\\\">CARING<\\/span><\\/h3><p style=\\\"margin-top: 0px;margin-bottom: 0px;padding: 0px;list-style: none;color: rgb(130, 130, 130)\\\">保养须知：勿浇水或经常用手触碰，勿放置室外。勿太阳直晒。如蒙上灰尘，用吹风机冷风，将灰尘轻轻吹掉。如室内潮湿，请勿将花材长时间暴露在空气中。 特别说明：南方潮湿地区干花可能会发霉，建议潮湿天气时注意放在干燥环境。永生花在运输过程中，可能会出现少数花瓣碎裂的情况，这是正常现象，可用修眉小剪刀将花瓣边缘修剪整齐。<\\/p><p><br/><\\/p>\",\"new\":false,\"originalPrice\":null,\"auditingStatus\":null,\"topImg\":{\"id\":445,\"new\":false,\"file\":null,\"name\":null,\"datestamp\":null,\"checksum\":null,\"mimeType\":null,\"size\":0},\"firstImg\":442,\"commentTarget\":0,\"topTime\":1453448195000,\"user\":{\"phone\":null,\"loginTime\":null,\"basketShopAmount\":0,\"permission\":{\"permissionIds\":null,\"permissions\":\"\"},\"avatar\":null,\"password\":null,\"registerTime\":null,\"id\":38,\"new\":false,\"confirmPassword\":null,\"parseBirthDate\":null,\"servers\":null,\"administrator\":false,\"roles\":null,\"name\":\"jake\",\"permissions\":\"\",\"active\":false,\"gender\":null,\"login\":false,\"birthDate\":null,\"basketProviderAmount\":0,\"loginName\":\"2502932416@qq.com\"},\"imageIds\":\"442,443,444\"}','\0','{\"goodsId\":\"50\",\"price\":\"1.00\",\"quantity\":\"1\",\"remarks\":\"\"}'),(90,87,'{\"createTime\":1453448176000,\"shop\":{\"createTime\":null,\"invoiceRequirementList\":[],\"showCreateTime\":null,\"telephones\":null,\"defaultPhone\":\"jakeruan:18616910037\",\"othersObj\":{\"floristsResume\":null,\"managementField\":null,\"surroundingEnvironment\":null,\"legalRepresentResume\":null,\"businessConcept\":null},\"sendArea\":\"东至东大街,西至西稍门,南至南窑头,北至北大街,三环以内皆可免费配送,不在以上范围内，每5公里加收10元\",\"bankOfDeposit\":null,\"postage\":0,\"city\":null,\"creator\":null,\"id\":43,\"enterpriseType\":null,\"area\":null,\"tradingTypeList\":null,\"tradingType\":\"\",\"name\":\"测试数\",\"province\":null,\"alipayAccount\":null,\"tradingTypeId\":null,\"profile\":null,\"mobilephones\":\"[{\\\"key\\\":\\\"jakeruan\\\",\\\"value\\\":\\\"18616910037\\\",\\\"flag\\\":true},{\\\"key\\\":\\\"egs\\\",\\\"value\\\":\\\"18616910037\\\",\\\"flag\\\":true}]\",\"logo\":null,\"others\":null,\"adminTop\":null,\"deleted\":false,\"new\":false,\"cardHolder\":null,\"address\":\"我是测试地址\",\"legalRepresent\":null,\"alipayName\":null,\"theMobilePhone\":\"18616910037\",\"invoiceRequirement\":null,\"cardNumber\":null},\"goodsCategory\":{\"subGoodsCategorys\":null,\"id\":101,\"shop\":null,\"new\":false,\"name\":\"鲜切花\",\"parameters\":null,\"deleted\":false},\"productsParams\":[{\"id\":0,\"new\":true,\"value\":\"求婚\",\"key\":\"适用场景\"},{\"id\":0,\"new\":true,\"value\":\"爱人\",\"key\":\"适用对象\"},{\"id\":0,\"new\":true,\"value\":\"情人节\",\"key\":\"适用节日\"},{\"id\":0,\"new\":true,\"value\":\"九子花饰\",\"key\":\"品牌\"},{\"id\":0,\"new\":true,\"value\":\"昆明\",\"key\":\"产地\"}],\"customProperty\":\"{\\\"option\\\":[{\\\"name\\\":\\\"适用场景\\\",\\\"type\\\":\\\"1\\\",\\\"options\\\":\\\"爱意表达,祝福,求婚,友情,周年纪念,探望,道歉,婚礼,商务\\\"},{\\\"name\\\":\\\"适用对象\\\",\\\"type\\\":\\\"1\\\",\\\"options\\\":\\\"爱人,朋友,老师,领导/长辈,客户,病人\\\"},{\\\"name\\\":\\\"适用节日\\\",\\\"type\\\":\\\"1\\\",\\\"options\\\":\\\"情人节,圣诞节,七夕,3.8妇女节,母亲节,白色情人节,教师节,感恩节,春节,元旦,父亲节,中秋节,建军节,清明\\\"},{\\\"name\\\":\\\"品牌\\\",\\\"type\\\":\\\"1\\\",\\\"options\\\":\\\"九子花饰,其他\\\"}],\\\"optionProperty\\\":[{\\\"适用场景\\\":\\\"求婚\\\"},{\\\"适用对象\\\":\\\"爱人\\\"},{\\\"适用节日\\\":\\\"情人节\\\"},{\\\"品牌\\\":\\\"九子花饰\\\"}],\\\"customProperty\\\":[{\\\"产地\\\":\\\"昆明\\\"}]}\",\"marketable\":\"PUTAWAY\",\"id\":56,\"defaultImg\":448,\"stock\":201,\"sales\":0,\"name\":\"情人节\\u201c百合\\u201d专属你我\",\"imgIds\":[448],\"top\":true,\"adminTop\":null,\"integer\":\"0\",\"currentPrice\":0.01,\"shopCategory\":{\"subGoodsCategorys\":null,\"id\":99,\"shop\":null,\"new\":false,\"name\":\"玫瑰\",\"parameters\":null,\"deleted\":false},\"decimal\":\"01\",\"intro\":\"<p>我是测试数据<\\/p><p><img src=\\\"http://121.41.22.252:8080/file/download?view.id=570\\\" _src=\\\"http://121.41.22.252:8080/file/download?view.id=570\\\" style=\\\"\\\"/><\\/p><p><\\/p><p>\\n\\t\\t\\t<\\/p>\",\"new\":false,\"originalPrice\":null,\"auditingStatus\":null,\"topImg\":{\"id\":450,\"new\":false,\"file\":null,\"name\":null,\"datestamp\":null,\"checksum\":null,\"mimeType\":null,\"size\":0},\"firstImg\":448,\"commentTarget\":0,\"topTime\":1453448218000,\"user\":{\"phone\":null,\"loginTime\":null,\"basketShopAmount\":0,\"permission\":{\"permissionIds\":null,\"permissions\":\"\"},\"avatar\":null,\"password\":null,\"registerTime\":null,\"id\":38,\"new\":false,\"confirmPassword\":null,\"parseBirthDate\":null,\"servers\":null,\"administrator\":false,\"roles\":null,\"name\":\"jake\",\"permissions\":\"\",\"active\":false,\"gender\":null,\"login\":false,\"birthDate\":null,\"basketProviderAmount\":0,\"loginName\":\"2502932416@qq.com\"},\"imageIds\":\"448\"}','\0','{\"goodsId\":\"56\",\"price\":\"0.01\",\"quantity\":\"1\",\"remarks\":\"卡片\"}'),(91,88,'{\"createTime\":1453448176000,\"shop\":{\"createTime\":null,\"invoiceRequirementList\":[],\"showCreateTime\":null,\"telephones\":null,\"defaultPhone\":\"jakeruan:18616910037\",\"othersObj\":{\"floristsResume\":null,\"managementField\":null,\"surroundingEnvironment\":null,\"legalRepresentResume\":null,\"businessConcept\":null},\"sendArea\":\"东至东大街,西至西稍门,南至南窑头,北至北大街,三环以内皆可免费配送,不在以上范围内，每5公里加收10元\",\"bankOfDeposit\":null,\"postage\":0,\"city\":null,\"creator\":null,\"id\":43,\"enterpriseType\":null,\"area\":null,\"tradingTypeList\":null,\"tradingType\":\"\",\"name\":\"测试数\",\"province\":null,\"alipayAccount\":null,\"tradingTypeId\":null,\"profile\":null,\"mobilephones\":\"[{\\\"key\\\":\\\"jakeruan\\\",\\\"value\\\":\\\"18616910037\\\",\\\"flag\\\":true},{\\\"key\\\":\\\"egs\\\",\\\"value\\\":\\\"18616910037\\\",\\\"flag\\\":true}]\",\"logo\":null,\"others\":null,\"adminTop\":null,\"deleted\":false,\"new\":false,\"cardHolder\":null,\"address\":\"我是测试地址\",\"legalRepresent\":null,\"alipayName\":null,\"theMobilePhone\":\"18616910037\",\"invoiceRequirement\":null,\"cardNumber\":null},\"goodsCategory\":{\"subGoodsCategorys\":null,\"id\":101,\"shop\":null,\"new\":false,\"name\":\"鲜切花\",\"parameters\":null,\"deleted\":false},\"productsParams\":[{\"id\":0,\"new\":true,\"value\":\"求婚\",\"key\":\"适用场景\"},{\"id\":0,\"new\":true,\"value\":\"爱人\",\"key\":\"适用对象\"},{\"id\":0,\"new\":true,\"value\":\"情人节\",\"key\":\"适用节日\"},{\"id\":0,\"new\":true,\"value\":\"九子花饰\",\"key\":\"品牌\"},{\"id\":0,\"new\":true,\"value\":\"昆明\",\"key\":\"产地\"}],\"customProperty\":\"{\\\"option\\\":[{\\\"name\\\":\\\"适用场景\\\",\\\"type\\\":\\\"1\\\",\\\"options\\\":\\\"爱意表达,祝福,求婚,友情,周年纪念,探望,道歉,婚礼,商务\\\"},{\\\"name\\\":\\\"适用对象\\\",\\\"type\\\":\\\"1\\\",\\\"options\\\":\\\"爱人,朋友,老师,领导/长辈,客户,病人\\\"},{\\\"name\\\":\\\"适用节日\\\",\\\"type\\\":\\\"1\\\",\\\"options\\\":\\\"情人节,圣诞节,七夕,3.8妇女节,母亲节,白色情人节,教师节,感恩节,春节,元旦,父亲节,中秋节,建军节,清明\\\"},{\\\"name\\\":\\\"品牌\\\",\\\"type\\\":\\\"1\\\",\\\"options\\\":\\\"九子花饰,其他\\\"}],\\\"optionProperty\\\":[{\\\"适用场景\\\":\\\"求婚\\\"},{\\\"适用对象\\\":\\\"爱人\\\"},{\\\"适用节日\\\":\\\"情人节\\\"},{\\\"品牌\\\":\\\"九子花饰\\\"}],\\\"customProperty\\\":[{\\\"产地\\\":\\\"昆明\\\"}]}\",\"marketable\":\"PUTAWAY\",\"id\":56,\"defaultImg\":448,\"stock\":200,\"sales\":0,\"name\":\"情人节\\u201c百合\\u201d专属你我\",\"imgIds\":[448],\"top\":true,\"adminTop\":null,\"integer\":\"0\",\"currentPrice\":0.01,\"shopCategory\":{\"subGoodsCategorys\":null,\"id\":99,\"shop\":null,\"new\":false,\"name\":\"玫瑰\",\"parameters\":null,\"deleted\":false},\"decimal\":\"01\",\"intro\":\"<p>我是测试数据<\\/p><p><img src=\\\"http://121.41.22.252:8080/file/download?view.id=570\\\" _src=\\\"http://121.41.22.252:8080/file/download?view.id=570\\\" style=\\\"\\\"/><\\/p><p><\\/p><p>\\n\\t\\t\\t<\\/p>\",\"new\":false,\"originalPrice\":null,\"auditingStatus\":null,\"topImg\":{\"id\":450,\"new\":false,\"file\":null,\"name\":null,\"datestamp\":null,\"checksum\":null,\"mimeType\":null,\"size\":0},\"firstImg\":448,\"commentTarget\":0,\"topTime\":1453448218000,\"user\":{\"phone\":null,\"loginTime\":null,\"basketShopAmount\":0,\"permission\":{\"permissionIds\":null,\"permissions\":\"\"},\"avatar\":null,\"password\":null,\"registerTime\":null,\"id\":38,\"new\":false,\"confirmPassword\":null,\"parseBirthDate\":null,\"servers\":null,\"administrator\":false,\"roles\":null,\"name\":\"jake\",\"permissions\":\"\",\"active\":false,\"gender\":null,\"login\":false,\"birthDate\":null,\"basketProviderAmount\":0,\"loginName\":\"2502932416@qq.com\"},\"imageIds\":\"448\"}','\0','{\"goodsId\":\"56\",\"price\":\"0.01\",\"quantity\":\"1\",\"remarks\":\"卡片\"}'),(92,89,'{\"createTime\":1453448176000,\"shop\":{\"createTime\":null,\"invoiceRequirementList\":[],\"showCreateTime\":null,\"telephones\":null,\"defaultPhone\":\"jakeruan:18616910037\",\"othersObj\":{\"floristsResume\":null,\"managementField\":null,\"surroundingEnvironment\":null,\"legalRepresentResume\":null,\"businessConcept\":null},\"sendArea\":\"东至东大街,西至西稍门,南至南窑头,北至北大街,三环以内皆可免费配送,不在以上范围内，每5公里加收10元\",\"bankOfDeposit\":null,\"postage\":0,\"city\":null,\"creator\":null,\"id\":43,\"enterpriseType\":null,\"area\":null,\"tradingTypeList\":null,\"tradingType\":\"\",\"name\":\"测试数\",\"province\":null,\"alipayAccount\":null,\"tradingTypeId\":null,\"profile\":null,\"mobilephones\":\"[{\\\"key\\\":\\\"jakeruan\\\",\\\"value\\\":\\\"18616910037\\\",\\\"flag\\\":true},{\\\"key\\\":\\\"egs\\\",\\\"value\\\":\\\"18616910037\\\",\\\"flag\\\":true}]\",\"logo\":null,\"others\":null,\"adminTop\":null,\"deleted\":false,\"new\":false,\"cardHolder\":null,\"address\":\"我是测试地址\",\"legalRepresent\":null,\"alipayName\":null,\"theMobilePhone\":\"18616910037\",\"invoiceRequirement\":null,\"cardNumber\":null},\"goodsCategory\":{\"subGoodsCategorys\":null,\"id\":101,\"shop\":null,\"new\":false,\"name\":\"鲜切花\",\"parameters\":null,\"deleted\":false},\"productsParams\":[{\"id\":0,\"new\":true,\"value\":\"求婚\",\"key\":\"适用场景\"},{\"id\":0,\"new\":true,\"value\":\"爱人\",\"key\":\"适用对象\"},{\"id\":0,\"new\":true,\"value\":\"情人节\",\"key\":\"适用节日\"},{\"id\":0,\"new\":true,\"value\":\"九子花饰\",\"key\":\"品牌\"},{\"id\":0,\"new\":true,\"value\":\"昆明\",\"key\":\"产地\"}],\"customProperty\":\"{\\\"option\\\":[{\\\"name\\\":\\\"适用场景\\\",\\\"type\\\":\\\"1\\\",\\\"options\\\":\\\"爱意表达,祝福,求婚,友情,周年纪念,探望,道歉,婚礼,商务\\\"},{\\\"name\\\":\\\"适用对象\\\",\\\"type\\\":\\\"1\\\",\\\"options\\\":\\\"爱人,朋友,老师,领导/长辈,客户,病人\\\"},{\\\"name\\\":\\\"适用节日\\\",\\\"type\\\":\\\"1\\\",\\\"options\\\":\\\"情人节,圣诞节,七夕,3.8妇女节,母亲节,白色情人节,教师节,感恩节,春节,元旦,父亲节,中秋节,建军节,清明\\\"},{\\\"name\\\":\\\"品牌\\\",\\\"type\\\":\\\"1\\\",\\\"options\\\":\\\"九子花饰,其他\\\"}],\\\"optionProperty\\\":[{\\\"适用场景\\\":\\\"求婚\\\"},{\\\"适用对象\\\":\\\"爱人\\\"},{\\\"适用节日\\\":\\\"情人节\\\"},{\\\"品牌\\\":\\\"九子花饰\\\"}],\\\"customProperty\\\":[{\\\"产地\\\":\\\"昆明\\\"}]}\",\"marketable\":\"PUTAWAY\",\"id\":56,\"defaultImg\":448,\"stock\":200,\"sales\":0,\"name\":\"情人节\\u201c百合\\u201d专属你我\",\"imgIds\":[448],\"top\":true,\"adminTop\":null,\"integer\":\"0\",\"currentPrice\":0.01,\"shopCategory\":{\"subGoodsCategorys\":null,\"id\":99,\"shop\":null,\"new\":false,\"name\":\"玫瑰\",\"parameters\":null,\"deleted\":false},\"decimal\":\"01\",\"intro\":\"<p>我是测试数据<\\/p><p><img src=\\\"http://121.41.22.252:8080/file/download?view.id=570\\\" _src=\\\"http://121.41.22.252:8080/file/download?view.id=570\\\" style=\\\"\\\"/><\\/p><p><\\/p><p>\\n\\t\\t\\t<\\/p>\",\"new\":false,\"originalPrice\":null,\"auditingStatus\":null,\"topImg\":{\"id\":450,\"new\":false,\"file\":null,\"name\":null,\"datestamp\":null,\"checksum\":null,\"mimeType\":null,\"size\":0},\"firstImg\":448,\"commentTarget\":0,\"topTime\":1453448218000,\"user\":{\"phone\":null,\"loginTime\":null,\"basketShopAmount\":0,\"permission\":{\"permissionIds\":null,\"permissions\":\"\"},\"avatar\":null,\"password\":null,\"registerTime\":null,\"id\":38,\"new\":false,\"confirmPassword\":null,\"parseBirthDate\":null,\"servers\":null,\"administrator\":false,\"roles\":null,\"name\":\"jake\",\"permissions\":\"\",\"active\":false,\"gender\":null,\"login\":false,\"birthDate\":null,\"basketProviderAmount\":0,\"loginName\":\"2502932416@qq.com\"},\"imageIds\":\"448\"}','\0','{\"goodsId\":\"56\",\"price\":\"0.01\",\"quantity\":\"1\",\"remarks\":\"\"}'),(93,90,'{\"createTime\":1453448176000,\"shop\":{\"createTime\":null,\"invoiceRequirementList\":[],\"showCreateTime\":null,\"telephones\":null,\"defaultPhone\":\"jakeruan:18616910037\",\"othersObj\":{\"floristsResume\":null,\"managementField\":null,\"surroundingEnvironment\":null,\"legalRepresentResume\":null,\"businessConcept\":null},\"sendArea\":\"东至东大街,西至西稍门,南至南窑头,北至北大街,三环以内皆可免费配送,不在以上范围内，每5公里加收10元\",\"bankOfDeposit\":null,\"postage\":0,\"city\":null,\"creator\":null,\"id\":43,\"enterpriseType\":null,\"area\":null,\"tradingTypeList\":null,\"tradingType\":\"\",\"name\":\"测试数\",\"province\":null,\"alipayAccount\":null,\"tradingTypeId\":null,\"profile\":null,\"mobilephones\":\"[{\\\"key\\\":\\\"jakeruan\\\",\\\"value\\\":\\\"18616910037\\\",\\\"flag\\\":true},{\\\"key\\\":\\\"egs\\\",\\\"value\\\":\\\"18616910037\\\",\\\"flag\\\":true}]\",\"logo\":null,\"others\":null,\"adminTop\":null,\"deleted\":false,\"new\":false,\"cardHolder\":null,\"address\":\"我是测试地址\",\"legalRepresent\":null,\"alipayName\":null,\"theMobilePhone\":\"18616910037\",\"invoiceRequirement\":null,\"cardNumber\":null},\"goodsCategory\":{\"subGoodsCategorys\":null,\"id\":101,\"shop\":null,\"new\":false,\"name\":\"鲜切花\",\"parameters\":null,\"deleted\":false},\"productsParams\":[{\"id\":0,\"new\":true,\"value\":\"求婚\",\"key\":\"适用场景\"},{\"id\":0,\"new\":true,\"value\":\"爱人\",\"key\":\"适用对象\"},{\"id\":0,\"new\":true,\"value\":\"情人节\",\"key\":\"适用节日\"},{\"id\":0,\"new\":true,\"value\":\"九子花饰\",\"key\":\"品牌\"},{\"id\":0,\"new\":true,\"value\":\"昆明\",\"key\":\"产地\"}],\"customProperty\":\"{\\\"option\\\":[{\\\"name\\\":\\\"适用场景\\\",\\\"type\\\":\\\"1\\\",\\\"options\\\":\\\"爱意表达,祝福,求婚,友情,周年纪念,探望,道歉,婚礼,商务\\\"},{\\\"name\\\":\\\"适用对象\\\",\\\"type\\\":\\\"1\\\",\\\"options\\\":\\\"爱人,朋友,老师,领导/长辈,客户,病人\\\"},{\\\"name\\\":\\\"适用节日\\\",\\\"type\\\":\\\"1\\\",\\\"options\\\":\\\"情人节,圣诞节,七夕,3.8妇女节,母亲节,白色情人节,教师节,感恩节,春节,元旦,父亲节,中秋节,建军节,清明\\\"},{\\\"name\\\":\\\"品牌\\\",\\\"type\\\":\\\"1\\\",\\\"options\\\":\\\"九子花饰,其他\\\"}],\\\"optionProperty\\\":[{\\\"适用场景\\\":\\\"求婚\\\"},{\\\"适用对象\\\":\\\"爱人\\\"},{\\\"适用节日\\\":\\\"情人节\\\"},{\\\"品牌\\\":\\\"九子花饰\\\"}],\\\"customProperty\\\":[{\\\"产地\\\":\\\"昆明\\\"}]}\",\"marketable\":\"PUTAWAY\",\"id\":56,\"defaultImg\":448,\"stock\":199,\"sales\":0,\"name\":\"情人节\\u201c百合\\u201d专属你我\",\"imgIds\":[448],\"top\":true,\"adminTop\":null,\"integer\":\"0\",\"currentPrice\":0.01,\"shopCategory\":{\"subGoodsCategorys\":null,\"id\":99,\"shop\":null,\"new\":false,\"name\":\"玫瑰\",\"parameters\":null,\"deleted\":false},\"decimal\":\"01\",\"intro\":\"<p>我是测试数据<\\/p><p><img src=\\\"http://121.41.22.252:8080/file/download?view.id=570\\\" _src=\\\"http://121.41.22.252:8080/file/download?view.id=570\\\" style=\\\"\\\"/><\\/p><p><\\/p><p>\\n\\t\\t\\t<\\/p>\",\"new\":false,\"originalPrice\":null,\"auditingStatus\":null,\"topImg\":{\"id\":450,\"new\":false,\"file\":null,\"name\":null,\"datestamp\":null,\"checksum\":null,\"mimeType\":null,\"size\":0},\"firstImg\":448,\"commentTarget\":0,\"topTime\":1453448218000,\"user\":{\"phone\":null,\"loginTime\":null,\"basketShopAmount\":0,\"permission\":{\"permissionIds\":null,\"permissions\":\"\"},\"avatar\":null,\"password\":null,\"registerTime\":null,\"id\":38,\"new\":false,\"confirmPassword\":null,\"parseBirthDate\":null,\"servers\":null,\"administrator\":false,\"roles\":null,\"name\":\"jake\",\"permissions\":\"\",\"active\":false,\"gender\":null,\"login\":false,\"birthDate\":null,\"basketProviderAmount\":0,\"loginName\":\"2502932416@qq.com\"},\"imageIds\":\"448\"}','\0','{\"goodsId\":\"56\",\"price\":\"0.01\",\"quantity\":\"1\",\"remarks\":\"卡片\"}'),(94,91,'{\"createTime\":1456826101000,\"shop\":{\"createTime\":null,\"invoiceRequirementList\":[],\"showCreateTime\":null,\"telephones\":null,\"defaultPhone\":\"111:18700186031\",\"othersObj\":{\"floristsResume\":null,\"managementField\":null,\"surroundingEnvironment\":null,\"legalRepresentResume\":null,\"businessConcept\":null},\"sendArea\":\"雁塔区，长安区\",\"bankOfDeposit\":null,\"postage\":5,\"city\":null,\"creator\":null,\"id\":46,\"enterpriseType\":null,\"area\":null,\"tradingTypeList\":null,\"tradingType\":\"\",\"name\":\"爱鲜花\",\"province\":null,\"alipayAccount\":null,\"tradingTypeId\":null,\"profile\":null,\"mobilephones\":\"[{\\\"key\\\":\\\"111\\\",\\\"value\\\":\\\"18700186031\\\",\\\"flag\\\":true}]\",\"logo\":null,\"others\":null,\"adminTop\":null,\"deleted\":false,\"new\":false,\"cardHolder\":null,\"address\":\"1111111111111\",\"legalRepresent\":null,\"alipayName\":null,\"theMobilePhone\":\"18700186031\",\"invoiceRequirement\":null,\"cardNumber\":null},\"goodsCategory\":{\"subGoodsCategorys\":null,\"id\":101,\"shop\":null,\"new\":false,\"name\":\"鲜切花\",\"parameters\":null,\"deleted\":false},\"productsParams\":[{\"id\":0,\"new\":true,\"value\":\"爱意表达\",\"key\":\"适用场景\"},{\"id\":0,\"new\":true,\"value\":\"爱人\",\"key\":\"适用对象\"},{\"id\":0,\"new\":true,\"value\":\"情人节\",\"key\":\"适用节日\"},{\"id\":0,\"new\":true,\"value\":\"九子花饰\",\"key\":\"品牌\"},{\"id\":0,\"new\":true,\"value\":\"111\",\"key\":\"幼儿园\"}],\"customProperty\":\"{\\\"option\\\":[{\\\"name\\\":\\\"适用场景\\\",\\\"type\\\":\\\"1\\\",\\\"options\\\":\\\"爱意表达,祝福,求婚,友情,周年纪念,探望,道歉,婚礼,商务\\\"},{\\\"name\\\":\\\"适用对象\\\",\\\"type\\\":\\\"1\\\",\\\"options\\\":\\\"爱人,朋友,老师,领导/长辈,客户,病人\\\"},{\\\"name\\\":\\\"适用节日\\\",\\\"type\\\":\\\"1\\\",\\\"options\\\":\\\"情人节,圣诞节,七夕,3.8妇女节,母亲节,白色情人节,教师节,感恩节,春节,元旦,父亲节,中秋节,建军节,清明\\\"},{\\\"name\\\":\\\"品牌\\\",\\\"type\\\":\\\"1\\\",\\\"options\\\":\\\"九子花饰,其他\\\"}],\\\"optionProperty\\\":[{\\\"适用场景\\\":\\\"爱意表达\\\"},{\\\"适用对象\\\":\\\"爱人\\\"},{\\\"适用节日\\\":\\\"情人节\\\"},{\\\"品牌\\\":\\\"九子花饰\\\"}],\\\"customProperty\\\":[{\\\"幼儿园\\\":\\\"111\\\"}]}\",\"marketable\":\"PUTAWAY\",\"id\":60,\"defaultImg\":603,\"stock\":100,\"sales\":0,\"name\":\"玫瑰\",\"imgIds\":[603],\"top\":false,\"adminTop\":null,\"integer\":\"131\",\"currentPrice\":131.4,\"shopCategory\":null,\"decimal\":\"40\",\"intro\":\"<p>1111111<\\/p><p>\\n\\t\\t\\t<\\/p>\",\"new\":false,\"originalPrice\":null,\"auditingStatus\":null,\"topImg\":{\"id\":605,\"new\":false,\"file\":null,\"name\":null,\"datestamp\":null,\"checksum\":null,\"mimeType\":null,\"size\":0},\"firstImg\":603,\"commentTarget\":0,\"topTime\":null,\"user\":{\"phone\":null,\"loginTime\":null,\"basketShopAmount\":0,\"permission\":{\"permissionIds\":null,\"permissions\":\"\"},\"avatar\":null,\"password\":null,\"registerTime\":null,\"id\":50,\"new\":false,\"confirmPassword\":null,\"parseBirthDate\":null,\"servers\":null,\"administrator\":false,\"roles\":null,\"name\":\"lucky\",\"permissions\":\"\",\"active\":false,\"gender\":null,\"login\":false,\"birthDate\":null,\"basketProviderAmount\":0,\"loginName\":\"18700186031\"},\"imageIds\":\"603\"}','\0','{\"goodsId\":\"60\",\"price\":\"131.40\",\"quantity\":\"1\",\"remarks\":\"\"}'),(95,92,'{\"createTime\":1456912242000,\"shop\":{\"createTime\":null,\"invoiceRequirementList\":[],\"showCreateTime\":null,\"telephones\":null,\"defaultPhone\":\"111:18700186031\",\"othersObj\":{\"floristsResume\":null,\"managementField\":null,\"surroundingEnvironment\":null,\"legalRepresentResume\":null,\"businessConcept\":null},\"sendArea\":\"雁塔区，长安区\",\"bankOfDeposit\":null,\"postage\":0,\"city\":null,\"creator\":null,\"id\":46,\"enterpriseType\":null,\"area\":null,\"tradingTypeList\":null,\"tradingType\":\"\",\"name\":\"爱鲜花\",\"province\":null,\"alipayAccount\":null,\"tradingTypeId\":null,\"profile\":null,\"mobilephones\":\"[{\\\"key\\\":\\\"111\\\",\\\"value\\\":\\\"18700186031\\\",\\\"flag\\\":true}]\",\"logo\":null,\"others\":null,\"adminTop\":null,\"deleted\":false,\"new\":false,\"cardHolder\":null,\"address\":\"1111111111111\",\"legalRepresent\":null,\"alipayName\":null,\"theMobilePhone\":\"18700186031\",\"invoiceRequirement\":null,\"cardNumber\":null},\"goodsCategory\":{\"subGoodsCategorys\":null,\"id\":113,\"shop\":null,\"new\":false,\"name\":\"鲜花\",\"parameters\":null,\"deleted\":false},\"productsParams\":[{\"id\":0,\"new\":true,\"value\":\"111\",\"key\":\"111\"}],\"customProperty\":\"{\\\"option\\\":\\\"\\\",\\\"optionProperty\\\":[],\\\"customProperty\\\":[{\\\"111\\\":\\\"111\\\"}]}\",\"marketable\":\"PUTAWAY\",\"id\":63,\"defaultImg\":628,\"stock\":1,\"sales\":0,\"name\":\"111\",\"imgIds\":[628],\"top\":true,\"adminTop\":null,\"integer\":\"0\",\"currentPrice\":0.01,\"shopCategory\":{\"subGoodsCategorys\":null,\"id\":112,\"shop\":null,\"new\":false,\"name\":\"鲜花\",\"parameters\":null,\"deleted\":false},\"decimal\":\"01\",\"intro\":\"1111<p>\\n\\t\\t\\t<\\/p>\",\"new\":false,\"originalPrice\":null,\"auditingStatus\":null,\"topImg\":{\"id\":629,\"new\":false,\"file\":null,\"name\":null,\"datestamp\":null,\"checksum\":null,\"mimeType\":null,\"size\":0},\"firstImg\":628,\"commentTarget\":0,\"topTime\":1456912615000,\"user\":{\"phone\":null,\"loginTime\":null,\"basketShopAmount\":0,\"permission\":{\"permissionIds\":null,\"permissions\":\"\"},\"avatar\":null,\"password\":null,\"registerTime\":null,\"id\":50,\"new\":false,\"confirmPassword\":null,\"parseBirthDate\":null,\"servers\":null,\"administrator\":false,\"roles\":null,\"name\":\"lucky\",\"permissions\":\"\",\"active\":false,\"gender\":null,\"login\":false,\"birthDate\":null,\"basketProviderAmount\":0,\"loginName\":\"18700186031\"},\"imageIds\":\"628\"}','\0','{\"goodsId\":\"63\",\"price\":\"0.01\",\"quantity\":\"1\",\"remarks\":\"1111\"}'),(96,93,'{\"createTime\":1453171629000,\"shop\":{\"createTime\":null,\"invoiceRequirementList\":[],\"showCreateTime\":null,\"telephones\":null,\"defaultPhone\":\"jakeruan:18616910037\",\"othersObj\":{\"floristsResume\":null,\"managementField\":null,\"surroundingEnvironment\":null,\"legalRepresentResume\":null,\"businessConcept\":null},\"sendArea\":\"东至东大街,西至西稍门,南至南窑头,北至北大街,三环以内皆可免费配送,不在以上范围内，每5公里加收10元\",\"bankOfDeposit\":null,\"postage\":0,\"city\":null,\"creator\":null,\"id\":43,\"enterpriseType\":null,\"area\":null,\"tradingTypeList\":null,\"tradingType\":\"\",\"name\":\"测试数\",\"province\":null,\"alipayAccount\":null,\"tradingTypeId\":null,\"profile\":null,\"mobilephones\":\"[{\\\"key\\\":\\\"jakeruan\\\",\\\"value\\\":\\\"18616910037\\\",\\\"flag\\\":true},{\\\"key\\\":\\\"egs\\\",\\\"value\\\":\\\"18616910037\\\",\\\"flag\\\":true}]\",\"logo\":null,\"others\":null,\"adminTop\":null,\"deleted\":false,\"new\":false,\"cardHolder\":null,\"address\":\"我是测试地址\",\"legalRepresent\":null,\"alipayName\":null,\"theMobilePhone\":\"18616910037\",\"invoiceRequirement\":null,\"cardNumber\":null},\"goodsCategory\":{\"subGoodsCategorys\":null,\"id\":101,\"shop\":null,\"new\":false,\"name\":\"鲜切花\",\"parameters\":null,\"deleted\":false},\"productsParams\":[{\"id\":0,\"new\":true,\"value\":\"爱意表达\",\"key\":\"适用场景\"},{\"id\":0,\"new\":true,\"value\":\"爱人\",\"key\":\"适用对象\"},{\"id\":0,\"new\":true,\"value\":\"情人节\",\"key\":\"适用节日\"},{\"id\":0,\"new\":true,\"value\":\"九子花饰\",\"key\":\"品牌\"},{\"id\":0,\"new\":true,\"value\":\"昆明\",\"key\":\"产地\"},{\"id\":0,\"new\":true,\"value\":\"个个\",\"key\":\"个个\"}],\"customProperty\":\"{\\\"option\\\":[{\\\"name\\\":\\\"适用场景\\\",\\\"type\\\":\\\"1\\\",\\\"options\\\":\\\"爱意表达,祝福,求婚,友情,周年纪念,探望,道歉,婚礼,商务\\\"},{\\\"name\\\":\\\"适用对象\\\",\\\"type\\\":\\\"1\\\",\\\"options\\\":\\\"爱人,朋友,老师,领导/长辈,客户,病人\\\"},{\\\"name\\\":\\\"适用节日\\\",\\\"type\\\":\\\"1\\\",\\\"options\\\":\\\"情人节,圣诞节,七夕,3.8妇女节,母亲节,白色情人节,教师节,感恩节,春节,元旦,父亲节,中秋节,建军节,清明\\\"},{\\\"name\\\":\\\"品牌\\\",\\\"type\\\":\\\"1\\\",\\\"options\\\":\\\"九子花饰,其他\\\"}],\\\"optionProperty\\\":[{\\\"适用场景\\\":\\\"爱意表达\\\"},{\\\"适用对象\\\":\\\"爱人\\\"},{\\\"适用节日\\\":\\\"情人节\\\"},{\\\"品牌\\\":\\\"九子花饰\\\"}],\\\"customProperty\\\":[{\\\"产地\\\":\\\"昆明\\\"},{\\\"个个\\\":\\\"个个\\\"}]}\",\"marketable\":\"PUTAWAY\",\"id\":50,\"defaultImg\":442,\"stock\":221,\"sales\":0,\"name\":\"kiro jake\",\"imgIds\":[442,443,444],\"top\":true,\"adminTop\":null,\"integer\":\"1\",\"currentPrice\":1,\"shopCategory\":{\"subGoodsCategorys\":null,\"id\":99,\"shop\":null,\"new\":false,\"name\":\"玫瑰\",\"parameters\":null,\"deleted\":false},\"decimal\":\"00\",\"intro\":\"<h3 style=\\\"margin-top: 10px;margin-right: 0px;margin-left: 0px;padding: 0px;line-height: 1.35;color: rgb(33, 33, 33);font-size: 13px;font-weight: lighter;font-family: &#39;Times New Roman&#39;, &#39;Microsoft YaHei&#39;, Times, serif, simhei;border-bottom-width: 1px;border-bottom-style: solid;border-bottom-color: black;height: 35px\\\">推荐理由<span style=\\\";padding: 0px;clear: both;width: 270px;height: 0px;display: block\\\">STYLE NOTES<\\/span><\\/h3><p style=\\\"margin-top: 0px;margin-bottom: 0px;padding: 0px;list-style: none;color: rgb(130, 130, 130)\\\"><\\/p><p style=\\\"margin-top: 0px;margin-bottom: 0px;padding: 0px;list-style: none;color: rgb(130, 130, 130);font-size: 13.3333px\\\"><span style=\\\";padding: 0px\\\">2016<\\/span><span style=\\\";padding: 0px\\\">年情人节，野兽派获得日本樱桃小丸子官方授权，推出史上最性感的小丸子和她的女同学们！头顶章鱼，戴着牡蛎，<\\/span><span style=\\\";padding: 0px\\\">机灵慧黠<\\/span><span style=\\\";padding: 0px\\\">的可爱。<\\/span><\\/p><p style=\\\"margin-top: 0px;margin-bottom: 0px;padding: 0px;list-style: none;color: rgb(130, 130, 130);font-size: 13.3333px\\\">&nbsp;<\\/p><p style=\\\"margin-top: 0px;margin-bottom: 0px;padding: 0px;list-style: none;color: rgb(130, 130, 130);font-size: 13.3333px\\\"><span style=\\\";padding: 0px\\\">特别设计的复古陶瓷托盘配时髦的粉晶色、静谧蓝，放在床头或桌面，既可做永生花托盘摆放欣赏，也可以存放戒指等首饰小物。<\\/span><\\/p><p style=\\\"margin-top: 0px;margin-bottom: 0px;padding: 0px;list-style: none;color: rgb(130, 130, 130);font-size: 13.3333px\\\"><span style=\\\";padding: 0px\\\">立体的动物造型则希望你拥有最纯粹的爱，或温柔长吻的喵们，或霸道激吻的长耳兔，肆无忌惮爱得热烈。<\\/span><\\/p><p style=\\\"margin-top: 0px;margin-bottom: 0px;padding: 0px;list-style: none;color: rgb(130, 130, 130);font-size: 13.3333px\\\"><span style=\\\";padding: 0px\\\">我们选择了奥斯汀玫瑰为主的进口永生花花材，寓意永久守护的爱。沉醉在花丛中，甜蜜在心间。<\\/span><\\/p><p style=\\\"margin-top: 0px;margin-bottom: 0px;padding: 0px;list-style: none;color: rgb(130, 130, 130)\\\"><\\/p><h3 style=\\\"margin-top: 10px;margin-right: 0px;margin-left: 0px;padding: 0px;line-height: 1.35;color: rgb(33, 33, 33);font-size: 13px;font-weight: lighter;font-family: &#39;Times New Roman&#39;, &#39;Microsoft YaHei&#39;, Times, serif, simhei;border-bottom-width: 1px;border-bottom-style: solid;border-bottom-color: black;height: 35px\\\">保养说明<span style=\\\";padding: 0px;clear: both;width: 270px;height: 0px;display: block\\\">CARING<\\/span><\\/h3><p style=\\\"margin-top: 0px;margin-bottom: 0px;padding: 0px;list-style: none;color: rgb(130, 130, 130)\\\">保养须知：勿浇水或经常用手触碰，勿放置室外。勿太阳直晒。如蒙上灰尘，用吹风机冷风，将灰尘轻轻吹掉。如室内潮湿，请勿将花材长时间暴露在空气中。 特别说明：南方潮湿地区干花可能会发霉，建议潮湿天气时注意放在干燥环境。永生花在运输过程中，可能会出现少数花瓣碎裂的情况，这是正常现象，可用修眉小剪刀将花瓣边缘修剪整齐。<\\/p><p><br/><\\/p>\",\"new\":false,\"originalPrice\":null,\"auditingStatus\":null,\"topImg\":{\"id\":445,\"new\":false,\"file\":null,\"name\":null,\"datestamp\":null,\"checksum\":null,\"mimeType\":null,\"size\":0},\"firstImg\":442,\"commentTarget\":0,\"topTime\":1453448195000,\"user\":{\"phone\":null,\"loginTime\":null,\"basketShopAmount\":0,\"permission\":{\"permissionIds\":null,\"permissions\":\"\"},\"avatar\":null,\"password\":null,\"registerTime\":null,\"id\":38,\"new\":false,\"confirmPassword\":null,\"parseBirthDate\":null,\"servers\":null,\"administrator\":false,\"roles\":null,\"name\":\"jake\",\"permissions\":\"\",\"active\":false,\"gender\":null,\"login\":false,\"birthDate\":null,\"basketProviderAmount\":0,\"loginName\":\"2502932416@qq.com\"},\"imageIds\":\"442,443,444\"}','\0','{\"goodsId\":\"50\",\"price\":\"1.00\",\"quantity\":\"1\",\"remarks\":\"\"}'),(97,94,'{\"createTime\":1453171629000,\"shop\":{\"createTime\":null,\"invoiceRequirementList\":[],\"showCreateTime\":null,\"telephones\":null,\"defaultPhone\":\"jakeruan:18616910037\",\"othersObj\":{\"floristsResume\":null,\"managementField\":null,\"surroundingEnvironment\":null,\"legalRepresentResume\":null,\"businessConcept\":null},\"sendArea\":\"东至东大街,西至西稍门,南至南窑头,北至北大街,三环以内皆可免费配送,不在以上范围内，每5公里加收10元\",\"bankOfDeposit\":null,\"postage\":0,\"city\":null,\"creator\":null,\"id\":43,\"enterpriseType\":null,\"area\":null,\"tradingTypeList\":null,\"tradingType\":\"\",\"name\":\"测试数\",\"province\":null,\"alipayAccount\":null,\"tradingTypeId\":null,\"profile\":null,\"mobilephones\":\"[{\\\"key\\\":\\\"jakeruan\\\",\\\"value\\\":\\\"18616910037\\\",\\\"flag\\\":true},{\\\"key\\\":\\\"egs\\\",\\\"value\\\":\\\"18616910037\\\",\\\"flag\\\":true}]\",\"logo\":null,\"others\":null,\"adminTop\":null,\"deleted\":false,\"new\":false,\"cardHolder\":null,\"address\":\"我是测试地址\",\"legalRepresent\":null,\"alipayName\":null,\"theMobilePhone\":\"18616910037\",\"invoiceRequirement\":null,\"cardNumber\":null},\"goodsCategory\":{\"subGoodsCategorys\":null,\"id\":101,\"shop\":null,\"new\":false,\"name\":\"鲜切花\",\"parameters\":null,\"deleted\":false},\"productsParams\":[{\"id\":0,\"new\":true,\"value\":\"爱意表达\",\"key\":\"适用场景\"},{\"id\":0,\"new\":true,\"value\":\"爱人\",\"key\":\"适用对象\"},{\"id\":0,\"new\":true,\"value\":\"情人节\",\"key\":\"适用节日\"},{\"id\":0,\"new\":true,\"value\":\"九子花饰\",\"key\":\"品牌\"},{\"id\":0,\"new\":true,\"value\":\"昆明\",\"key\":\"产地\"},{\"id\":0,\"new\":true,\"value\":\"个个\",\"key\":\"个个\"}],\"customProperty\":\"{\\\"option\\\":[{\\\"name\\\":\\\"适用场景\\\",\\\"type\\\":\\\"1\\\",\\\"options\\\":\\\"爱意表达,祝福,求婚,友情,周年纪念,探望,道歉,婚礼,商务\\\"},{\\\"name\\\":\\\"适用对象\\\",\\\"type\\\":\\\"1\\\",\\\"options\\\":\\\"爱人,朋友,老师,领导/长辈,客户,病人\\\"},{\\\"name\\\":\\\"适用节日\\\",\\\"type\\\":\\\"1\\\",\\\"options\\\":\\\"情人节,圣诞节,七夕,3.8妇女节,母亲节,白色情人节,教师节,感恩节,春节,元旦,父亲节,中秋节,建军节,清明\\\"},{\\\"name\\\":\\\"品牌\\\",\\\"type\\\":\\\"1\\\",\\\"options\\\":\\\"九子花饰,其他\\\"}],\\\"optionProperty\\\":[{\\\"适用场景\\\":\\\"爱意表达\\\"},{\\\"适用对象\\\":\\\"爱人\\\"},{\\\"适用节日\\\":\\\"情人节\\\"},{\\\"品牌\\\":\\\"九子花饰\\\"}],\\\"customProperty\\\":[{\\\"产地\\\":\\\"昆明\\\"},{\\\"个个\\\":\\\"个个\\\"}]}\",\"marketable\":\"PUTAWAY\",\"id\":50,\"defaultImg\":442,\"stock\":220,\"sales\":0,\"name\":\"kiro jake\",\"imgIds\":[442,443,444],\"top\":true,\"adminTop\":null,\"integer\":\"1\",\"currentPrice\":1,\"shopCategory\":{\"subGoodsCategorys\":null,\"id\":99,\"shop\":null,\"new\":false,\"name\":\"玫瑰\",\"parameters\":null,\"deleted\":false},\"decimal\":\"00\",\"intro\":\"<h3 style=\\\"margin-top: 10px;margin-right: 0px;margin-left: 0px;padding: 0px;line-height: 1.35;color: rgb(33, 33, 33);font-size: 13px;font-weight: lighter;font-family: &#39;Times New Roman&#39;, &#39;Microsoft YaHei&#39;, Times, serif, simhei;border-bottom-width: 1px;border-bottom-style: solid;border-bottom-color: black;height: 35px\\\">推荐理由<span style=\\\";padding: 0px;clear: both;width: 270px;height: 0px;display: block\\\">STYLE NOTES<\\/span><\\/h3><p style=\\\"margin-top: 0px;margin-bottom: 0px;padding: 0px;list-style: none;color: rgb(130, 130, 130)\\\"><\\/p><p style=\\\"margin-top: 0px;margin-bottom: 0px;padding: 0px;list-style: none;color: rgb(130, 130, 130);font-size: 13.3333px\\\"><span style=\\\";padding: 0px\\\">2016<\\/span><span style=\\\";padding: 0px\\\">年情人节，野兽派获得日本樱桃小丸子官方授权，推出史上最性感的小丸子和她的女同学们！头顶章鱼，戴着牡蛎，<\\/span><span style=\\\";padding: 0px\\\">机灵慧黠<\\/span><span style=\\\";padding: 0px\\\">的可爱。<\\/span><\\/p><p style=\\\"margin-top: 0px;margin-bottom: 0px;padding: 0px;list-style: none;color: rgb(130, 130, 130);font-size: 13.3333px\\\">&nbsp;<\\/p><p style=\\\"margin-top: 0px;margin-bottom: 0px;padding: 0px;list-style: none;color: rgb(130, 130, 130);font-size: 13.3333px\\\"><span style=\\\";padding: 0px\\\">特别设计的复古陶瓷托盘配时髦的粉晶色、静谧蓝，放在床头或桌面，既可做永生花托盘摆放欣赏，也可以存放戒指等首饰小物。<\\/span><\\/p><p style=\\\"margin-top: 0px;margin-bottom: 0px;padding: 0px;list-style: none;color: rgb(130, 130, 130);font-size: 13.3333px\\\"><span style=\\\";padding: 0px\\\">立体的动物造型则希望你拥有最纯粹的爱，或温柔长吻的喵们，或霸道激吻的长耳兔，肆无忌惮爱得热烈。<\\/span><\\/p><p style=\\\"margin-top: 0px;margin-bottom: 0px;padding: 0px;list-style: none;color: rgb(130, 130, 130);font-size: 13.3333px\\\"><span style=\\\";padding: 0px\\\">我们选择了奥斯汀玫瑰为主的进口永生花花材，寓意永久守护的爱。沉醉在花丛中，甜蜜在心间。<\\/span><\\/p><p style=\\\"margin-top: 0px;margin-bottom: 0px;padding: 0px;list-style: none;color: rgb(130, 130, 130)\\\"><\\/p><h3 style=\\\"margin-top: 10px;margin-right: 0px;margin-left: 0px;padding: 0px;line-height: 1.35;color: rgb(33, 33, 33);font-size: 13px;font-weight: lighter;font-family: &#39;Times New Roman&#39;, &#39;Microsoft YaHei&#39;, Times, serif, simhei;border-bottom-width: 1px;border-bottom-style: solid;border-bottom-color: black;height: 35px\\\">保养说明<span style=\\\";padding: 0px;clear: both;width: 270px;height: 0px;display: block\\\">CARING<\\/span><\\/h3><p style=\\\"margin-top: 0px;margin-bottom: 0px;padding: 0px;list-style: none;color: rgb(130, 130, 130)\\\">保养须知：勿浇水或经常用手触碰，勿放置室外。勿太阳直晒。如蒙上灰尘，用吹风机冷风，将灰尘轻轻吹掉。如室内潮湿，请勿将花材长时间暴露在空气中。 特别说明：南方潮湿地区干花可能会发霉，建议潮湿天气时注意放在干燥环境。永生花在运输过程中，可能会出现少数花瓣碎裂的情况，这是正常现象，可用修眉小剪刀将花瓣边缘修剪整齐。<\\/p><p><br/><\\/p>\",\"new\":false,\"originalPrice\":null,\"auditingStatus\":null,\"topImg\":{\"id\":445,\"new\":false,\"file\":null,\"name\":null,\"datestamp\":null,\"checksum\":null,\"mimeType\":null,\"size\":0},\"firstImg\":442,\"commentTarget\":0,\"topTime\":1453448195000,\"user\":{\"phone\":null,\"loginTime\":null,\"basketShopAmount\":0,\"permission\":{\"permissionIds\":null,\"permissions\":\"\"},\"avatar\":null,\"password\":null,\"registerTime\":null,\"id\":38,\"new\":false,\"confirmPassword\":null,\"parseBirthDate\":null,\"servers\":null,\"administrator\":false,\"roles\":null,\"name\":\"jake\",\"permissions\":\"\",\"active\":false,\"gender\":null,\"login\":false,\"birthDate\":null,\"basketProviderAmount\":0,\"loginName\":\"2502932416@qq.com\"},\"imageIds\":\"442,443,444\"}','\0','{\"goodsId\":\"50\",\"price\":\"1.00\",\"quantity\":\"1\",\"remarks\":\"\"}'),(98,95,'{\"createTime\":1456912242000,\"shop\":{\"createTime\":null,\"invoiceRequirementList\":[],\"showCreateTime\":null,\"telephones\":null,\"defaultPhone\":\"111:18700186031\",\"othersObj\":{\"floristsResume\":null,\"managementField\":null,\"surroundingEnvironment\":null,\"legalRepresentResume\":null,\"businessConcept\":null},\"sendArea\":\"雁塔区，长安区\",\"bankOfDeposit\":null,\"postage\":0,\"city\":null,\"creator\":null,\"id\":46,\"enterpriseType\":null,\"area\":null,\"tradingTypeList\":null,\"tradingType\":\"\",\"name\":\"爱鲜花\",\"province\":null,\"alipayAccount\":null,\"tradingTypeId\":null,\"profile\":null,\"mobilephones\":\"[{\\\"key\\\":\\\"111\\\",\\\"value\\\":\\\"18700186031\\\",\\\"flag\\\":true}]\",\"logo\":null,\"others\":null,\"adminTop\":null,\"deleted\":false,\"new\":false,\"cardHolder\":null,\"address\":\"1111111111111\",\"legalRepresent\":null,\"alipayName\":null,\"theMobilePhone\":\"18700186031\",\"invoiceRequirement\":null,\"cardNumber\":null},\"goodsCategory\":{\"subGoodsCategorys\":null,\"id\":113,\"shop\":null,\"new\":false,\"name\":\"鲜花\",\"parameters\":null,\"deleted\":false},\"productsParams\":[{\"id\":0,\"new\":true,\"value\":\"333\",\"key\":\"333\"}],\"customProperty\":\"{\\\"option\\\":\\\"\\\",\\\"optionProperty\\\":[],\\\"customProperty\\\":[{\\\"333\\\":\\\"333\\\"}]}\",\"marketable\":\"PUTAWAY\",\"id\":63,\"defaultImg\":660,\"stock\":2,\"sales\":0,\"name\":\"333\",\"imgIds\":[660],\"top\":true,\"adminTop\":null,\"integer\":\"0\",\"currentPrice\":0.01,\"shopCategory\":{\"subGoodsCategorys\":null,\"id\":112,\"shop\":null,\"new\":false,\"name\":\"鲜花\",\"parameters\":null,\"deleted\":false},\"decimal\":\"01\",\"intro\":\"<p>123456<\\/p>\",\"new\":false,\"originalPrice\":null,\"auditingStatus\":null,\"topImg\":{\"id\":661,\"new\":false,\"file\":null,\"name\":null,\"datestamp\":null,\"checksum\":null,\"mimeType\":null,\"size\":0},\"firstImg\":660,\"commentTarget\":0,\"topTime\":1456912615000,\"user\":{\"phone\":null,\"loginTime\":null,\"basketShopAmount\":0,\"permission\":{\"permissionIds\":null,\"permissions\":\"\"},\"avatar\":null,\"password\":null,\"registerTime\":null,\"id\":50,\"new\":false,\"confirmPassword\":null,\"parseBirthDate\":null,\"servers\":null,\"administrator\":false,\"roles\":null,\"name\":\"lucky\",\"permissions\":\"\",\"active\":false,\"gender\":null,\"login\":false,\"birthDate\":null,\"basketProviderAmount\":0,\"loginName\":\"18700186031\"},\"imageIds\":\"660\"}','\0','{\"goodsId\":\"63\",\"price\":\"0.01\",\"quantity\":\"2\",\"remarks\":\"\"}'),(99,96,'{\"createTime\":1457063022000,\"shop\":{\"createTime\":null,\"invoiceRequirementList\":[],\"showCreateTime\":null,\"telephones\":null,\"defaultPhone\":\"111:18700186031\",\"othersObj\":{\"floristsResume\":null,\"managementField\":null,\"surroundingEnvironment\":null,\"legalRepresentResume\":null,\"businessConcept\":null},\"sendArea\":\"雁塔区，长安区\",\"bankOfDeposit\":null,\"postage\":0,\"city\":null,\"creator\":null,\"id\":46,\"enterpriseType\":null,\"area\":null,\"tradingTypeList\":null,\"tradingType\":\"\",\"name\":\"爱鲜花\",\"province\":null,\"alipayAccount\":null,\"tradingTypeId\":null,\"profile\":null,\"mobilephones\":\"[{\\\"key\\\":\\\"111\\\",\\\"value\\\":\\\"18700186031\\\",\\\"flag\\\":true}]\",\"logo\":null,\"others\":null,\"adminTop\":null,\"deleted\":false,\"new\":false,\"cardHolder\":null,\"address\":\"1111111111111\",\"legalRepresent\":null,\"alipayName\":null,\"theMobilePhone\":\"18700186031\",\"invoiceRequirement\":null,\"cardNumber\":null},\"goodsCategory\":{\"subGoodsCategorys\":null,\"id\":114,\"shop\":null,\"new\":false,\"name\":\"绿植\",\"parameters\":null,\"deleted\":false},\"productsParams\":[{\"id\":0,\"new\":true,\"value\":\"11\",\"key\":\"readonly11\"}],\"customProperty\":\"{\\\"option\\\":[{\\\"name\\\":\\\"\\\",\\\"type\\\":\\\"0\\\",\\\"options\\\":\\\"\\\"}],\\\"optionProperty\\\":[{\\\"readonly11\\\":\\\"11\\\"}],\\\"customProperty\\\":[]}\",\"marketable\":\"PUTAWAY\",\"id\":66,\"defaultImg\":662,\"stock\":2,\"sales\":0,\"name\":\"444\",\"imgIds\":[662],\"top\":false,\"adminTop\":null,\"integer\":\"0\",\"currentPrice\":0.01,\"shopCategory\":null,\"decimal\":\"01\",\"intro\":\"111<p>\\n\\t\\t\\t<\\/p>\",\"new\":false,\"originalPrice\":null,\"auditingStatus\":null,\"topImg\":{\"id\":663,\"new\":false,\"file\":null,\"name\":null,\"datestamp\":null,\"checksum\":null,\"mimeType\":null,\"size\":0},\"firstImg\":662,\"commentTarget\":0,\"topTime\":null,\"user\":{\"phone\":null,\"loginTime\":null,\"basketShopAmount\":0,\"permission\":{\"permissionIds\":null,\"permissions\":\"\"},\"avatar\":null,\"password\":null,\"registerTime\":null,\"id\":50,\"new\":false,\"confirmPassword\":null,\"parseBirthDate\":null,\"servers\":null,\"administrator\":false,\"roles\":null,\"name\":\"lucky\",\"permissions\":\"\",\"active\":false,\"gender\":null,\"login\":false,\"birthDate\":null,\"basketProviderAmount\":0,\"loginName\":\"18700186031\"},\"imageIds\":\"662\"}','\0','{\"goodsId\":\"66\",\"price\":\"0.01\",\"quantity\":\"1\",\"remarks\":\"\"}'),(100,97,'{\"createTime\":1457069644000,\"shop\":{\"createTime\":null,\"invoiceRequirementList\":[],\"showCreateTime\":null,\"telephones\":null,\"defaultPhone\":\"111:18700186031\",\"othersObj\":{\"floristsResume\":null,\"managementField\":null,\"surroundingEnvironment\":null,\"legalRepresentResume\":null,\"businessConcept\":null},\"sendArea\":\"雁塔区，长安区\",\"bankOfDeposit\":null,\"postage\":0,\"city\":null,\"creator\":null,\"id\":46,\"enterpriseType\":null,\"area\":null,\"tradingTypeList\":null,\"tradingType\":\"\",\"name\":\"爱鲜花\",\"province\":null,\"alipayAccount\":null,\"tradingTypeId\":null,\"profile\":null,\"mobilephones\":\"[{\\\"key\\\":\\\"111\\\",\\\"value\\\":\\\"18700186031\\\",\\\"flag\\\":true}]\",\"logo\":null,\"others\":null,\"adminTop\":null,\"deleted\":false,\"new\":false,\"cardHolder\":null,\"address\":\"1111111111111\",\"legalRepresent\":null,\"alipayName\":null,\"theMobilePhone\":\"18700186031\",\"invoiceRequirement\":null,\"cardNumber\":null},\"goodsCategory\":{\"subGoodsCategorys\":null,\"id\":113,\"shop\":null,\"new\":false,\"name\":\"鲜花\",\"parameters\":null,\"deleted\":false},\"productsParams\":[{\"id\":0,\"new\":true,\"value\":\"ASDFDFGHN\",\"key\":\"鲜花\"}],\"customProperty\":\"{\\\"option\\\":\\\"\\\",\\\"optionProperty\\\":[],\\\"customProperty\\\":[{\\\"鲜花\\\":\\\"ASDFDFGHN\\\"}]}\",\"marketable\":\"PUTAWAY\",\"id\":70,\"defaultImg\":686,\"stock\":3,\"sales\":0,\"name\":\"88\",\"imgIds\":[686],\"top\":true,\"adminTop\":null,\"integer\":\"0\",\"currentPrice\":0.01,\"shopCategory\":{\"subGoodsCategorys\":null,\"id\":111,\"shop\":null,\"new\":false,\"name\":\"绿植\",\"parameters\":null,\"deleted\":false},\"decimal\":\"01\",\"intro\":\"21111111<p>\\n\\t\\t\\t<\\/p>\",\"new\":false,\"originalPrice\":null,\"auditingStatus\":null,\"topImg\":{\"id\":687,\"new\":false,\"file\":null,\"name\":null,\"datestamp\":null,\"checksum\":null,\"mimeType\":null,\"size\":0},\"firstImg\":686,\"commentTarget\":0,\"topTime\":1457069977000,\"user\":{\"phone\":null,\"loginTime\":null,\"basketShopAmount\":0,\"permission\":{\"permissionIds\":null,\"permissions\":\"\"},\"avatar\":null,\"password\":null,\"registerTime\":null,\"id\":50,\"new\":false,\"confirmPassword\":null,\"parseBirthDate\":null,\"servers\":null,\"administrator\":false,\"roles\":null,\"name\":\"lucky\",\"permissions\":\"\",\"active\":false,\"gender\":null,\"login\":false,\"birthDate\":null,\"basketProviderAmount\":0,\"loginName\":\"18700186031\"},\"imageIds\":\"686\"}','\0','{\"goodsId\":\"70\",\"price\":\"0.01\",\"quantity\":\"1\",\"remarks\":\"\"}');
/*!40000 ALTER TABLE `orders_goods` ENABLE KEYS */;
UNLOCK TABLES;

--
-- Table structure for table `orders_other`
--

DROP TABLE IF EXISTS `orders_other`;
/*!40101 SET @saved_cs_client     = @@character_set_client */;
/*!40101 SET character_set_client = utf8 */;
CREATE TABLE `orders_other` (
  `id` int(11) unsigned NOT NULL AUTO_INCREMENT,
  `orders_id` int(11) unsigned NOT NULL,
  `orders_status` tinyint(4) DEFAULT NULL,
  `content` text,
  `deleted` bit(1) DEFAULT b'0',
  PRIMARY KEY (`id`),
  KEY `oo_orders_id_idx` (`orders_id`),
  CONSTRAINT `oo_orders_id` FOREIGN KEY (`orders_id`) REFERENCES `orders` (`id`)
) ENGINE=InnoDB AUTO_INCREMENT=7306 DEFAULT CHARSET=utf8;
/*!40101 SET character_set_client = @saved_cs_client */;

--
-- Dumping data for table `orders_other`
--

LOCK TABLES `orders_other` WRITE;
/*!40000 ALTER TABLE `orders_other` DISABLE KEYS */;
INSERT INTO `orders_other` VALUES (7245,49,8,'{\"reason\":\"当前订单已过期\",\"type\":\"系统关闭\"}','\0'),(7246,51,8,'{\"reason\":\"不想买了\",\"type\":\"系统关闭\"}','\0'),(7247,52,8,'{\"reason\":\"不想买了\",\"type\":\"系统关闭\"}','\0'),(7248,53,8,'{\"reason\":\"不想买了\",\"type\":\"系统关闭\"}','\0'),(7249,54,8,'{\"reason\":\"不想买了\",\"type\":\"系统关闭\"}','\0'),(7250,55,8,'{\"reason\":\"不想买了\",\"type\":\"系统关闭\"}','\0'),(7251,57,8,'{\"reason\":\"当前订单已过期\",\"type\":\"系统关闭\"}','\0'),(7252,56,8,'{\"reason\":\"当前订单已过期\",\"type\":\"系统关闭\"}','\0'),(7253,50,8,'{\"reason\":\"当前订单已过期\",\"type\":\"系统关闭\"}','\0'),(7254,59,8,'{\"reason\":\"不想买了\",\"type\":\"系统关闭\"}','\0'),(7255,58,8,'{\"reason\":\"当前订单已过期\",\"type\":\"系统关闭\"}','\0'),(7256,60,8,'{\"reason\":\"不想买了\",\"type\":\"系统关闭\"}','\0'),(7257,61,8,'{\"reason\":\"同城见面交易\",\"type\":\"系统关闭\"}','\0'),(7258,62,8,'{\"reason\":\"当前订单已过期\",\"type\":\"系统关闭\"}','\0'),(7259,63,8,'{\"reason\":\"当前订单已过期\",\"type\":\"系统关闭\"}','\0'),(7260,64,8,'{\"reason\":\"当前订单已过期\",\"type\":\"系统关闭\"}','\0'),(7263,67,8,'{\"reason\":\"当前订单已过期\",\"type\":\"系统关闭\"}','\0'),(7264,66,8,'{\"reason\":\"当前订单已过期\",\"type\":\"系统关闭\"}','\0'),(7267,69,8,'{\"reason\":\"当前订单已过期\",\"type\":\"系统关闭\"}','\0'),(7268,68,8,'{\"reason\":\"当前订单已过期\",\"type\":\"系统关闭\"}','\0'),(7269,70,8,'{\"reason\":\"当前订单已过期\",\"type\":\"系统关闭\"}','\0'),(7270,70,8,'{\"reason\":\"当前订单已过期\",\"type\":\"系统关闭\"}','\0'),(7271,74,8,'{\"reason\":\"当前订单已过期\",\"type\":\"系统关闭\"}','\0'),(7272,71,8,'{\"reason\":\"当前订单已过期\",\"type\":\"系统关闭\"}','\0'),(7273,74,8,'{\"reason\":\"当前订单已过期\",\"type\":\"系统关闭\"}','\0'),(7274,71,8,'{\"reason\":\"当前订单已过期\",\"type\":\"系统关闭\"}','\0'),(7275,76,8,'{\"reason\":\"当前订单已过期\",\"type\":\"系统关闭\"}','\0'),(7276,75,8,'{\"reason\":\"当前订单已过期\",\"type\":\"系统关闭\"}','\0'),(7277,76,8,'{\"reason\":\"当前订单已过期\",\"type\":\"系统关闭\"}','\0'),(7278,75,8,'{\"reason\":\"当前订单已过期\",\"type\":\"系统关闭\"}','\0'),(7279,80,8,'{\"reason\":\"当前订单已过期\",\"type\":\"系统关闭\"}','\0'),(7280,79,8,'{\"reason\":\"当前订单已过期\",\"type\":\"系统关闭\"}','\0'),(7281,78,8,'{\"reason\":\"当前订单已过期\",\"type\":\"系统关闭\"}','\0'),(7282,77,8,'{\"reason\":\"当前订单已过期\",\"type\":\"系统关闭\"}','\0'),(7283,80,8,'{\"reason\":\"当前订单已过期\",\"type\":\"系统关闭\"}','\0'),(7284,79,8,'{\"reason\":\"当前订单已过期\",\"type\":\"系统关闭\"}','\0'),(7285,78,8,'{\"reason\":\"当前订单已过期\",\"type\":\"系统关闭\"}','\0'),(7286,77,8,'{\"reason\":\"当前订单已过期\",\"type\":\"系统关闭\"}','\0'),(7287,81,8,'{\"reason\":\"当前订单已过期\",\"type\":\"系统关闭\"}','\0'),(7288,81,8,'{\"reason\":\"当前订单已过期\",\"type\":\"系统关闭\"}','\0'),(7289,82,8,'{\"reason\":\"当前订单已过期\",\"type\":\"系统关闭\"}','\0'),(7290,82,8,'{\"reason\":\"当前订单已过期\",\"type\":\"系统关闭\"}','\0'),(7291,83,8,'{\"reason\":\"当前订单已过期\",\"type\":\"系统关闭\"}','\0'),(7292,83,8,'{\"reason\":\"当前订单已过期\",\"type\":\"系统关闭\"}','\0'),(7293,83,8,'{\"reason\":\"当前订单已过期\",\"type\":\"系统关闭\"}','\0'),(7294,83,8,'{\"reason\":\"当前订单已过期\",\"type\":\"系统关闭\"}','\0'),(7295,84,8,'{\"reason\":\"当前订单已过期\",\"type\":\"系统关闭\"}','\0'),(7296,84,8,'{\"reason\":\"当前订单已过期\",\"type\":\"系统关闭\"}','\0'),(7297,84,8,'{\"reason\":\"当前订单已过期\",\"type\":\"系统关闭\"}','\0'),(7298,84,8,'{\"reason\":\"当前订单已过期\",\"type\":\"系统关闭\"}','\0'),(7299,84,8,'{\"reason\":\"当前订单已过期\",\"type\":\"系统关闭\"}','\0'),(7300,84,8,'{\"reason\":\"当前订单已过期\",\"type\":\"系统关闭\"}','\0'),(7301,84,8,'{\"reason\":\"当前订单已过期\",\"type\":\"系统关闭\"}','\0'),(7302,85,8,'{\"reason\":\"不想买了\",\"type\":\"系统关闭\"}','\0'),(7303,88,8,'{\"reason\":\"不想买了\",\"type\":\"系统关闭\"}','\0'),(7304,97,8,'{\"reason\":\"长时间联系不到买家，交易不成功\",\"type\":\"买家关闭\"}','\0'),(7305,93,8,'{\"reason\":\"长时间联系不到买家，交易不成功\",\"type\":\"买家关闭\"}','\0');
/*!40000 ALTER TABLE `orders_other` ENABLE KEYS */;
UNLOCK TABLES;

--
-- Table structure for table `orders_provider`
--

DROP TABLE IF EXISTS `orders_provider`;
/*!40101 SET @saved_cs_client     = @@character_set_client */;
/*!40101 SET character_set_client = utf8 */;
CREATE TABLE `orders_provider` (
  `id` int(11) unsigned NOT NULL AUTO_INCREMENT,
  `orders_id` int(11) unsigned NOT NULL,
  `provider_id` int(11) unsigned NOT NULL,
  `deleted` bit(1) DEFAULT b'0',
  PRIMARY KEY (`id`),
  KEY `fk_op_orders_id_idx` (`orders_id`),
  KEY `fk_op_provider_id_idx` (`provider_id`),
  CONSTRAINT `fk_op_orders_id` FOREIGN KEY (`orders_id`) REFERENCES `orders` (`id`) ON UPDATE NO ACTION,
  CONSTRAINT `fk_op_provider_id` FOREIGN KEY (`provider_id`) REFERENCES `provider` (`id`) ON UPDATE NO ACTION
) ENGINE=InnoDB DEFAULT CHARSET=utf8;
/*!40101 SET character_set_client = @saved_cs_client */;

--
-- Dumping data for table `orders_provider`
--

LOCK TABLES `orders_provider` WRITE;
/*!40000 ALTER TABLE `orders_provider` DISABLE KEYS */;
/*!40000 ALTER TABLE `orders_provider` ENABLE KEYS */;
UNLOCK TABLES;

--
-- Table structure for table `orders_refund`
--

DROP TABLE IF EXISTS `orders_refund`;
/*!40101 SET @saved_cs_client     = @@character_set_client */;
/*!40101 SET character_set_client = utf8 */;
CREATE TABLE `orders_refund` (
  `id` int(11) unsigned NOT NULL AUTO_INCREMENT,
  `orders_id` int(11) unsigned NOT NULL,
  `refund_type` tinyint(4) DEFAULT NULL,
  `refund_reason` tinyint(4) DEFAULT NULL,
  `refund_explain` text,
  `file_ids` varchar(50) DEFAULT NULL,
  `deleted` bit(1) DEFAULT b'0',
  `create_time` datetime DEFAULT NULL,
  `process_time` datetime DEFAULT NULL,
  `orders_status` tinyint(4) DEFAULT NULL,
  `refund_status` tinyint(4) DEFAULT '0',
  PRIMARY KEY (`id`),
  KEY `fk_or_orders_id_idx` (`orders_id`),
  CONSTRAINT `fk_or_orders_id` FOREIGN KEY (`orders_id`) REFERENCES `orders` (`id`) ON UPDATE NO ACTION
) ENGINE=InnoDB AUTO_INCREMENT=3 DEFAULT CHARSET=utf8;
/*!40101 SET character_set_client = @saved_cs_client */;

--
-- Dumping data for table `orders_refund`
--

LOCK TABLES `orders_refund` WRITE;
/*!40000 ALTER TABLE `orders_refund` DISABLE KEYS */;
INSERT INTO `orders_refund` VALUES (1,65,0,0,'hhhkjk','','\0','2016-02-01 10:22:27','2016-02-01 10:24:14',1,2),(2,65,0,0,'','','\0','2016-02-01 10:26:41','2016-02-01 10:26:58',1,1);
/*!40000 ALTER TABLE `orders_refund` ENABLE KEYS */;
UNLOCK TABLES;

--
-- Table structure for table `orders_shop`
--

DROP TABLE IF EXISTS `orders_shop`;
/*!40101 SET @saved_cs_client     = @@character_set_client */;
/*!40101 SET character_set_client = utf8 */;
CREATE TABLE `orders_shop` (
  `id` int(11) unsigned NOT NULL AUTO_INCREMENT,
  `orders_id` int(11) unsigned NOT NULL,
  `shop_id` int(11) unsigned NOT NULL,
  `deleted` bit(1) DEFAULT b'0',
  PRIMARY KEY (`id`),
  KEY `fk_os_orders_id_idx` (`orders_id`),
  KEY `fk_os_shop_id_idx` (`shop_id`),
  CONSTRAINT `fk_os_orders_id` FOREIGN KEY (`orders_id`) REFERENCES `orders` (`id`) ON UPDATE NO ACTION,
  CONSTRAINT `fk_os_shop_id` FOREIGN KEY (`shop_id`) REFERENCES `shop` (`id`) ON UPDATE NO ACTION
) ENGINE=InnoDB AUTO_INCREMENT=79 DEFAULT CHARSET=utf8;
/*!40101 SET character_set_client = @saved_cs_client */;

--
-- Dumping data for table `orders_shop`
--

LOCK TABLES `orders_shop` WRITE;
/*!40000 ALTER TABLE `orders_shop` DISABLE KEYS */;
INSERT INTO `orders_shop` VALUES (30,49,43,'\0'),(31,50,43,'\0'),(32,51,43,'\0'),(33,52,43,''),(34,53,43,''),(35,54,43,''),(36,55,43,''),(37,56,43,''),(38,57,43,''),(39,58,43,''),(40,59,43,''),(41,60,43,''),(42,61,43,''),(43,62,43,''),(44,63,43,''),(45,64,43,''),(46,65,43,'\0'),(47,66,43,''),(48,67,43,''),(49,68,43,''),(50,69,43,''),(51,70,43,''),(52,71,43,'\0'),(53,72,43,'\0'),(54,73,43,'\0'),(55,74,43,''),(56,75,43,'\0'),(57,76,43,'\0'),(58,77,43,'\0'),(59,78,43,'\0'),(60,79,43,'\0'),(61,80,43,'\0'),(62,81,43,'\0'),(63,82,43,'\0'),(64,83,43,'\0'),(65,84,43,'\0'),(66,85,43,'\0'),(67,86,43,'\0'),(68,87,43,'\0'),(69,88,43,'\0'),(70,89,43,'\0'),(71,90,43,'\0'),(72,91,46,'\0'),(73,92,46,'\0'),(74,93,43,'\0'),(75,94,43,'\0'),(76,95,46,'\0'),(77,96,46,'\0'),(78,97,46,'');
/*!40000 ALTER TABLE `orders_shop` ENABLE KEYS */;
UNLOCK TABLES;

--
-- Table structure for table `orders_time`
--

DROP TABLE IF EXISTS `orders_time`;
/*!40101 SET @saved_cs_client     = @@character_set_client */;
/*!40101 SET character_set_client = utf8 */;
CREATE TABLE `orders_time` (
  `id` int(11) unsigned NOT NULL AUTO_INCREMENT,
  `orders_id` int(11) unsigned NOT NULL,
  `orders_status` tinyint(4) DEFAULT NULL,
  `status_time` datetime DEFAULT NULL,
  `deleted` bit(1) DEFAULT b'0',
  PRIMARY KEY (`id`),
  KEY `fk_ot_orders_id_idx` (`orders_id`),
  CONSTRAINT `fk_ot_orders_id` FOREIGN KEY (`orders_id`) REFERENCES `orders` (`id`) ON UPDATE NO ACTION
) ENGINE=InnoDB AUTO_INCREMENT=8623 DEFAULT CHARSET=utf8;
/*!40101 SET character_set_client = @saved_cs_client */;

--
-- Dumping data for table `orders_time`
--

LOCK TABLES `orders_time` WRITE;
/*!40000 ALTER TABLE `orders_time` DISABLE KEYS */;
INSERT INTO `orders_time` VALUES (8477,49,0,'2016-01-19 11:21:18','\0'),(8478,49,7,'2016-01-19 11:51:24','\0'),(8479,50,0,'2016-01-20 19:13:59','\0'),(8482,51,0,'2016-01-20 19:16:17','\0'),(8483,51,7,'2016-01-20 19:16:26','\0'),(8484,52,0,'2016-01-20 19:16:53','\0'),(8485,52,7,'2016-01-20 19:17:03','\0'),(8486,53,0,'2016-01-20 19:17:18','\0'),(8487,53,7,'2016-01-20 19:17:29','\0'),(8489,54,0,'2016-01-20 19:19:19','\0'),(8490,54,7,'2016-01-20 19:19:29','\0'),(8493,55,0,'2016-01-20 19:22:09','\0'),(8494,55,7,'2016-01-20 19:22:18','\0'),(8495,56,0,'2016-01-20 19:22:57','\0'),(8499,57,0,'2016-01-20 19:28:46','\0'),(8501,58,0,'2016-01-20 19:40:14','\0'),(8508,57,7,'2016-01-20 20:09:09','\0'),(8509,56,7,'2016-01-20 20:09:09','\0'),(8510,50,7,'2016-01-20 20:09:09','\0'),(8511,59,0,'2016-01-20 20:09:19','\0'),(8512,59,7,'2016-01-20 20:09:35','\0'),(8513,58,7,'2016-01-20 20:11:08','\0'),(8514,60,0,'2016-01-22 16:24:57','\0'),(8515,60,7,'2016-01-22 16:25:35','\0'),(8516,61,0,'2016-01-22 16:30:41','\0'),(8517,61,7,'2016-01-22 16:31:03','\0'),(8518,62,0,'2016-01-22 16:35:52','\0'),(8519,63,0,'2016-01-22 16:44:54','\0'),(8520,62,7,'2016-01-22 17:06:59','\0'),(8521,63,7,'2016-01-22 17:57:02','\0'),(8522,64,0,'2016-01-27 10:28:46','\0'),(8523,64,7,'2016-01-27 11:59:02','\0'),(8524,65,0,'2016-02-01 10:18:07','\0'),(8525,65,5,'2016-02-01 10:22:27','\0'),(8526,65,5,'2016-02-01 10:26:41','\0'),(8527,65,6,'2016-02-01 10:26:58','\0'),(8528,66,0,'2016-02-01 16:53:50','\0'),(8529,67,0,'2016-02-01 17:24:04','\0'),(8530,67,8,'2016-02-01 18:18:37','\0'),(8532,67,8,'2016-02-01 18:19:37','\0'),(8533,66,8,'2016-02-01 18:19:37','\0'),(8534,68,0,'2016-02-03 15:22:44','\0'),(8535,69,0,'2016-02-03 15:29:23','\0'),(8536,69,8,'2016-02-03 16:06:15','\0'),(8537,68,8,'2016-02-03 16:06:15','\0'),(8538,69,8,'2016-02-03 16:07:15','\0'),(8539,68,8,'2016-02-03 16:07:15','\0'),(8540,70,0,'2016-02-18 16:28:21','\0'),(8541,70,8,'2016-02-19 14:23:27','\0'),(8542,70,8,'2016-02-19 14:24:27','\0'),(8543,71,0,'2016-02-19 14:57:01','\0'),(8544,72,0,'2016-02-19 14:57:09','\0'),(8545,72,2,'2016-02-19 15:06:01','\0'),(8558,73,0,'2016-02-19 15:23:01','\0'),(8559,73,2,'2016-02-19 15:25:59','\0'),(8563,73,3,'2016-02-19 15:59:01','\0'),(8564,74,0,'2016-02-19 17:46:36','\0'),(8565,74,8,'2016-02-19 18:20:57','\0'),(8566,71,8,'2016-02-19 18:20:57','\0'),(8567,74,8,'2016-02-19 18:21:57','\0'),(8568,71,8,'2016-02-19 18:21:57','\0'),(8569,75,0,'2016-02-23 11:52:05','\0'),(8570,76,0,'2016-02-24 16:22:49','\0'),(8571,76,8,'2016-02-25 16:34:27','\0'),(8572,75,8,'2016-02-25 16:34:27','\0'),(8573,76,8,'2016-02-25 16:35:27','\0'),(8574,75,8,'2016-02-25 16:35:27','\0'),(8575,77,0,'2016-02-26 17:47:41','\0'),(8576,78,0,'2016-02-26 17:47:58','\0'),(8577,79,0,'2016-02-26 17:49:16','\0'),(8578,80,0,'2016-02-26 18:25:40','\0'),(8579,80,8,'2016-02-26 19:25:03','\0'),(8580,79,8,'2016-02-26 19:25:04','\0'),(8581,78,8,'2016-02-26 19:25:04','\0'),(8582,77,8,'2016-02-26 19:25:04','\0'),(8583,80,8,'2016-02-26 19:26:01','\0'),(8584,79,8,'2016-02-26 19:26:01','\0'),(8585,78,8,'2016-02-26 19:26:01','\0'),(8586,77,8,'2016-02-26 19:26:01','\0'),(8587,81,0,'2016-02-26 20:08:44','\0'),(8588,81,8,'2016-02-29 17:43:09','\0'),(8589,81,8,'2016-02-29 17:44:09','\0'),(8590,82,0,'2016-02-29 18:53:41','\0'),(8591,83,0,'2016-03-01 10:23:05','\0'),(8592,84,0,'2016-03-01 10:31:37','\0'),(8593,82,8,'2016-03-01 10:46:42','\0'),(8594,82,8,'2016-03-01 10:47:42','\0'),(8595,83,8,'2016-03-01 10:53:42','\0'),(8596,83,8,'2016-03-01 10:54:45','\0'),(8597,83,8,'2016-03-01 10:55:42','\0'),(8598,83,8,'2016-03-01 10:57:45','\0'),(8599,84,8,'2016-03-01 11:01:42','\0'),(8600,84,8,'2016-03-01 11:01:45','\0'),(8601,84,8,'2016-03-01 11:02:42','\0'),(8602,84,8,'2016-03-01 11:05:42','\0'),(8603,84,8,'2016-03-01 11:05:45','\0'),(8604,84,8,'2016-03-01 11:08:42','\0'),(8605,84,8,'2016-03-01 11:11:42','\0'),(8606,85,0,'2016-03-01 11:27:45','\0'),(8607,86,0,'2016-03-01 11:30:03','\0'),(8608,87,0,'2016-03-02 16:36:19','\0'),(8609,88,0,'2016-03-02 16:40:07','\0'),(8610,85,8,'2016-03-02 16:41:14','\0'),(8611,88,8,'2016-03-02 16:41:20','\0'),(8612,89,0,'2016-03-02 16:42:13','\0'),(8613,90,0,'2016-03-02 16:46:28','\0'),(8614,91,0,'2016-03-02 16:59:56','\0'),(8615,92,0,'2016-03-02 18:31:11','\0'),(8616,93,0,'2016-03-03 11:05:27','\0'),(8617,94,0,'2016-03-04 10:40:30','\0'),(8618,95,0,'2016-03-04 11:27:38','\0'),(8619,96,0,'2016-03-04 11:45:36','\0'),(8620,97,0,'2016-03-04 14:18:33','\0'),(8621,97,8,'2016-03-07 12:00:19','\0'),(8622,93,8,'2016-03-07 14:04:18','\0');
/*!40000 ALTER TABLE `orders_time` ENABLE KEYS */;
UNLOCK TABLES;

--
-- Table structure for table `orders_user`
--

DROP TABLE IF EXISTS `orders_user`;
/*!40101 SET @saved_cs_client     = @@character_set_client */;
/*!40101 SET character_set_client = utf8 */;
CREATE TABLE `orders_user` (
  `id` int(11) unsigned NOT NULL AUTO_INCREMENT,
  `orders_id` int(11) unsigned NOT NULL,
  `user_id` int(11) unsigned NOT NULL,
  `deleted` bit(1) DEFAULT b'0',
  PRIMARY KEY (`id`),
  KEY `fk_ou_orders_id_idx` (`orders_id`),
  KEY `fk_ou_user_id_idx` (`user_id`),
  CONSTRAINT `fk_ou_orders_id` FOREIGN KEY (`orders_id`) REFERENCES `orders` (`id`) ON UPDATE NO ACTION,
  CONSTRAINT `fk_ou_user_id` FOREIGN KEY (`user_id`) REFERENCES `user` (`id`) ON UPDATE NO ACTION
) ENGINE=InnoDB AUTO_INCREMENT=80 DEFAULT CHARSET=utf8;
/*!40101 SET character_set_client = @saved_cs_client */;

--
-- Dumping data for table `orders_user`
--

LOCK TABLES `orders_user` WRITE;
/*!40000 ALTER TABLE `orders_user` DISABLE KEYS */;
INSERT INTO `orders_user` VALUES (31,49,38,'\0'),(32,50,38,''),(33,51,40,'\0'),(34,52,40,''),(35,53,38,''),(36,54,38,''),(37,55,38,''),(38,56,38,''),(39,57,38,''),(40,58,40,''),(41,59,40,''),(42,60,38,''),(43,61,38,'\0'),(44,62,38,'\0'),(45,63,38,'\0'),(46,64,38,'\0'),(47,65,40,'\0'),(48,66,38,'\0'),(49,67,39,'\0'),(50,68,39,'\0'),(51,69,38,'\0'),(52,70,38,'\0'),(53,71,38,'\0'),(54,72,38,'\0'),(55,73,40,'\0'),(56,74,40,'\0'),(57,75,46,'\0'),(58,76,40,'\0'),(59,77,40,'\0'),(60,78,40,'\0'),(61,79,39,'\0'),(62,80,39,'\0'),(63,81,38,'\0'),(64,82,50,''),(65,83,50,''),(66,84,50,'\0'),(67,85,50,''),(68,86,40,'\0'),(69,87,50,'\0'),(70,88,50,''),(71,89,50,'\0'),(72,90,50,'\0'),(73,91,50,'\0'),(74,92,50,'\0'),(75,93,40,'\0'),(76,94,40,'\0'),(77,95,37,'\0'),(78,96,37,'\0'),(79,97,50,'\0');
/*!40000 ALTER TABLE `orders_user` ENABLE KEYS */;
UNLOCK TABLES;

--
-- Table structure for table `pick`
--

DROP TABLE IF EXISTS `pick`;
/*!40101 SET @saved_cs_client     = @@character_set_client */;
/*!40101 SET character_set_client = utf8 */;
CREATE TABLE `pick` (
  `id` int(11) unsigned NOT NULL AUTO_INCREMENT,
  `art_flower_id` int(11) unsigned NOT NULL COMMENT 'èŠ±è‰ºä½œå“ID',
  `florist_id` int(11) unsigned NOT NULL COMMENT 'èŠ±è‰ºå¸ˆID',
  `name` varchar(255) NOT NULL,
  `user_id` int(11) unsigned NOT NULL COMMENT 'é‡‡é›†ç”¨æˆ·ID',
  `shop_id` int(11) unsigned NOT NULL COMMENT 'é‡‡é›†å•†é“ºID',
  `intro` text NOT NULL COMMENT 'ç®€ä»‹',
  `create_time` datetime DEFAULT NULL,
  `delete_time` datetime DEFAULT NULL,
  `deleted` bit(1) DEFAULT b'0',
  PRIMARY KEY (`id`)
) ENGINE=InnoDB AUTO_INCREMENT=14 DEFAULT CHARSET=utf8 COMMENT='èŠ±è‰ºä½œå“é‡‡é›†è¡¨';
/*!40101 SET character_set_client = @saved_cs_client */;

--
-- Dumping data for table `pick`
--

LOCK TABLES `pick` WRITE;
/*!40000 ALTER TABLE `pick` DISABLE KEYS */;
INSERT INTO `pick` VALUES (1,4,3,'123213321',42,0,'qwerw','2016-02-01 18:24:16',NULL,'\0'),(2,3,0,'333333',39,45,'sdsdffsd','2016-02-01 19:13:54',NULL,'\0'),(3,5,5,'我是测试拘束',38,43,'服务器过去','2016-02-02 09:40:38',NULL,'\0'),(4,5,5,'我是测试拘束',39,45,'','2016-02-02 09:50:26',NULL,'\0'),(5,6,4,'asdffsa',39,45,' test pick','2016-02-04 09:51:53',NULL,'\0'),(6,4,3,'123213321',38,43,'jkhkjk','2016-02-16 09:28:43',NULL,'\0'),(7,8,6,'114',38,43,'441\n','2016-02-17 14:46:25',NULL,'\0'),(8,6,4,'asdffsa',38,43,'dsfafs','2016-02-17 15:20:26',NULL,'\0'),(9,10,7,'爱你到永远玫瑰',46,0,'后期要用起来','2016-02-23 11:47:16',NULL,'\0'),(10,10,7,'爱你到永远玫瑰',39,45,'test beizhu','2016-02-25 16:41:04',NULL,'\0'),(11,4,3,'123213321',50,0,'11111','2016-03-01 09:38:15',NULL,'\0'),(12,6,4,'asdffsa',50,46,'111111111','2016-03-07 15:47:39',NULL,'\0'),(13,10,7,'爱你到永远玫瑰',50,46,'222222','2016-03-07 15:48:32',NULL,'\0');
/*!40000 ALTER TABLE `pick` ENABLE KEYS */;
UNLOCK TABLES;

--
-- Table structure for table `provider`
--

DROP TABLE IF EXISTS `provider`;
/*!40101 SET @saved_cs_client     = @@character_set_client */;
/*!40101 SET character_set_client = utf8 */;
CREATE TABLE `provider` (
  `id` int(11) unsigned NOT NULL AUTO_INCREMENT,
  `name` varchar(50) NOT NULL,
  `gender` bit(1) DEFAULT NULL,
  `telephones` varchar(300) DEFAULT NULL COMMENT 'json [{"key":"12","value":"18792945698","flag":true}]',
  `mobilephones` varchar(300) DEFAULT NULL COMMENT 'json [{"key":"12","value":"18792945698","flag":true}]',
  `main_industry` tinyint(4) NOT NULL,
  `main_product` text,
  `business_model` int(11) NOT NULL,
  `company_name` varchar(50) NOT NULL,
  `icrn` varchar(50) NOT NULL COMMENT '工商注册号',
  `province_id` int(11) unsigned NOT NULL,
  `city_id` int(11) unsigned NOT NULL,
  `area_id` int(11) unsigned NOT NULL,
  `address` varchar(100) NOT NULL,
  `job` varchar(50) NOT NULL COMMENT '公司职位',
  `profile` text NOT NULL COMMENT '公司简介',
  `image_ids` varchar(50) DEFAULT NULL,
  `company_public_time` varchar(45) DEFAULT NULL,
  `registered_capital` float DEFAULT NULL COMMENT '注册资本',
  `registered_address` varchar(100) DEFAULT NULL COMMENT '注册地',
  `corporation` varchar(20) DEFAULT NULL COMMENT '法人代表',
  `bank_of_deposit` varchar(50) DEFAULT NULL,
  `card_holder` varchar(50) DEFAULT NULL COMMENT '持卡人姓名',
  `card_number` varchar(20) DEFAULT NULL COMMENT '卡号',
  `alipay_account` varchar(50) DEFAULT NULL COMMENT '支付宝帐号',
  `deleted` bit(1) DEFAULT b'0',
  `alipay_name` varchar(20) DEFAULT NULL COMMENT 'æ”¯ä»˜å®æ ¡éªŒå§“å',
  PRIMARY KEY (`id`)
) ENGINE=InnoDB AUTO_INCREMENT=12 DEFAULT CHARSET=utf8;
/*!40101 SET character_set_client = @saved_cs_client */;

--
-- Dumping data for table `provider`
--

LOCK TABLES `provider` WRITE;
/*!40000 ALTER TABLE `provider` DISABLE KEYS */;
INSERT INTO `provider` VALUES (7,'jake','\0','[{\"key\":\"哥哥\",\"value\":\"02160610289\",\"flag\":false},{\"key\":\"姐姐\",\"value\":\"02987990982\",\"flag\":false}]','[{\"key\":\"哥哥\",\"value\":\"18616910098\",\"flag\":false},{\"key\":\"哥哥\",\"value\":\"18616910037\",\"flag\":true},{\"key\":\"的\",\"value\":\"18616910037\",\"flag\":false}]',0,'        鲜切花，防生化,ceshi.qegqgeqgqg',1,'独一无二','4141415151353',2,4,7,'我是测试数据qwqq','CEO','<p>我是测试数据我是测试数据我是测试数据我是测试数据我是测试数据</p>','410','2016-01-21 00:00:00',11111,'我是测试数据','我是测试数据','广发银行股份有限公司','哥哥','6258081350214843','123@123.com','\0','gewgew'),(8,'Kiro','','[]','[{\"key\":\"李浩\",\"value\":\"18209185800\",\"flag\":true}]',0,'我需要的仅仅只是一小块和平宁静的栖处。',0,'宁静的栖处。','1111111112222',2,4,8,'雁塔区ddd','2','<p class=\"p1\"><span class=\"s1\">我需要的仅仅只是一小块和平宁静的栖处。</span></p><p class=\"p1\"><span class=\"s1\">我需要的仅仅只是一小块和平宁静的栖处。</span></p><p class=\"p1\"><span class=\"s1\">我需要的仅仅只是一小块和平宁静的栖处。</span></p><p><br/></p>','433','2016-01-22 00:00:00',222,'','Kiroli','','','','zhifubao@qq.com','\0','kiroli'),(9,'fdg12','\0','[{\"key\":\"jake\",\"value\":\"18616910098\",\"flag\":false}]','[{\"key\":\"小明\",\"value\":\"18792943434\",\"flag\":true},{\"key\":\"jake\",\"value\":\"18616910098\",\"flag\":true}]',3,'     主营产品也要想一会。 ',1,'136测试供货商','',2,5,10,'详细的地址就是这样','','<p><span style=\"white-space: normal;\">24324243234324342</span></p>','544','2016-02-24 00:00:00',0,'','小明aa','农业银行','harbor','622848784589563','123@123.com11','','我是中文'),(10,'harbor4','\0','[{\"key\":\"王小明\",\"value\":\"18979291454\",\"flag\":false}]','[{\"key\":\"小亮\",\"value\":\"18792943434\",\"flag\":true}]',0,'   玫瑰, 康乃馨,水仙 ',0,'136Provider','',2,4,8,'阿萨德立刻就离开','','<p><img src=\"http://121.41.22.252:8080/file/download?view.id=562\" _src=\"http://121.41.22.252:8080/file/download?view.id=562\"/>asdffasasasdffffffffffff</p>','','2016-02-03 00:00:00',0,'','harbor','','','','alkdjl','\0','harbor'),(11,'1111','\0','[]','[{\"key\":\"111\",\"value\":\"18700186031\",\"flag\":true}]',3,'   111111111111',0,'121111','',2,4,8,'111111111111111111','','<p>1111111111111111</p>','','2016-03-01 00:00:00',0,'111111','1111','','','','11111','\0','lucky');
/*!40000 ALTER TABLE `provider` ENABLE KEYS */;
UNLOCK TABLES;

--
-- Table structure for table `provider_goods`
--

DROP TABLE IF EXISTS `provider_goods`;
/*!40101 SET @saved_cs_client     = @@character_set_client */;
/*!40101 SET character_set_client = utf8 */;
CREATE TABLE `provider_goods` (
  `id` int(11) unsigned NOT NULL AUTO_INCREMENT,
  `name` varchar(255) COLLATE utf8_bin DEFAULT NULL,
  `unit` varchar(10) COLLATE utf8_bin DEFAULT NULL,
  `quotation_method` bit(1) DEFAULT NULL,
  `quotation_standard` varchar(500) COLLATE utf8_bin DEFAULT NULL,
  `quotation_quantity` varchar(500) COLLATE utf8_bin DEFAULT NULL,
  `provider_id` int(11) DEFAULT NULL,
  `user_id` int(11) DEFAULT NULL,
  `provider_goods_category_id` int(11) DEFAULT NULL,
  `custom_property` mediumtext COLLATE utf8_bin,
  `create_time` datetime DEFAULT NULL,
  `marketable` bit(1) DEFAULT b'0',
  `intro` mediumtext COLLATE utf8_bin,
  `image_ids` varchar(255) COLLATE utf8_bin DEFAULT NULL,
  `deleted` bit(1) DEFAULT b'0',
  `sales` int(11) DEFAULT '0' COMMENT '当前产品销量',
  `provider_category_id` int(11) DEFAULT NULL,
  `sync_tag` bit(1) DEFAULT b'0' COMMENT '此字段专门用于把数据库数据同步到elasticsearch',
  PRIMARY KEY (`id`)
) ENGINE=InnoDB AUTO_INCREMENT=76 DEFAULT CHARSET=utf8 COLLATE=utf8_bin;
/*!40101 SET character_set_client = @saved_cs_client */;

--
-- Dumping data for table `provider_goods`
--

LOCK TABLES `provider_goods` WRITE;
/*!40000 ALTER TABLE `provider_goods` DISABLE KEYS */;
INSERT INTO `provider_goods` VALUES (66,'SHINKY手环123','扎','\0','','{\"dimension\":[{\"name\":\"铂金\",\"quantity\":\"20000\",\"itemNo\":\"\"}],\"scheme\":[{\"quantity\":\"1000\",\"price\":\"5.50\"},{\"quantity\":\"2000\",\"price\":\"5.40\"},{\"quantity\":\"3000\",\"price\":\"5.00\"}]}',8,35,22,'{\"option\":[{\"name\":\"使用场景\",\"type\":\"2\",\"options\":\"结婚,看望,探病\"}],\"optionProperty\":[{\"使用场景\":\"结婚,看望\"}],\"customProperty\":[]}','2016-01-22 11:46:56','\0','<p style=\"text-align: center;\"><img src=\"/file/download?view.id=435\" _src=\"/file/download?view.id=435\" style=\"width: 410px; height: 390px;\"/>\n			</p><p style=\"text-align: center;\">超级棒的环环</p>','434','\0',0,23,'\0'),(67,'供货花','捆','\0','','{\"dimension\":[{\"name\":\"阿达\",\"quantity\":\"100\",\"itemNo\":\"\"}],\"scheme\":[{\"quantity\":\"1\",\"price\":\"0.02\"},{\"quantity\":\"2\",\"price\":\"0.01\"}]}',9,39,22,'{\"option\":[{\"name\":\"使用场景\",\"type\":\"2\",\"options\":\"结婚,看望,探病\"}],\"optionProperty\":[{\"使用场景\":\"结婚,探病\"}],\"customProperty\":[{\"自定义的参数\":\"自定义的\"}]}','2016-01-22 11:54:57','\0','','436,437','\0',0,NULL,'\0'),(68,'你好nihao','袋','\0','','{\"dimension\":[{\"name\":\"我是汉子\",\"quantity\":\"1\",\"itemNo\":\"\"}],\"scheme\":[{\"quantity\":\"100000000\",\"price\":\"7.00\"},{\"quantity\":\"100000000\",\"price\":\"6.00\"}]}',8,35,22,'{\"option\":[{\"name\":\"使用场景\",\"type\":\"2\",\"options\":\"结婚,看望,探病\"}],\"optionProperty\":[{\"使用场景\":\"结婚,看望\"}],\"customProperty\":[]}','2016-01-22 17:03:18','\0','','462','\0',0,23,'\0'),(69,'我是测试数据11','袋','\0','','{\"dimension\":[{\"name\":\"我我我我我我\",\"quantity\":\"1000\",\"itemNo\":\"\"},{\"name\":\"红色\",\"quantity\":\"100\",\"itemNo\":\"\"}],\"scheme\":[{\"quantity\":\"1\",\"price\":\"1.20\"},{\"quantity\":\"3\",\"price\":\"1.00\"},{\"quantity\":\"6\",\"price\":\"0.01\"}]}',7,38,22,'{\"option\":[{\"name\":\"使用场景\",\"type\":\"2\",\"options\":\"结婚,看望,探病\"}],\"optionProperty\":[{\"使用场景\":\"看望\"}],\"customProperty\":[{\"品种\":\"玫瑰\"}]}','2016-01-22 17:03:54','\0','<p>俄刚果广告曲</p><p><img src=\"http://121.41.22.252:8080/file/download?view.id=566\" _src=\"http://121.41.22.252:8080/file/download?view.id=566\"/></p><p>\n			</p>','461','\0',0,24,'\0'),(70,'THE BEAST234','袋','\0','','{\"dimension\":[{\"name\":\"1\",\"quantity\":\"2\",\"itemNo\":\"\"}],\"scheme\":[{\"quantity\":\"2\",\"price\":\"2.00\"}]}',8,35,22,'{\"option\":[{\"name\":\"使用场景\",\"type\":\"2\",\"options\":\"结婚,看望,探病\"}],\"optionProperty\":[{\"使用场景\":\"看望\"}],\"customProperty\":[]}','2016-02-26 16:36:08','\0','<p><img src=\"http://121.41.22.252:8080/file/download?view.id=575\" _src=\"http://121.41.22.252:8080/file/download?view.id=575\"/><img src=\"https://pic3.zhimg.com/f030b9281d94edbdbe57009a94ffab12_m.jpg\" _src=\"https://pic3.zhimg.com/f030b9281d94edbdbe57009a94ffab12_m.jpg\"/>\n			</p>','574','\0',0,23,'\0'),(71,'kiro','袋','\0','','{\"dimension\":[{\"name\":\"ff\",\"quantity\":\"12\",\"itemNo\":\"\"}],\"scheme\":[{\"quantity\":\"1\",\"price\":\"1.00\"}]}',7,38,22,'{\"option\":[{\"name\":\"使用场景\",\"type\":\"2\",\"options\":\"结婚,看望,探病\"}],\"optionProperty\":[{\"使用场景\":\"看望\"}],\"customProperty\":[]}','2016-02-26 18:10:04','\0','','582','\0',0,24,'\0'),(72,'阮杰看43322','袋','\0','','{\"dimension\":[{\"name\":\"2\",\"quantity\":\"2\",\"itemNo\":\"\"}],\"scheme\":[{\"quantity\":\"2\",\"price\":\"2.00\"}]}',8,35,22,'{\"option\":[{\"name\":\"使用场景\",\"type\":\"2\",\"options\":\"结婚,看望,探病\"}],\"optionProperty\":[{\"使用场景\":\"结婚\"}],\"customProperty\":[]}','2016-02-26 18:24:33','\0','<p>222</p><p>\n			</p>','584','\0',0,0,'\0'),(73,'test','袋','\0','','{\"dimension\":[{\"name\":\"阿斯达\",\"quantity\":\"12\",\"itemNo\":\"2\"}],\"scheme\":[{\"quantity\":\"1\",\"price\":\"1.00\"}]}',10,39,22,'{\"option\":[{\"name\":\"使用场景\",\"type\":\"2\",\"options\":\"结婚,看望,探病\"}],\"optionProperty\":[{\"使用场景\":\"看望\"}],\"customProperty\":[]}','2016-02-26 18:31:50','','','586','\0',0,0,'\0'),(74,'ptob','捆','\0','','{\"dimension\":[{\"name\":\"qwq\",\"quantity\":\"112\",\"itemNo\":\"\"}],\"scheme\":[{\"quantity\":\"1\",\"price\":\"1.00\"}]}',10,39,22,'{\"option\":[{\"name\":\"使用场景\",\"type\":\"2\",\"options\":\"结婚,看望,探病\"}],\"optionProperty\":[{\"使用场景\":\"看望\"}],\"customProperty\":[]}','2016-02-26 19:43:13','\0','','587','\0',0,0,'\0'),(75,'11','袋','\0','','{\"dimension\":[{\"name\":\"红色\",\"quantity\":\"10\",\"itemNo\":\"\"}],\"scheme\":[{\"quantity\":\"10\",\"price\":\"20.00\"}]}',11,50,22,'{\"option\":[{\"name\":\"使用场景\",\"type\":\"2\",\"options\":\"结婚,看望,探病\"}],\"optionProperty\":[{\"使用场景\":\"结婚\"}],\"customProperty\":[]}','2016-03-07 14:25:36','\0','11111111111111<p>\n			</p>','718,719,720','\0',0,27,'\0');
/*!40000 ALTER TABLE `provider_goods` ENABLE KEYS */;
UNLOCK TABLES;

--
-- Table structure for table `provider_goods_category`
--

DROP TABLE IF EXISTS `provider_goods_category`;
/*!40101 SET @saved_cs_client     = @@character_set_client */;
/*!40101 SET character_set_client = utf8 */;
CREATE TABLE `provider_goods_category` (
  `id` int(11) unsigned NOT NULL AUTO_INCREMENT,
  `name` varchar(100) DEFAULT NULL,
  `parameters` text,
  `deleted` bit(1) DEFAULT b'0',
  `units` varchar(255) DEFAULT NULL,
  `dimension` varchar(100) DEFAULT NULL,
  PRIMARY KEY (`id`)
) ENGINE=InnoDB AUTO_INCREMENT=31 DEFAULT CHARSET=utf8;
/*!40101 SET character_set_client = @saved_cs_client */;

--
-- Dumping data for table `provider_goods_category`
--

LOCK TABLES `provider_goods_category` WRITE;
/*!40000 ALTER TABLE `provider_goods_category` DISABLE KEYS */;
INSERT INTO `provider_goods_category` VALUES (22,'鲜花','[{\"name\":\"使用场景\",\"type\":\"2\",\"options\":\"结婚,看望,探病\"}]','\0','袋,箱,捆,扎','颜色'),(23,'test1','','\0','',''),(24,'gg','','\0','',''),(25,'绿植','[{\"name\":\"11\",\"type\":\"0\",\"options\":\"\"}]','\0','2','111'),(26,'绿植','','\0','',''),(27,'鲜花','','\0','',''),(28,'111111111111','','','',''),(29,'1110干活 =-=-、','','','',''),(30,'111','','\0','','');
/*!40000 ALTER TABLE `provider_goods_category` ENABLE KEYS */;
UNLOCK TABLES;

--
-- Table structure for table `province`
--

DROP TABLE IF EXISTS `province`;
/*!40101 SET @saved_cs_client     = @@character_set_client */;
/*!40101 SET character_set_client = utf8 */;
CREATE TABLE `province` (
  `id` int(11) unsigned NOT NULL AUTO_INCREMENT,
  `name` varchar(20) NOT NULL,
  `deleted` bit(1) DEFAULT b'0',
  PRIMARY KEY (`id`)
) ENGINE=InnoDB AUTO_INCREMENT=5 DEFAULT CHARSET=utf8;
/*!40101 SET character_set_client = @saved_cs_client */;

--
-- Dumping data for table `province`
--

LOCK TABLES `province` WRITE;
/*!40000 ALTER TABLE `province` DISABLE KEYS */;
INSERT INTO `province` VALUES (2,'陕西省','\0'),(3,'四川省','\0'),(4,'北京省','\0');
/*!40000 ALTER TABLE `province` ENABLE KEYS */;
UNLOCK TABLES;

--
-- Table structure for table `purchase`
--

DROP TABLE IF EXISTS `purchase`;
/*!40101 SET @saved_cs_client     = @@character_set_client */;
/*!40101 SET character_set_client = utf8 */;
CREATE TABLE `purchase` (
  `id` int(11) unsigned NOT NULL AUTO_INCREMENT,
  `user_id` int(11) unsigned NOT NULL,
  `title` varchar(50) NOT NULL,
  `province_id` int(11) unsigned NOT NULL,
  `city_id` int(11) unsigned NOT NULL,
  `area_id` int(11) unsigned NOT NULL,
  `address` varchar(50) NOT NULL,
  `end_date` datetime NOT NULL,
  `expect_get_date` datetime NOT NULL,
  `tax` bit(1) DEFAULT b'0',
  `trading_methods` varchar(50) NOT NULL,
  `invoice_requirement` int(11) unsigned NOT NULL COMMENT '发票要求',
  `detail` text,
  `is_public` bit(1) DEFAULT b'1',
  `telephone` varchar(12) DEFAULT NULL,
  `mobile_phone` varchar(13) DEFAULT NULL,
  `deleted` bit(1) DEFAULT b'0',
  `linkman` varchar(20) DEFAULT NULL,
  PRIMARY KEY (`id`),
  KEY `fk_pu_user_id` (`user_id`),
  CONSTRAINT `fk_pu_user_id` FOREIGN KEY (`user_id`) REFERENCES `user` (`id`)
) ENGINE=InnoDB AUTO_INCREMENT=8 DEFAULT CHARSET=utf8;
/*!40101 SET character_set_client = @saved_cs_client */;

--
-- Dumping data for table `purchase`
--

LOCK TABLES `purchase` WRITE;
/*!40000 ALTER TABLE `purchase` DISABLE KEYS */;
INSERT INTO `purchase` VALUES (1,38,'大量采购玫瑰2',2,4,7,'我是详细地址','2016-03-03 00:00:00','2016-09-06 00:00:00','','支付宝担保交易',1,'<p style=\"text-align: right;\"><img src=\"http://jiupinhua.com/floriationtest/file/download?view.id=408\" _src=\"http://jiupinhua.com/floriationtest/file/download?view.id=408\"/></p><p style=\"text-align: left;\">我是玫瑰，你是谁？</p>','','02987889092','18616810989','\0','哈哈'),(2,39,'采购的测试',2,4,7,'这就是详细的地址。','2016-02-21 00:00:00','2016-01-29 00:00:00','\0','支付宝担保交易',0,'<p>不纯的说明，下雪了</p>','','','18792914455','\0',''),(3,39,'test',2,4,8,'sdaffasdsad','2016-03-24 00:00:00','2016-02-27 00:00:00','\0','支付宝担保交易',0,'<p>sadffsad</p>','','','18792914455','\0',''),(4,38,'测试',2,4,7,'测试地址啊','2016-03-03 00:00:00','2016-09-09 00:00:00','','支付宝担保交易',0,'<p>啊嘎嘎啊啊噶</p>','','','18616810989','\0','jake'),(5,39,'20160226 Purchase',2,5,9,'五一商城128号','2016-03-27 00:00:00','2016-02-29 00:00:00','\0','支付宝担保交易',0,'<p>a&#39;s&#39;d&#39;f</p>','','','18792914455','\0',''),(6,50,'11',2,4,7,'111111111','2016-04-03 00:00:00','2016-03-05 00:00:00','','支付宝担保交易',0,'<p>11111111</p>','','','18700186031','\0','lucky'),(7,50,'11111111111111',2,4,7,'111111111111111','2016-04-06 00:00:00','2016-03-10 00:00:00','\0','支付宝担保交易',1,'<p>1111111111111111</p>','','','18700186031','\0','lucky');
/*!40000 ALTER TABLE `purchase` ENABLE KEYS */;
UNLOCK TABLES;

--
-- Table structure for table `purchase_product`
--

DROP TABLE IF EXISTS `purchase_product`;
/*!40101 SET @saved_cs_client     = @@character_set_client */;
/*!40101 SET character_set_client = utf8 */;
CREATE TABLE `purchase_product` (
  `id` int(11) unsigned NOT NULL AUTO_INCREMENT,
  `purchase_id` int(11) unsigned NOT NULL,
  `name` varchar(50) NOT NULL COMMENT '产地名称',
  `product` int(11) NOT NULL,
  `count` int(11) DEFAULT '0',
  `units` varchar(10) NOT NULL COMMENT '单位',
  `description` text,
  `image_ids` varchar(50) DEFAULT NULL,
  `deleted` bit(1) DEFAULT b'0',
  PRIMARY KEY (`id`),
  KEY `fk_pu_purchase_id` (`purchase_id`),
  CONSTRAINT `fk_pu_purchase_id` FOREIGN KEY (`purchase_id`) REFERENCES `purchase` (`id`)
) ENGINE=InnoDB AUTO_INCREMENT=9 DEFAULT CHARSET=utf8;
/*!40101 SET character_set_client = @saved_cs_client */;

--
-- Dumping data for table `purchase_product`
--

LOCK TABLES `purchase_product` WRITE;
/*!40000 ALTER TABLE `purchase_product` DISABLE KEYS */;
INSERT INTO `purchase_product` VALUES (1,1,'红玫瑰2',3,10,'箱/1000支','长：40CM\n宽：3CM','404','\0'),(2,2,'要啥名称？',1,1,'单位','说啥好呢？','421','\0'),(3,2,'还要名字？！',2,11,'斤','还是不知道说……','428','\0'),(4,3,'sdffsdfsd',0,12,'211','sdaffasdsdfafasd','576','\0'),(5,4,'百合',2,123,'支','新鲜，半开。','540','\0'),(6,5,'活络不',1,12,'KG','胡萝卜,新鲜的','','\0'),(7,6,'11',0,10,'11','1111','694','\0'),(8,7,'111111111111',0,10,'1','1111111111111','714','\0');
/*!40000 ALTER TABLE `purchase_product` ENABLE KEYS */;
UNLOCK TABLES;

--
-- Table structure for table `refund_accounts`
--

DROP TABLE IF EXISTS `refund_accounts`;
/*!40101 SET @saved_cs_client     = @@character_set_client */;
/*!40101 SET character_set_client = utf8 */;
CREATE TABLE `refund_accounts` (
  `id` int(11) unsigned NOT NULL AUTO_INCREMENT COMMENT '表的主键ID',
  `number` varchar(20) DEFAULT NULL COMMENT '退款编号',
  `orders_id` int(11) unsigned NOT NULL COMMENT '订单ID，设置为外键',
  `create_time` datetime DEFAULT NULL COMMENT '创建时间',
  `process_time` datetime DEFAULT NULL COMMENT '处理时间',
  `status` tinyint(2) NOT NULL COMMENT '操作状态，0-未处理，1-处理成功，2-处理失败',
  `deleted` bit(1) DEFAULT b'0' COMMENT '删除状态， 0-未删除，1-删除',
  PRIMARY KEY (`id`),
  KEY `fk_ra_orders_id_idx` (`orders_id`),
  CONSTRAINT `fk_ra_orders_id` FOREIGN KEY (`orders_id`) REFERENCES `orders` (`id`)
) ENGINE=InnoDB AUTO_INCREMENT=2 DEFAULT CHARSET=utf8;
/*!40101 SET character_set_client = @saved_cs_client */;

--
-- Dumping data for table `refund_accounts`
--

LOCK TABLES `refund_accounts` WRITE;
/*!40000 ALTER TABLE `refund_accounts` DISABLE KEYS */;
INSERT INTO `refund_accounts` VALUES (1,NULL,65,'2016-02-01 10:26:58',NULL,0,'\0');
/*!40000 ALTER TABLE `refund_accounts` ENABLE KEYS */;
UNLOCK TABLES;

--
-- Table structure for table `role`
--

DROP TABLE IF EXISTS `role`;
/*!40101 SET @saved_cs_client     = @@character_set_client */;
/*!40101 SET character_set_client = utf8 */;
CREATE TABLE `role` (
  `id` int(11) unsigned NOT NULL AUTO_INCREMENT,
  `name` varchar(100) DEFAULT NULL,
  `permissions` varchar(64) DEFAULT NULL,
  `deleted` tinyint(4) NOT NULL DEFAULT '0',
  `administrator` tinyint(4) DEFAULT '0',
  PRIMARY KEY (`id`)
) ENGINE=InnoDB AUTO_INCREMENT=3 DEFAULT CHARSET=utf8;
/*!40101 SET character_set_client = @saved_cs_client */;

--
-- Dumping data for table `role`
--

LOCK TABLES `role` WRITE;
/*!40000 ALTER TABLE `role` DISABLE KEYS */;
INSERT INTO `role` VALUES (1,'客服','00000000000000000000000000001010',0,1),(2,'客服','00000000000000000000000000001010',1,1);
/*!40000 ALTER TABLE `role` ENABLE KEYS */;
UNLOCK TABLES;

--
-- Table structure for table `schedule`
--

DROP TABLE IF EXISTS `schedule`;
/*!40101 SET @saved_cs_client     = @@character_set_client */;
/*!40101 SET character_set_client = utf8 */;
CREATE TABLE `schedule` (
  `id` int(11) unsigned NOT NULL AUTO_INCREMENT,
  `shop_id` int(11) unsigned NOT NULL COMMENT '商铺id',
  `day` datetime DEFAULT NULL,
  `start_time` varchar(10) DEFAULT NULL,
  `end_time` varchar(10) DEFAULT NULL,
  `amount` int(11) DEFAULT '0',
  `deleted` bit(1) DEFAULT b'0',
  PRIMARY KEY (`id`),
  KEY `fk_ss_shop_id_idx` (`shop_id`),
  CONSTRAINT `fk_ss_shop_id` FOREIGN KEY (`shop_id`) REFERENCES `shop` (`id`) ON UPDATE NO ACTION
) ENGINE=InnoDB AUTO_INCREMENT=29 DEFAULT CHARSET=utf8;
/*!40101 SET character_set_client = @saved_cs_client */;

--
-- Dumping data for table `schedule`
--

LOCK TABLES `schedule` WRITE;
/*!40000 ALTER TABLE `schedule` DISABLE KEYS */;
INSERT INTO `schedule` VALUES (3,43,NULL,'08:00','08:00',9,''),(4,43,NULL,'08:30','11:00',1899,'\0'),(5,43,NULL,'13:00','16:00',1111111,''),(6,43,'2016-01-20 00:00:00','08:00','12:05',98,'\0'),(7,43,'2016-01-20 00:00:00','12:05','15:00',1,'\0'),(8,43,'2016-01-20 00:00:00','15:00','18:00',9,'\0'),(9,43,'2016-01-05 00:00:00','08:00','18:00',12,'\0'),(10,43,'2016-01-22 00:00:00','12:00','17:00',1,'\0'),(11,44,NULL,'08:00','12:00',20,'\0'),(12,44,NULL,'13:00','15:00',20,'\0'),(13,44,'2016-02-14 00:00:00','08:00','18:00',50,'\0'),(14,44,'2016-02-14 00:00:00','18:00','23:00',20,'\0'),(15,43,NULL,'08:00','08:05',1,''),(16,43,'2016-01-05 00:00:00','06:00','08:00',12,'\0'),(17,43,NULL,'12:00','18:00',10000,'\0'),(18,43,'2016-02-25 00:00:00','07:55','12:00',51,'\0'),(19,43,'2016-02-25 00:00:00','12:00','18:00',33,'\0'),(20,46,NULL,'08:00','18:00',20,''),(21,46,NULL,'00:00','00:05',100,''),(22,46,NULL,'08:00','18:00',9999,''),(23,46,NULL,'18:00','19:00',9999,''),(24,46,NULL,'08:00','18:00',200,''),(25,46,'2016-03-08 00:00:00','08:00','18:00',9999,''),(26,46,'2016-03-02 00:00:00','08:00','18:00',110,''),(27,46,'2016-03-01 00:00:00','08:00','18:00',100,''),(28,46,'2016-03-08 00:00:00','06:00','23:55',100,'\0');
/*!40000 ALTER TABLE `schedule` ENABLE KEYS */;
UNLOCK TABLES;

--
-- Table structure for table `schedule_used`
--

DROP TABLE IF EXISTS `schedule_used`;
/*!40101 SET @saved_cs_client     = @@character_set_client */;
/*!40101 SET character_set_client = utf8 */;
CREATE TABLE `schedule_used` (
  `id` int(11) unsigned NOT NULL AUTO_INCREMENT,
  `shop_id` int(11) unsigned NOT NULL COMMENT '商铺id',
  `schedule_id` int(11) unsigned NOT NULL COMMENT '时间段id',
  `day` datetime NOT NULL,
  `used_amount` int(11) DEFAULT '0',
  `deleted` bit(1) DEFAULT b'0',
  PRIMARY KEY (`id`),
  KEY `fk_sus_shop_id_idx` (`shop_id`),
  KEY `fk_suss_schedule_id_idx` (`schedule_id`)
) ENGINE=InnoDB AUTO_INCREMENT=27 DEFAULT CHARSET=utf8;
/*!40101 SET character_set_client = @saved_cs_client */;

--
-- Dumping data for table `schedule_used`
--

LOCK TABLES `schedule_used` WRITE;
/*!40000 ALTER TABLE `schedule_used` DISABLE KEYS */;
INSERT INTO `schedule_used` VALUES (2,43,6,'2016-01-20 00:00:00',0,'\0'),(3,43,4,'2016-01-21 00:00:00',0,'\0'),(4,43,10,'2016-01-22 00:00:00',0,'\0'),(5,43,4,'2016-01-27 00:00:00',0,'\0'),(6,43,4,'2016-02-04 00:00:00',0,'\0'),(7,43,4,'2016-01-28 00:00:00',0,'\0'),(8,43,4,'2016-02-01 00:00:00',0,'\0'),(9,43,17,'2016-02-01 00:00:00',0,'\0'),(10,43,17,'2016-02-23 00:00:00',0,'\0'),(11,43,4,'2016-02-24 00:00:00',0,'\0'),(12,43,4,'2016-02-10 00:00:00',0,'\0'),(13,43,17,'2016-02-18 00:00:00',0,'\0'),(14,43,4,'2016-02-20 00:00:00',1,'\0'),(15,43,17,'2016-02-19 00:00:00',1,'\0'),(16,43,17,'2016-02-24 00:00:00',0,'\0'),(17,43,17,'2016-02-26 00:00:00',0,'\0'),(18,43,4,'2016-03-03 00:00:00',0,'\0'),(19,43,4,'2016-03-23 00:00:00',0,'\0'),(20,43,17,'2016-03-01 00:00:00',1,'\0'),(21,43,4,'2016-03-24 00:00:00',0,'\0'),(22,43,17,'2016-03-02 00:00:00',3,'\0'),(23,46,24,'2016-03-02 00:00:00',1,'\0'),(24,43,17,'2016-03-09 00:00:00',0,'\0'),(25,43,4,'2016-03-04 00:00:00',1,'\0'),(26,46,24,'2016-03-04 00:00:00',2,'\0');
/*!40000 ALTER TABLE `schedule_used` ENABLE KEYS */;
UNLOCK TABLES;

--
-- Table structure for table `shop`
--

DROP TABLE IF EXISTS `shop`;
/*!40101 SET @saved_cs_client     = @@character_set_client */;
/*!40101 SET character_set_client = utf8 */;
CREATE TABLE `shop` (
  `id` int(11) unsigned NOT NULL AUTO_INCREMENT,
  `province_id` int(11) unsigned NOT NULL,
  `city_id` int(11) unsigned NOT NULL,
  `area_id` int(11) unsigned NOT NULL,
  `create_time` datetime DEFAULT NULL,
  `name` varchar(50) NOT NULL,
  `logo_id` int(11) unsigned DEFAULT NULL,
  `enterprise_type` int(11) NOT NULL COMMENT '企业类型',
  `address` varchar(100) DEFAULT NULL,
  `trading_Type` varchar(20) NOT NULL,
  `postage` float NOT NULL,
  `profile` text COMMENT '商家简介',
  `corporation` varchar(20) DEFAULT NULL COMMENT '法人代表',
  `telephones` varchar(300) DEFAULT NULL,
  `mobilephones` varchar(300) DEFAULT NULL,
  `top` datetime DEFAULT NULL,
  `admin_top` datetime DEFAULT NULL,
  `deleted` bit(1) DEFAULT b'0',
  `send_area` varchar(500) NOT NULL,
  `OTHERS` text,
  `invoice_requirement` varchar(20) NOT NULL COMMENT '发票提供情况',
  `bank_of_deposit` varchar(50) DEFAULT NULL,
  `card_holder` varchar(50) DEFAULT NULL COMMENT '持卡人姓名',
  `card_number` varchar(20) DEFAULT NULL COMMENT '卡号',
  `alipay_account` varchar(50) DEFAULT NULL COMMENT '支付宝帐号',
  `alipay_name` varchar(20) DEFAULT NULL COMMENT 'æ”¯ä»˜å®æ ¡éªŒå§“å',
  PRIMARY KEY (`id`)
) ENGINE=InnoDB AUTO_INCREMENT=47 DEFAULT CHARSET=utf8;
/*!40101 SET character_set_client = @saved_cs_client */;

--
-- Dumping data for table `shop`
--

LOCK TABLES `shop` WRITE;
/*!40000 ALTER TABLE `shop` DISABLE KEYS */;
INSERT INTO `shop` VALUES (43,2,4,7,'2016-01-19 10:11:59','测试数',354,4,'我是测试地址','0,1',0,'九子花饰于1999年盛夏坐落于陕西省渭南市，在店主张柏先生的悉心打理下，花费“巨资”邀请XXXX担任本店首席花艺设计师，根据每一个顾客的爱情故事、送花初衷、赠花对象精心设计，\n因此很快吸引一大批忠诚客户人群。随着客户的慢慢增多，店主发现大批懂花、爱花、惜花，热衷于种植一些小盆栽的年轻客户群体，他们每每在花店偶遇都会畅谈许久，为此店主在二楼开设咖啡厅、茶楼定期举办鲜花保养、\n种植、花卉、插花等讲座和活动。赠人玫瑰手留余香，所以店主决定把神奇的大自然赋予人类最美好的五彩缤纷鲜花、绿色植物带给更多懂花，爱花人群。于2016年5月组建了一个开发团队搭建一套接地气的鲜花\n销售商城系统并提供了供应商系统、花艺交流、花伴等功能，促进和提高业界整体花艺水平。','jake阮杰伦?','[{\"key\":\"jake\",\"value\":\"02160610289\",\"flag\":false},{\"key\":\"gag\",\"value\":\"02160610289\",\"flag\":false}]','[{\"key\":\"jakeruan\",\"value\":\"18616910037\",\"flag\":true},{\"key\":\"egs\",\"value\":\"18616910037\",\"flag\":true}]',NULL,NULL,'\0','东至东大街,西至西稍门,南至南窑头,北至北大街,三环以内皆可免费配送,不在以上范围内，每5公里加收10元','{\"legalRepresentResume\":\"<p>我是测试商家</p><hr/><p>我是测试商家<br/></p><p><span><span style=\\\"color: rgb(0, 176, 80);\\\">我是测试商家</span></span></p><ol><li><p style=\\\"text-align: right;\\\"><span style=\\\"color: rgb(0, 176, 80);\\\">我是测试商家</span><br/></p></li><li><p style=\\\"text-align: right;\\\"><span style=\\\"color: rgb(0, 176, 80);\\\"><strong>我是测试商家</strong><br/></span></p></li><li><p style=\\\"text-align: right;\\\"><span style=\\\"color: rgb(0, 176, 80);\\\"><strong>我是测试商家</strong></span></p></li></ol>\",\"floristsResume\":\"<p>我是测试商家</p>\",\"surroundingEnvironment\":\"我是测试商家\",\"businessConcept\":\"我是测试商家\",\"managementField\":\"我是测试商家\"}','1,2','招商银行','ja','6226095711776409','123@123.com','风格抬起头'),(44,2,4,8,'2016-01-20 09:28:26','暗巷点灯 ',377,2,'新城广场22号','0',0,'檐下的灯摇晃着在问\n村外牌坊是谁等轮回声\n是谁用情如此的认真\n夜已深沉渡船头水深\n拱桥月下倒影你的人\n你在异乡如风筝 我系紧了绳\n牵挂我们 牵挂红尘','Kiro','[{\"key\":\"李浩\",\"value\":\"18209185800\",\"flag\":false}]','[{\"key\":\"18209185800\",\"value\":\"18209185800\",\"flag\":true}]',NULL,NULL,'\0','1，2，3，4，5，6','{\"legalRepresentResume\":\"<p class=\\\"p1\\\"><span class=\\\"s1\\\">檐下的灯摇晃着在问</span></p><p class=\\\"p1\\\"><span class=\\\"s1\\\">村外牌坊是谁等轮回声</span></p><p class=\\\"p1\\\"><span class=\\\"s1\\\">是谁用情如此的认真</span></p><p class=\\\"p1\\\"><span class=\\\"s1\\\">夜已深沉渡船头水深</span></p><p class=\\\"p1\\\"><span class=\\\"s1\\\">拱桥月下倒影你的人</span></p><p class=\\\"p1\\\"><span class=\\\"s1\\\">你在异乡如风筝&nbsp;我系紧了绳</span></p><p class=\\\"p2\\\"><span class=\\\"s2\\\">牵挂我们&nbsp;牵挂红尘</span></p><p><br/></p>\",\"floristsResume\":\"<p class=\\\"p1\\\"><span class=\\\"s1\\\">檐下的灯摇晃着在问</span></p><p class=\\\"p1\\\"><span class=\\\"s1\\\">村外牌坊是谁等轮回声</span></p><p class=\\\"p1\\\"><span class=\\\"s1\\\">是谁用情如此的认真</span></p><p class=\\\"p1\\\"><span class=\\\"s1\\\">夜已深沉渡船头水深</span></p><p class=\\\"p1\\\"><span class=\\\"s1\\\">拱桥月下倒影你的人</span></p><p class=\\\"p1\\\"><span class=\\\"s1\\\">你在异乡如风筝&nbsp;我系紧了绳</span></p><p class=\\\"p2\\\"><span class=\\\"s2\\\">牵挂我们&nbsp;牵挂红尘</span></p><p><br/></p>\",\"surroundingEnvironment\":\"谁在等门（我的青春）\\n等谁进门（用你一生）\",\"businessConcept\":\"谁在等门（我的青春）\\n等谁进门（用你一生）\",\"managementField\":\"谁在等门（我的青春）\\n等谁进门（用你一生）\"}','0,1,2','','','','kiro@zhifubao.com','里号'),(45,2,4,8,'2016-01-21 10:25:31','黑灯瞎火',415,0,'','0,1',0,'檐下的灯摇晃着在问 村外牌坊是谁等轮回声 是谁用情如此的认真 夜已深沉渡船头水深 拱桥月下倒影你的人 你在异乡如风筝 我系紧了绳 牵挂我们 牵挂红尘','harbor','[{\"key\":\"小二\",\"value\":\"18979291454\",\"flag\":false}]','[{\"key\":\"小明\",\"value\":\"18233223345\",\"flag\":true}]',NULL,NULL,'\0','dongzhi ,南至,北至','{\"legalRepresentResume\":\"<p><img src=\\\"http://121.41.22.252:8080/file/download?view.id=561\\\" _src=\\\"http://121.41.22.252:8080/file/download?view.id=561\\\"/></p>\",\"floristsResume\":\"<p>dafsfssdffsd</p>\",\"surroundingEnvironment\":\"\",\"businessConcept\":\"\",\"managementField\":\"\"}','0,2','农业银行','alkjfl','622848784589563','alipaya','撒旦法'),(46,2,5,9,'2016-03-01 17:42:39','爱鲜花',703,2,'11122222','0',0,'11111111111111111','lucky11','[]','[{\"key\":\"11111\",\"value\":\"18700186031\",\"flag\":true}]',NULL,NULL,'\0','雁塔区，长安区','{\"legalRepresentResume\":\"<p>哦I今年hi偶我是。。。。。。。</p>\",\"floristsResume\":\"<p><span style=\\\"font-size: 16px;\\\">雒。。。。。。。。</span></p>\",\"surroundingEnvironment\":\"2222\",\"businessConcept\":\"2222\",\"managementField\":\"40\"}','0,1,2','','lucky','111111111111111122','1111111111','lucky');
/*!40000 ALTER TABLE `shop` ENABLE KEYS */;
UNLOCK TABLES;

--
-- Table structure for table `shop_role`
--

DROP TABLE IF EXISTS `shop_role`;
/*!40101 SET @saved_cs_client     = @@character_set_client */;
/*!40101 SET character_set_client = utf8 */;
CREATE TABLE `shop_role` (
  `id` int(11) unsigned NOT NULL AUTO_INCREMENT,
  `shop_id` int(11) unsigned NOT NULL,
  `role_id` int(11) unsigned NOT NULL,
  `deleted` bit(1) DEFAULT b'0',
  PRIMARY KEY (`id`),
  KEY `fk_sr_shop_id_idx` (`shop_id`),
  KEY `fk_sr_role_id_idx` (`role_id`),
  CONSTRAINT `fk_sr_role_id` FOREIGN KEY (`role_id`) REFERENCES `role` (`id`) ON UPDATE NO ACTION,
  CONSTRAINT `fk_sr_shop_id` FOREIGN KEY (`shop_id`) REFERENCES `shop` (`id`) ON UPDATE NO ACTION
) ENGINE=InnoDB DEFAULT CHARSET=utf8;
/*!40101 SET character_set_client = @saved_cs_client */;

--
-- Dumping data for table `shop_role`
--

LOCK TABLES `shop_role` WRITE;
/*!40000 ALTER TABLE `shop_role` DISABLE KEYS */;
/*!40000 ALTER TABLE `shop_role` ENABLE KEYS */;
UNLOCK TABLES;

--
-- Table structure for table `transfer_accounts`
--

DROP TABLE IF EXISTS `transfer_accounts`;
/*!40101 SET @saved_cs_client     = @@character_set_client */;
/*!40101 SET character_set_client = utf8 */;
CREATE TABLE `transfer_accounts` (
  `id` int(11) unsigned NOT NULL AUTO_INCREMENT COMMENT '表的主键ID',
  `user_id` int(11) unsigned NOT NULL COMMENT '用户ID，设置为外键',
  `user_name` varchar(50) NOT NULL COMMENT '用户姓名',
  `user_role` tinyint(2) NOT NULL COMMENT '用户在系统内的角色（同一个用户可能是多个角色），0-基础服务，1-店铺服务，2-供应商，3-花艺师',
  `event_type` tinyint(2) NOT NULL COMMENT '本次操作类型，如－转账，入账，退款，申请提现',
  `money` int(10) unsigned NOT NULL COMMENT '金额，单位元',
  `status` tinyint(2) NOT NULL COMMENT '操作状态，0-已处理，1-未处理，2-失败',
  `content` varchar(200) DEFAULT NULL COMMENT '备注，如，操作失败原因等详情信息',
  `create_time` datetime NOT NULL COMMENT '创建时间',
  `deal_time` datetime DEFAULT NULL COMMENT '处理时间',
  `operator_id` int(11) unsigned DEFAULT NULL COMMENT '操作者ID，一般都是管理员',
  PRIMARY KEY (`id`),
  KEY `user_id` (`user_id`),
  KEY `operator_id` (`operator_id`),
  CONSTRAINT `transfer_accounts_ibfk_1` FOREIGN KEY (`user_id`) REFERENCES `user` (`id`),
  CONSTRAINT `transfer_accounts_ibfk_2` FOREIGN KEY (`operator_id`) REFERENCES `user` (`id`)
) ENGINE=InnoDB DEFAULT CHARSET=utf8;
/*!40101 SET character_set_client = @saved_cs_client */;

--
-- Dumping data for table `transfer_accounts`
--

LOCK TABLES `transfer_accounts` WRITE;
/*!40000 ALTER TABLE `transfer_accounts` DISABLE KEYS */;
/*!40000 ALTER TABLE `transfer_accounts` ENABLE KEYS */;
UNLOCK TABLES;

--
-- Table structure for table `user`
--

DROP TABLE IF EXISTS `user`;
/*!40101 SET @saved_cs_client     = @@character_set_client */;
/*!40101 SET character_set_client = utf8 */;
CREATE TABLE `user` (
  `id` int(11) unsigned NOT NULL AUTO_INCREMENT,
  `login_name` varchar(100) NOT NULL,
  `name` varchar(100) DEFAULT NULL,
  `password` varchar(32) DEFAULT NULL,
  `permissions` varchar(64) DEFAULT NULL,
  `deleted` tinyint(4) NOT NULL DEFAULT '0',
  `register_time` datetime DEFAULT NULL,
  `login_time` datetime DEFAULT NULL,
  `active` tinyint(4) NOT NULL DEFAULT '0',
  `administrator` tinyint(4) DEFAULT '0',
  `avatar_id` int(11) unsigned DEFAULT NULL,
  `gender` tinyint(1) DEFAULT NULL,
  `phone` varchar(50) DEFAULT NULL,
  `birthdate` datetime DEFAULT NULL,
  PRIMARY KEY (`id`)
) ENGINE=InnoDB AUTO_INCREMENT=52 DEFAULT CHARSET=utf8;
/*!40101 SET character_set_client = @saved_cs_client */;

--
-- Dumping data for table `user`
--

LOCK TABLES `user` WRITE;
/*!40000 ALTER TABLE `user` DISABLE KEYS */;
INSERT INTO `user` VALUES (35,'kiroli@qq.com','Kiro','450122f18cb7e802b4e32e59f2b4d6c4','111100001111110000000000000000001111100000000000',0,'2016-01-18 18:08:59','2016-03-01 15:06:04',1,0,411,0,'','2016-01-18 00:00:00'),(37,'admin@admin.com','超管','1bbd886460827015e5d605ed44252251','11110000000000001111111111111110',0,'2016-01-18 18:17:43','2016-03-07 09:03:22',1,1,0,0,'','2016-03-02 00:00:00'),(38,'2502932416@qq.com','jake','c8837b23ff8aaa8a2dde915473ce0991','111100001111110000000000000000001111100000000000',0,'2016-01-18 19:05:33','2016-03-07 13:41:08',1,0,447,1,'18616910037','2016-02-19 00:00:00'),(39,'1365796364@qq.com','harbor','1bbd886460827015e5d605ed44252251','111100001111110000000000000000001111100000000000',0,'2016-01-19 09:35:36','2016-03-04 14:48:39',1,0,497,0,'',NULL),(40,'15609208135',NULL,'1bbd886460827015e5d605ed44252251','1111000000000000',0,'2016-01-19 09:37:52','2016-03-04 10:38:58',1,0,NULL,NULL,NULL,NULL),(41,'82433422@qq.com','jake ','1bbd886460827015e5d605ed44252251','1111000000000000',0,'2016-02-01 14:31:10',NULL,1,0,0,0,'','2016-01-31 00:00:00'),(42,'1957097155@qq.com','harbor3','1bbd886460827015e5d605ed44252251','1111000000000000',0,'2016-02-01 18:21:39',NULL,1,0,NULL,NULL,NULL,NULL),(43,'1148044520@qq.com','harbor2','1bbd886460827015e5d605ed44252251','1111000000000000',0,'2016-02-03 15:30:33','2016-02-16 10:46:46',1,0,514,0,'',NULL),(44,'13262918681','','4297f44b13955235245b2497399d7a93','1111000000000000',0,'2016-02-18 16:21:56','2016-02-18 16:38:44',1,0,0,1,'',NULL),(45,'13909263855',NULL,'1bbd886460827015e5d605ed44252251','1111000000000000',0,'2016-02-19 09:42:01',NULL,1,0,NULL,NULL,NULL,NULL),(46,'18616910037','jake','1bbd886460827015e5d605ed44252251','1111000000000000',0,'2016-02-23 11:37:09',NULL,1,0,538,0,'18616910037','2016-02-23 00:00:00'),(47,'18391005223',NULL,'96e79218965eb72c92a549dd5a330112','1111000000000000',0,'2016-02-24 15:59:53','2016-02-25 17:08:09',1,0,NULL,NULL,NULL,NULL),(48,'13324556562',NULL,'827ccb0eea8a706c4c34a16891f84e7b','1111000000000000',0,'2016-02-25 15:09:34','2016-02-25 15:13:24',1,0,NULL,NULL,NULL,NULL),(49,'123@123.com',NULL,NULL,NULL,0,'2016-02-25 17:48:59',NULL,0,0,NULL,NULL,NULL,NULL),(50,'18700186031','lucky','606b467bad975a8e6c65ba5b12f2cf39','111100001111110000000000000000001111100000000000',0,'2016-02-29 18:37:05','2016-03-07 16:36:48',1,0,615,1,'18700186031','2015-12-30 00:00:00'),(51,'1024337708@qq.com',NULL,'606b467bad975a8e6c65ba5b12f2cf39','1111000000000000',0,'2016-03-02 18:40:29','2016-03-03 11:59:00',1,0,NULL,NULL,NULL,NULL);
/*!40000 ALTER TABLE `user` ENABLE KEYS */;
UNLOCK TABLES;

--
-- Table structure for table `user_role`
--

DROP TABLE IF EXISTS `user_role`;
/*!40101 SET @saved_cs_client     = @@character_set_client */;
/*!40101 SET character_set_client = utf8 */;
CREATE TABLE `user_role` (
  `id` int(11) unsigned NOT NULL AUTO_INCREMENT,
  `user_id` int(11) unsigned NOT NULL,
  `role_id` int(11) unsigned NOT NULL,
  PRIMARY KEY (`id`),
  KEY `fk_ur_user_id_idx` (`user_id`),
  KEY `fk_ur_role_id_idx` (`role_id`),
  CONSTRAINT `fk_ur_role_id` FOREIGN KEY (`role_id`) REFERENCES `role` (`id`) ON UPDATE NO ACTION,
  CONSTRAINT `fk_ur_user_id` FOREIGN KEY (`user_id`) REFERENCES `user` (`id`) ON UPDATE NO ACTION
) ENGINE=InnoDB DEFAULT CHARSET=utf8;
/*!40101 SET character_set_client = @saved_cs_client */;

--
-- Dumping data for table `user_role`
--

LOCK TABLES `user_role` WRITE;
/*!40000 ALTER TABLE `user_role` DISABLE KEYS */;
/*!40000 ALTER TABLE `user_role` ENABLE KEYS */;
UNLOCK TABLES;

--
-- Table structure for table `user_server`
--

DROP TABLE IF EXISTS `user_server`;
/*!40101 SET @saved_cs_client     = @@character_set_client */;
/*!40101 SET character_set_client = utf8 */;
CREATE TABLE `user_server` (
  `id` int(11) unsigned NOT NULL AUTO_INCREMENT,
  `user_id` int(11) unsigned NOT NULL,
  `server_type` tinyint(2) NOT NULL,
  `status` tinyint(4) DEFAULT '0',
  `message` varchar(200) DEFAULT NULL,
  `material` varchar(255) DEFAULT NULL,
  `create_time` datetime DEFAULT NULL,
  `process_time` datetime DEFAULT NULL,
  `deleted` tinyint(4) NOT NULL DEFAULT '0',
  `server_id` int(11) unsigned DEFAULT '0',
  PRIMARY KEY (`id`),
  KEY `fk_us_user_id_idx` (`user_id`),
  CONSTRAINT `fk_us_user_id` FOREIGN KEY (`user_id`) REFERENCES `user` (`id`) ON UPDATE NO ACTION
) ENGINE=InnoDB AUTO_INCREMENT=74 DEFAULT CHARSET=utf8;
/*!40101 SET character_set_client = @saved_cs_client */;

--
-- Dumping data for table `user_server`
--

LOCK TABLES `user_server` WRITE;
/*!40000 ALTER TABLE `user_server` DISABLE KEYS */;
INSERT INTO `user_server` VALUES (32,35,0,2,NULL,NULL,'2016-01-18 18:10:35',NULL,0,0),(33,37,0,2,NULL,NULL,'2016-01-18 18:18:02',NULL,0,0),(34,38,0,2,NULL,NULL,'2016-01-18 19:06:44',NULL,0,0),(35,38,1,2,NULL,'{businessLicenceId:342,cardPositiveId:343,cardNegativeId:344,others:[]}','2016-01-18 19:07:45','2016-01-19 10:11:59',0,43),(36,38,2,2,NULL,'{businessLicenceId:346,cardPositiveId:347,cardNegativeId:348,others:[]}','2016-01-18 19:08:17','2016-01-21 17:10:57',0,7),(37,39,0,2,NULL,NULL,'2016-01-19 09:36:08',NULL,0,0),(38,40,0,2,NULL,NULL,'2016-01-19 09:38:21',NULL,0,0),(39,35,1,2,NULL,'{businessLicenceId:372,cardPositiveId:373,cardNegativeId:374,others:[375,376]}','2016-01-20 09:24:06','2016-01-20 09:28:26',0,44),(40,39,1,2,NULL,'{businessLicenceId:397,cardPositiveId:398,cardNegativeId:399,others:[]}','2016-01-21 10:14:06','2016-01-21 10:25:31',0,45),(41,39,2,2,NULL,'{businessLicenceId:400,cardPositiveId:401,cardNegativeId:402,others:[]}','2016-01-21 10:14:35','2016-01-22 11:47:27',1,9),(42,35,2,2,NULL,'{businessLicenceId:417,cardPositiveId:418,cardNegativeId:419,others:[420]}','2016-01-22 11:23:40','2016-01-22 11:43:42',0,8),(43,41,0,2,NULL,NULL,'2016-02-01 14:31:57',NULL,0,0),(44,41,3,2,NULL,NULL,'2016-02-01 14:31:57',NULL,0,0),(45,42,0,2,NULL,NULL,'2016-02-01 18:23:00',NULL,0,0),(46,42,3,2,NULL,NULL,'2016-02-01 18:23:00','2016-02-01 18:23:14',0,3),(47,35,3,2,NULL,NULL,NULL,NULL,0,0),(48,37,3,2,NULL,NULL,NULL,'2016-02-25 17:48:37',0,8),(49,38,3,2,NULL,NULL,NULL,'2016-02-02 09:32:41',0,5),(50,39,3,2,NULL,NULL,NULL,'2016-02-01 19:10:39',0,4),(51,40,3,2,NULL,NULL,NULL,NULL,0,0),(54,43,0,2,NULL,NULL,'2016-02-03 15:32:38',NULL,0,0),(55,43,3,2,NULL,NULL,'2016-02-03 15:32:38','2016-02-16 10:47:02',0,6),(56,44,0,2,NULL,NULL,'2016-02-18 16:22:34',NULL,0,0),(57,44,3,2,NULL,NULL,'2016-02-18 16:22:34',NULL,0,0),(58,45,0,2,NULL,NULL,'2016-02-19 09:42:45',NULL,0,0),(59,45,3,2,NULL,NULL,'2016-02-19 09:42:45',NULL,0,0),(60,46,0,2,NULL,NULL,'2016-02-23 11:37:45',NULL,0,0),(61,46,3,2,NULL,NULL,'2016-02-23 11:37:45','2016-02-23 11:42:09',0,7),(62,47,0,2,NULL,NULL,'2016-02-24 16:02:52',NULL,0,0),(63,47,3,2,NULL,NULL,'2016-02-24 16:02:52',NULL,0,0),(64,48,0,2,NULL,NULL,'2016-02-25 15:10:27',NULL,0,0),(65,48,3,2,NULL,NULL,'2016-02-25 15:10:27',NULL,0,0),(66,39,2,2,NULL,'{businessLicenceId:547,cardPositiveId:548,cardNegativeId:549,others:[]}','2016-02-25 16:42:54','2016-02-25 16:46:38',0,10),(67,49,3,2,NULL,NULL,NULL,NULL,0,0),(68,50,0,2,NULL,NULL,'2016-02-29 18:37:54',NULL,0,0),(69,50,3,2,NULL,NULL,'2016-02-29 18:37:54','2016-02-29 18:57:26',0,9),(70,50,2,2,NULL,'{businessLicenceId:590,cardPositiveId:591,cardNegativeId:592,others:[]}','2016-03-01 09:12:58','2016-03-02 11:55:09',0,11),(71,50,1,2,NULL,'{businessLicenceId:596,cardPositiveId:597,cardNegativeId:598,others:[599]}','2016-03-01 17:24:14','2016-03-01 17:42:39',0,46),(72,51,0,2,NULL,NULL,'2016-03-02 18:40:51',NULL,0,0),(73,51,3,2,NULL,NULL,'2016-03-02 18:40:51',NULL,0,0);
/*!40000 ALTER TABLE `user_server` ENABLE KEYS */;
UNLOCK TABLES;

--
-- Table structure for table `user_verify_code`
--

DROP TABLE IF EXISTS `user_verify_code`;
/*!40101 SET @saved_cs_client     = @@character_set_client */;
/*!40101 SET character_set_client = utf8 */;
CREATE TABLE `user_verify_code` (
  `id` int(11) unsigned NOT NULL AUTO_INCREMENT,
  `user_id` int(11) unsigned NOT NULL,
  `verify_code` varchar(10) DEFAULT NULL,
  `create_time` datetime DEFAULT NULL,
  `deleted` bit(1) DEFAULT b'0',
  PRIMARY KEY (`id`),
  KEY `fk_uvc_user_id_idx` (`user_id`),
  CONSTRAINT `fk_uvc_user_id` FOREIGN KEY (`user_id`) REFERENCES `user` (`id`) ON DELETE CASCADE ON UPDATE NO ACTION
) ENGINE=InnoDB AUTO_INCREMENT=36 DEFAULT CHARSET=utf8;
/*!40101 SET character_set_client = @saved_cs_client */;

--
-- Dumping data for table `user_verify_code`
--

LOCK TABLES `user_verify_code` WRITE;
/*!40000 ALTER TABLE `user_verify_code` DISABLE KEYS */;
INSERT INTO `user_verify_code` VALUES (20,35,'9748','2016-01-18 18:08:59','\0'),(21,37,'2019','2016-01-18 18:17:43','\0'),(22,38,'1701','2016-03-04 16:49:20','\0'),(23,39,'7059','2016-01-19 09:35:36','\0'),(24,40,'9451','2016-01-19 09:37:52','\0'),(25,41,'4377','2016-02-01 14:31:10','\0'),(26,42,'7151','2016-02-01 18:21:39','\0'),(27,43,'4712','2016-02-03 15:30:33','\0'),(28,44,'6761','2016-02-18 16:21:56','\0'),(29,45,'6316','2016-02-19 09:42:01','\0'),(30,46,'7926','2016-02-23 11:37:09','\0'),(31,47,'9678','2016-02-24 16:07:19','\0'),(32,48,'7428','2016-02-25 15:09:34','\0'),(33,49,'3394','2016-02-25 17:48:59','\0'),(34,50,'9709','2016-03-02 18:38:08','\0'),(35,51,'9492','2016-03-02 18:48:45','\0');
/*!40000 ALTER TABLE `user_verify_code` ENABLE KEYS */;
UNLOCK TABLES;
/*!40103 SET TIME_ZONE=@OLD_TIME_ZONE */;

/*!40101 SET SQL_MODE=@OLD_SQL_MODE */;
/*!40014 SET FOREIGN_KEY_CHECKS=@OLD_FOREIGN_KEY_CHECKS */;
/*!40014 SET UNIQUE_CHECKS=@OLD_UNIQUE_CHECKS */;
/*!40101 SET CHARACTER_SET_CLIENT=@OLD_CHARACTER_SET_CLIENT */;
/*!40101 SET CHARACTER_SET_RESULTS=@OLD_CHARACTER_SET_RESULTS */;
/*!40101 SET COLLATION_CONNECTION=@OLD_COLLATION_CONNECTION */;
/*!40111 SET SQL_NOTES=@OLD_SQL_NOTES */;

-- Dump completed on 2016-03-07 17:09:50
